2026-09-10 11:59:30 | INFO    | PipelineLogger.write | PIPELINE EXECUTE | project_id=wcffinanceiro | environment_id=production | version='10.4.8' | revision=0 | publication_mode='network'
2026-09-10 11:59:30 | INFO    | PipelineLogger.write | PIPELINE USE CASE | project_id=wcffinanceiro | environment_id=production | version='10.4.8' | revision=0 | publication_mode='network'
2026-09-10 11:59:32 | INFO    | PipelineLogger.write | ================================================================================
2026-09-10 11:59:33 | INFO    | PipelineLogger.write | PIPELINE RUNNER - INICIO
2026-09-10 11:59:33 | INFO    | PipelineLogger.write | ================================================================================
2026-09-10 11:59:33 | INFO    | PipelineLogger.write | Arquivo........: C:\Custom\ourobuild\app\pipeline\runner\pipeline_runner.py
2026-09-10 11:59:33 | INFO    | PipelineLogger.write | Pipeline.......: Build Pipeline
2026-09-10 11:59:33 | INFO    | PipelineLogger.write | Quantidade Steps: 4
2026-09-10 11:59:33 | INFO    | PipelineLogger.write | ================================================================================
2026-09-10 11:59:33 | INFO    | PipelineLogger.write | 
2026-09-10 11:59:33 | INFO    | PipelineLogger.write | ================================================================================
2026-09-10 11:59:33 | INFO    | PipelineLogger.write | EXECUTANDO STEP: Restore
2026-09-10 11:59:33 | INFO    | PipelineLogger.write | STEP CLASS.....: RestoreStep
2026-09-10 11:59:33 | INFO    | PipelineLogger.write | ================================================================================
2026-09-10 11:59:37 | INFO    | PipelineLogger.write | 
2026-09-10 11:59:37 | INFO    | PipelineLogger.write | ================================================================================
2026-09-10 11:59:37 | INFO    | PipelineLogger.write | PIPELINE RUNNER - STEP RESULT
2026-09-10 11:59:38 | INFO    | PipelineLogger.write | ================================================================================
2026-09-10 11:59:38 | INFO    | PipelineLogger.write | Step............: Restore
2026-09-10 11:59:39 | INFO    | PipelineLogger.write | Status..........: StepStatus.SUCCESS
2026-09-10 11:59:39 | INFO    | PipelineLogger.write | Analysis........: <class 'NoneType'>
2026-09-10 11:59:39 | INFO    | PipelineLogger.write | 
2026-09-10 11:59:39 | INFO    | PipelineLogger.write | ================================================================================
2026-09-10 11:59:39 | INFO    | PipelineLogger.write | EXECUTANDO STEP: Clean
2026-09-10 11:59:39 | INFO    | PipelineLogger.write | STEP CLASS.....: CleanStep
2026-09-10 11:59:39 | INFO    | PipelineLogger.write | ================================================================================
2026-09-10 11:59:44 | INFO    | PipelineLogger.write | 
2026-09-10 11:59:44 | INFO    | PipelineLogger.write | ================================================================================
2026-09-10 11:59:44 | INFO    | PipelineLogger.write | PIPELINE RUNNER - STEP RESULT
2026-09-10 11:59:44 | INFO    | PipelineLogger.write | ================================================================================
2026-09-10 11:59:44 | INFO    | PipelineLogger.write | Step............: Clean
2026-09-10 11:59:44 | INFO    | PipelineLogger.write | Status..........: StepStatus.SUCCESS
2026-09-10 11:59:44 | INFO    | PipelineLogger.write | Analysis........: <class 'NoneType'>
2026-09-10 11:59:45 | INFO    | PipelineLogger.write | 
2026-09-10 11:59:45 | INFO    | PipelineLogger.write | ================================================================================
2026-09-10 11:59:45 | INFO    | PipelineLogger.write | EXECUTANDO STEP: Build
2026-09-10 11:59:45 | INFO    | PipelineLogger.write | STEP CLASS.....: BuildStep
2026-09-10 11:59:45 | INFO    | PipelineLogger.write | ================================================================================
2026-09-10 11:59:45 | INFO    | PipelineLogger.write | MSBUILD CONFIGURATION
2026-09-10 11:59:45 | INFO    | PipelineLogger.write | Project........: Ouro Net Server Financeiro
2026-09-10 11:59:45 | INFO    | PipelineLogger.write | Project File...: C:\DvpLocal\WorkSpaceTFS\OuroNet\Scc\Producao\OuroNet\02-Source\02-Server\OuroNet.Server.WCF.Financial\OuroNet.Server.WCF.Financial.csproj
2026-09-10 11:59:45 | INFO    | PipelineLogger.write | Configuration..: Release
2026-09-10 11:59:45 | INFO    | PipelineLogger.write | Platform.......: AnyCPU
2026-09-10 11:59:45 | INFO    | PipelineLogger.write | Normalized.....: AnyCPU
2026-09-10 11:59:45 | INFO    | PipelineLogger.write | MSBuild........: C:\Program Files\Microsoft Visual Studio\18\Professional\MSBuild\Current\Bin\MSBuild.exe
2026-09-10 11:59:45 | INFO    | PipelineLogger.write | MSBUILD ARGUMENTS
2026-09-10 11:59:46 | INFO    | PipelineLogger.write | Project........: C:\DvpLocal\WorkSpaceTFS\OuroNet\Scc\Producao\OuroNet\02-Source\02-Server\OuroNet.Server.WCF.Financial\OuroNet.Server.WCF.Financial.csproj
2026-09-10 11:59:46 | INFO    | PipelineLogger.write | Configuration..: /p:Configuration=Release
2026-09-10 11:59:46 | INFO    | PipelineLogger.write | Platform.......: /p:Platform=AnyCPU
2026-09-10 12:01:01 | INFO    | PipelineLogger.write | 
2026-09-10 12:01:01 | INFO    | PipelineLogger.write | ================================================================================
2026-09-10 12:01:01 | INFO    | PipelineLogger.write | PIPELINE RUNNER - STEP RESULT
2026-09-10 12:01:02 | INFO    | PipelineLogger.write | ================================================================================
2026-09-10 12:01:02 | INFO    | PipelineLogger.write | Step............: Build
2026-09-10 12:01:02 | INFO    | PipelineLogger.write | Status..........: StepStatus.SUCCESS
2026-09-10 12:01:02 | INFO    | PipelineLogger.write | Analysis........: <class 'app.models.build.build_execution.BuildExecution'>
2026-09-10 12:01:02 | INFO    | PipelineLogger.write | Warnings........: 0
2026-09-10 12:01:02 | INFO    | PipelineLogger.write | Errors..........: 0
2026-09-10 12:01:02 | INFO    | PipelineLogger.write | 
2026-09-10 12:01:02 | INFO    | PipelineLogger.write | ================================================================================
2026-09-10 12:01:03 | INFO    | PipelineLogger.write | BUILD EXECUTION
2026-09-10 12:01:03 | INFO    | PipelineLogger.write | ================================================================================
2026-09-10 12:01:03 | INFO    | PipelineLogger.write | Warnings........: 0
2026-09-10 12:01:03 | INFO    | PipelineLogger.write | Errors..........: 0
2026-09-10 12:01:03 | INFO    | PipelineLogger.write | BUILD ARMAZENADO EM PipelineResult
2026-09-10 12:01:03 | INFO    | PipelineLogger.write | ================================================================================
2026-09-10 12:01:03 | INFO    | PipelineLogger.write | 
2026-09-10 12:01:04 | INFO    | PipelineLogger.write | ================================================================================
2026-09-10 12:01:04 | INFO    | PipelineLogger.write | EXECUTANDO STEP: Publish
2026-09-10 12:01:04 | INFO    | PipelineLogger.write | STEP CLASS.....: PublishStep
2026-09-10 12:01:04 | INFO    | PipelineLogger.write | ================================================================================
2026-09-10 12:01:41 | INFO    | PipelineLogger.write | 
2026-09-10 12:01:41 | INFO    | PipelineLogger.write | ================================================================================
2026-09-10 12:01:41 | INFO    | PipelineLogger.write | PIPELINE RUNNER - STEP RESULT
2026-09-10 12:01:41 | INFO    | PipelineLogger.write | ================================================================================
2026-09-10 12:01:41 | INFO    | PipelineLogger.write | Step............: Publish
2026-09-10 12:01:41 | INFO    | PipelineLogger.write | Status..........: StepStatus.SUCCESS
2026-09-10 12:01:41 | INFO    | PipelineLogger.write | Analysis........: <class 'NoneType'>
2026-09-10 12:01:41 | INFO    | PipelineLogger.write | 
2026-09-10 12:01:41 | INFO    | PipelineLogger.write | ================================================================================
2026-09-10 12:01:41 | INFO    | PipelineLogger.write | PIPELINE RESULT
2026-09-10 12:01:41 | INFO    | PipelineLogger.write | ================================================================================
2026-09-10 12:01:41 | INFO    | PipelineLogger.write | Success.........: True
2026-09-10 12:01:41 | INFO    | PipelineLogger.write | Failed Step.....: 
2026-09-10 12:01:41 | INFO    | PipelineLogger.write | Elapsed.........: 129.056023
2026-09-10 12:01:42 | INFO    | PipelineLogger.write | Build Warnings..: 0
2026-09-10 12:01:42 | INFO    | PipelineLogger.write | Build Errors....: 0
2026-09-10 12:01:42 | INFO    | PipelineLogger.write | Publish.........: None
2026-09-10 12:01:42 | INFO    | PipelineLogger.write | Steps executadas: 4
2026-09-10 12:01:42 | INFO    | PipelineLogger.write | ================================================================================
2026-09-10 12:01:42 | INFO    | PipelineLogger.write | SALVANDO EXECUÇÃO
2026-09-10 12:01:42 | INFO    | PipelineLogger.write | ================================================================================
2026-09-10 12:01:42 | INFO    | PipelineLogger.write | EXECUÇÃO SALVA
2026-09-10 12:01:42 | INFO    | PipelineLogger.write | ================================================================================
2026-09-10 12:01:42 | INFO    | PipelineLogger.write | 
2026-09-10 12:01:42 | INFO    | PipelineLogger.write | ================================================================================
2026-09-10 12:01:42 | INFO    | PipelineLogger.write | PIPELINE RUNNER - FINAL
2026-09-10 12:01:43 | INFO    | PipelineLogger.write | ================================================================================
2026-09-10 12:01:43 | INFO    | PipelineLogger.write | PipelineResult...: <class 'app.models.pipeline.pipeline_result.PipelineResult'>
2026-09-10 12:01:43 | INFO    | PipelineLogger.write | Build............: <class 'app.models.build.build_execution.BuildExecution'>
2026-09-10 12:01:43 | INFO    | PipelineLogger.write | Publish..........: <class 'NoneType'>
2026-09-10 12:01:43 | INFO    | PipelineLogger.write | Steps............: 4
2026-09-10 12:01:43 | INFO    | PipelineLogger.write | ================================================================================
2026-09-10 12:01:44 | INFO    | PipelineLogger.write | WORKSPACE RESOLVER DIAGNOSTICO - PARAMETROS RECEBIDOS
2026-09-10 12:01:44 | INFO    | PipelineLogger.write | project_id.............: 'wcffinanceiro'
2026-09-10 12:01:44 | INFO    | PipelineLogger.write | environment_id.........: 'production'
2026-09-10 12:01:44 | INFO    | PipelineLogger.write | version................: '10.4.8'
2026-09-10 12:01:45 | INFO    | PipelineLogger.write | revision...............: 0
2026-09-10 12:01:45 | INFO    | PipelineLogger.write | WORKSPACE RESOLVER DIAGNOSTICO - AMBIENTE
2026-09-10 12:01:45 | INFO    | PipelineLogger.write | environment.resolver...: 'production'
2026-09-10 12:01:45 | INFO    | PipelineLogger.write | environment.root_path..: WindowsPath('C:/DvpLocal/WorkSpaceTFS/OuroNet/Scc/Producao/OuroNet')
2026-09-10 12:01:45 | INFO    | PipelineLogger.write | workspace_root..........: C:\DvpLocal\WorkSpaceTFS\OuroNet\Scc\Producao\OuroNet
2026-09-10 12:01:45 | INFO    | PipelineLogger.write | project_file............: C:\DvpLocal\WorkSpaceTFS\OuroNet\Scc\Producao\OuroNet\02-Source\02-Server\OuroNet.Server.WCF.Financial\OuroNet.Server.WCF.Financial.csproj
2026-09-10 12:01:45 | INFO    | PipelineLogger.write | SETUP DIAGNOSTICO - PUBLISH DE ORIGEM
2026-09-10 12:01:45 | INFO    | PipelineLogger.write | Projeto...............: wcffinanceiro
2026-09-10 12:01:45 | INFO    | PipelineLogger.write | Ambiente..............: production
2026-09-10 12:01:45 | INFO    | PipelineLogger.write | Versao................: 10.4.8
2026-09-10 12:01:46 | INFO    | PipelineLogger.write | Revisao................: 0
2026-09-10 12:01:46 | INFO    | PipelineLogger.write | PublishPath............: C:\DvpLocal\WorkSpaceTFS\OuroNet\Scc\Producao\OuroNet\02-Source\02-Server\OuroNet.Server.WCF.Financial\bin\app.publish
2026-09-10 12:01:46 | INFO    | PipelineLogger.write | PublishPath existe.....: True
2026-09-10 12:01:46 | INFO    | PipelineLogger.write | ================================================================================
2026-09-10 12:01:46 | INFO    | PipelineLogger.write | ORIGEM - ANTES DA COPIA
2026-09-10 12:01:46 | INFO    | PipelineLogger.write | Diretorio.............: C:\DvpLocal\WorkSpaceTFS\OuroNet\Scc\Producao\OuroNet\02-Source\02-Server\OuroNet.Server.WCF.Financial\bin\app.publish
2026-09-10 12:01:46 | INFO    | PipelineLogger.write | Diretorio existe......: True
2026-09-10 12:01:46 | INFO    | PipelineLogger.write | Arquivos..............: 660
2026-09-10 12:01:46 | INFO    | PipelineLogger.write | ARQUIVO...............: bin\ADODB.dll
2026-09-10 12:01:46 | INFO    | PipelineLogger.write | ARQUIVO...............: bin\arm64\libSkiaSharp.dll
2026-09-10 12:01:46 | INFO    | PipelineLogger.write | ARQUIVO...............: bin\arm64\libSkiaSharp.so
2026-09-10 12:01:47 | INFO    | PipelineLogger.write | ARQUIVO...............: bin\arm\libSkiaSharp.so
2026-09-10 12:01:47 | INFO    | PipelineLogger.write | ARQUIVO...............: bin\Aspose.HTML.dll
2026-09-10 12:01:47 | INFO    | PipelineLogger.write | ARQUIVO...............: bin\Aspose.Words.dll
2026-09-10 12:01:47 | INFO    | PipelineLogger.write | ARQUIVO...............: bin\BouncyCastle.Crypto.dll
2026-09-10 12:01:47 | INFO    | PipelineLogger.write | ARQUIVO...............: bin\BouncyCastle.Cryptography.dll
2026-09-10 12:01:47 | INFO    | PipelineLogger.write | ARQUIVO...............: bin\connectionStrings.config
2026-09-10 12:01:47 | INFO    | PipelineLogger.write | ARQUIVO...............: bin\Custom.Business.dll
2026-09-10 12:01:47 | INFO    | PipelineLogger.write | ARQUIVO...............: bin\custom.configuration.server.config
2026-09-10 12:01:47 | INFO    | PipelineLogger.write | ARQUIVO...............: bin\Custom.DataAccess.dll
2026-09-10 12:01:47 | INFO    | PipelineLogger.write | ARQUIVO...............: bin\Custom.Framework.CommonFileDialogs.dll
2026-09-10 12:01:48 | INFO    | PipelineLogger.write | ARQUIVO...............: bin\Custom.Framework.Data.dll
2026-09-10 12:01:48 | INFO    | PipelineLogger.write | ARQUIVO...............: bin\Custom.Framework.Diagnostics.dll
2026-09-10 12:01:48 | INFO    | PipelineLogger.write | ARQUIVO...............: bin\Custom.Framework.dll
2026-09-10 12:01:48 | INFO    | PipelineLogger.write | ARQUIVO...............: bin\Custom.Framework.Entities.dll
2026-09-10 12:01:49 | INFO    | PipelineLogger.write | ARQUIVO...............: bin\Custom.Framework.Server.dll
2026-09-10 12:01:49 | INFO    | PipelineLogger.write | ARQUIVO...............: bin\Custom.Framework.Services.dll
2026-09-10 12:01:49 | INFO    | PipelineLogger.write | ARQUIVO...............: bin\Custom.Integration.NFSe.Municipal.dll
2026-09-10 12:01:49 | INFO    | PipelineLogger.write | ARQUIVO...............: bin\Custom.Integration.PharmaLinkDistributors.Library.dll
2026-09-10 12:01:50 | INFO    | PipelineLogger.write | ARQUIVO...............: bin\Custom.OuroNet.Library.Core.Layer.AcessData.V20.dll
2026-09-10 12:01:50 | INFO    | PipelineLogger.write | ARQUIVO...............: bin\Custom.OuroNet.Library.Core.Layer.Exception.V20.dll
2026-09-10 12:01:50 | INFO    | PipelineLogger.write | ARQUIVO...............: bin\Custom.Services.dll
2026-09-10 12:01:50 | INFO    | PipelineLogger.write | ARQUIVO...............: bin\Custom.Utilities.Security.EncryptionCOM.dll
2026-09-10 12:01:50 | INFO    | PipelineLogger.write | ARQUIVO...............: bin\Custom.Utilities.Security.EncryptionNET.dll
2026-09-10 12:01:50 | INFO    | PipelineLogger.write | ARQUIVO...............: bin\DevExpress.Charts.v23.2.Core.dll
2026-09-10 12:01:50 | INFO    | PipelineLogger.write | ARQUIVO...............: bin\DevExpress.CodeParser.v23.2.dll
2026-09-10 12:01:51 | INFO    | PipelineLogger.write | ARQUIVO...............: bin\DevExpress.Data.Desktop.v23.2.dll
2026-09-10 12:01:51 | INFO    | PipelineLogger.write | ARQUIVO...............: bin\DevExpress.Data.v11.2.dll
2026-09-10 12:01:51 | INFO    | PipelineLogger.write | ARQUIVO...............: bin\DevExpress.Data.v23.2.dll
2026-09-10 12:01:51 | INFO    | PipelineLogger.write | ARQUIVO...............: bin\DevExpress.DataAccess.v23.2.dll
2026-09-10 12:01:51 | INFO    | PipelineLogger.write | ARQUIVO...............: bin\DevExpress.DataVisualization.v23.2.Core.dll
2026-09-10 12:01:51 | INFO    | PipelineLogger.write | ARQUIVO...............: bin\DevExpress.Dialogs.v23.2.Core.dll
2026-09-10 12:01:51 | INFO    | PipelineLogger.write | ARQUIVO...............: bin\DevExpress.Drawing.v23.2.dll
2026-09-10 12:01:51 | INFO    | PipelineLogger.write | ARQUIVO...............: bin\DevExpress.Office.v23.2.Core.dll
2026-09-10 12:01:51 | INFO    | PipelineLogger.write | ARQUIVO...............: bin\DevExpress.Pdf.v23.2.Core.dll
2026-09-10 12:01:51 | INFO    | PipelineLogger.write | ARQUIVO...............: bin\DevExpress.Pdf.v23.2.Drawing.dll
2026-09-10 12:01:51 | INFO    | PipelineLogger.write | ARQUIVO...............: bin\DevExpress.PivotGrid.v23.2.Core.dll
2026-09-10 12:01:51 | INFO    | PipelineLogger.write | ARQUIVO...............: bin\DevExpress.Printing.v11.2.Core.dll
2026-09-10 12:01:51 | INFO    | PipelineLogger.write | ARQUIVO...............: bin\DevExpress.Printing.v23.2.Core.dll
2026-09-10 12:01:52 | INFO    | PipelineLogger.write | ARQUIVO...............: bin\DevExpress.RichEdit.v23.2.Core.dll
2026-09-10 12:01:52 | INFO    | PipelineLogger.write | ARQUIVO...............: bin\DevExpress.Sparkline.v23.2.Core.dll
2026-09-10 12:01:52 | INFO    | PipelineLogger.write | ARQUIVO...............: bin\DevExpress.Utils.v11.2.dll
2026-09-10 12:01:52 | INFO    | PipelineLogger.write | ARQUIVO...............: bin\DevExpress.Utils.v23.2.dll
2026-09-10 12:01:52 | INFO    | PipelineLogger.write | ARQUIVO...............: bin\DevExpress.Xpo.v23.2.dll
2026-09-10 12:01:52 | INFO    | PipelineLogger.write | ARQUIVO...............: bin\DevExpress.XtraBars.v23.2.dll
2026-09-10 12:01:52 | INFO    | PipelineLogger.write | ARQUIVO...............: bin\DevExpress.XtraCharts.v23.2.dll
2026-09-10 12:01:52 | INFO    | PipelineLogger.write | ARQUIVO...............: bin\DevExpress.XtraDialogs.v23.2.dll
2026-09-10 12:01:52 | INFO    | PipelineLogger.write | ARQUIVO...............: bin\DevExpress.XtraEditors.v11.2.dll
2026-09-10 12:01:52 | INFO    | PipelineLogger.write | ARQUIVO...............: bin\DevExpress.XtraEditors.v23.2.dll
2026-09-10 12:01:52 | INFO    | PipelineLogger.write | ARQUIVO...............: bin\DevExpress.XtraGauges.v23.2.Core.dll
2026-09-10 12:01:52 | INFO    | PipelineLogger.write | ARQUIVO...............: bin\DevExpress.XtraGrid.v23.2.dll
2026-09-10 12:01:53 | INFO    | PipelineLogger.write | ARQUIVO...............: bin\DevExpress.XtraLayout.v23.2.dll
2026-09-10 12:01:53 | INFO    | PipelineLogger.write | ARQUIVO...............: bin\DevExpress.XtraPrinting.v23.2.dll
2026-09-10 12:01:53 | INFO    | PipelineLogger.write | ARQUIVO...............: bin\DevExpress.XtraReports.v23.2.dll
2026-09-10 12:01:54 | INFO    | PipelineLogger.write | ARQUIVO...............: bin\DevExpress.XtraTreeList.v23.2.dll
2026-09-10 12:01:54 | INFO    | PipelineLogger.write | ARQUIVO...............: bin\FileHelpers.dll
2026-09-10 12:01:54 | INFO    | PipelineLogger.write | ARQUIVO...............: bin\Framawork.DFe.Classes.dll
2026-09-10 12:01:54 | INFO    | PipelineLogger.write | ARQUIVO...............: bin\Framawork.DFe.Utils.dll
2026-09-10 12:01:54 | INFO    | PipelineLogger.write | ARQUIVO...............: bin\Framawork.DFe.Wsdl.dll
2026-09-10 12:01:54 | INFO    | PipelineLogger.write | ARQUIVO...............: bin\Framework.BoletoNet.dll
2026-09-10 12:01:54 | INFO    | PipelineLogger.write | ARQUIVO...............: bin\Framework.NFe.Classes.dll
2026-09-10 12:01:54 | INFO    | PipelineLogger.write | ARQUIVO...............: bin\Framework.NFe.Print.dll
2026-09-10 12:01:54 | INFO    | PipelineLogger.write | ARQUIVO...............: bin\Framework.NFe.Servicos.dll
2026-09-10 12:01:55 | INFO    | PipelineLogger.write | ARQUIVO...............: bin\Framework.NFe.Utils.dll
2026-09-10 12:01:55 | INFO    | PipelineLogger.write | ARQUIVO...............: bin\Framework.NFe.Wsdl.dll
2026-09-10 12:01:55 | INFO    | PipelineLogger.write | ARQUIVO...............: bin\loongarch64\libSkiaSharp.so
2026-09-10 12:01:55 | INFO    | PipelineLogger.write | ARQUIVO...............: bin\MailKit.dll
2026-09-10 12:01:55 | INFO    | PipelineLogger.write | ARQUIVO...............: bin\MailKit.dll.config
2026-09-10 12:01:55 | INFO    | PipelineLogger.write | ARQUIVO...............: bin\MailKit.pdb
2026-09-10 12:01:55 | INFO    | PipelineLogger.write | ARQUIVO...............: bin\Microsoft.Bcl.AsyncInterfaces.dll
2026-09-10 12:01:55 | INFO    | PipelineLogger.write | ARQUIVO...............: bin\Microsoft.Practices.EnterpriseLibrary.Common.dll
2026-09-10 12:01:55 | INFO    | PipelineLogger.write | ARQUIVO...............: bin\Microsoft.Practices.EnterpriseLibrary.Data.dll
2026-09-10 12:01:55 | INFO    | PipelineLogger.write | ARQUIVO...............: bin\Microsoft.Practices.ServiceLocation.dll
2026-09-10 12:01:55 | INFO    | PipelineLogger.write | ARQUIVO...............: bin\Microsoft.Practices.Unity.dll
2026-09-10 12:01:55 | INFO    | PipelineLogger.write | ARQUIVO...............: bin\Microsoft.Practices.Unity.Interception.dll
2026-09-10 12:01:55 | INFO    | PipelineLogger.write | ARQUIVO...............: bin\MimeKit.dll
2026-09-10 12:01:56 | INFO    | PipelineLogger.write | ARQUIVO...............: bin\MimeKit.pdb
2026-09-10 12:01:56 | INFO    | PipelineLogger.write | ARQUIVO...............: bin\musl-arm64\libSkiaSharp.so
2026-09-10 12:01:56 | INFO    | PipelineLogger.write | ARQUIVO...............: bin\musl-arm\libSkiaSharp.so
2026-09-10 12:01:56 | INFO    | PipelineLogger.write | ARQUIVO...............: bin\musl-loongarch64\libSkiaSharp.so
2026-09-10 12:01:56 | INFO    | PipelineLogger.write | ARQUIVO...............: bin\musl-riscv64\libSkiaSharp.so
2026-09-10 12:01:56 | INFO    | PipelineLogger.write | ARQUIVO...............: bin\musl-x64\libSkiaSharp.so
2026-09-10 12:01:56 | INFO    | PipelineLogger.write | ARQUIVO...............: bin\Newtonsoft.Json.dll
2026-09-10 12:01:56 | INFO    | PipelineLogger.write | ARQUIVO...............: bin\NPOI.dll
2026-09-10 12:01:56 | INFO    | PipelineLogger.write | ARQUIVO...............: bin\NPOI.OOXML.dll
2026-09-10 12:01:56 | INFO    | PipelineLogger.write | ARQUIVO...............: bin\NPOI.OOXML.pdb
2026-09-10 12:01:56 | INFO    | PipelineLogger.write | ARQUIVO...............: bin\NPOI.OpenXml4Net.dll
2026-09-10 12:01:56 | INFO    | PipelineLogger.write | ARQUIVO...............: bin\NPOI.OpenXml4Net.pdb
2026-09-10 12:01:56 | INFO    | PipelineLogger.write | ARQUIVO...............: bin\NPOI.OpenXmlFormats.dll
2026-09-10 12:01:56 | INFO    | PipelineLogger.write | ARQUIVO...............: bin\NPOI.OpenXmlFormats.pdb
2026-09-10 12:01:57 | INFO    | PipelineLogger.write | ARQUIVO...............: bin\NPOI.pdb
2026-09-10 12:01:57 | INFO    | PipelineLogger.write | ARQUIVO...............: bin\NReco.PdfGenerator.dll
2026-09-10 12:01:57 | INFO    | PipelineLogger.write | ARQUIVO...............: bin\OpenAC.Net.Core.dll
2026-09-10 12:01:57 | INFO    | PipelineLogger.write | ARQUIVO...............: bin\OpenAC.Net.DFe.Core.dll
2026-09-10 12:01:57 | INFO    | PipelineLogger.write | ARQUIVO...............: bin\OuroNet.Server.Business.dll
2026-09-10 12:01:57 | INFO    | PipelineLogger.write | ARQUIVO...............: bin\OuroNet.Server.Business.dll.config
2026-09-10 12:01:57 | INFO    | PipelineLogger.write | ARQUIVO...............: bin\OuroNet.Server.Business.pdb
2026-09-10 12:01:57 | INFO    | PipelineLogger.write | ARQUIVO...............: bin\OuroNet.Server.Business.XmlSerializers.dll
2026-09-10 12:01:57 | INFO    | PipelineLogger.write | ARQUIVO...............: bin\OuroNet.Server.Common.dll
2026-09-10 12:01:57 | INFO    | PipelineLogger.write | ARQUIVO...............: bin\OuroNet.Server.Common.dll.config
2026-09-10 12:01:57 | INFO    | PipelineLogger.write | ARQUIVO...............: bin\OuroNet.Server.Common.pdb
2026-09-10 12:01:57 | INFO    | PipelineLogger.write | ARQUIVO...............: bin\OuroNet.Server.DataAccess.dll
2026-09-10 12:01:58 | INFO    | PipelineLogger.write | ARQUIVO...............: bin\OuroNet.Server.DataAccess.dll.config
2026-09-10 12:01:58 | INFO    | PipelineLogger.write | ARQUIVO...............: bin\OuroNet.Server.DataAccess.pdb
2026-09-10 12:01:58 | INFO    | PipelineLogger.write | ARQUIVO...............: bin\OuroNet.Server.Entities.dll
2026-09-10 12:01:58 | INFO    | PipelineLogger.write | ARQUIVO...............: bin\OuroNet.Server.Entities.dll.config
2026-09-10 12:01:58 | INFO    | PipelineLogger.write | ARQUIVO...............: bin\OuroNet.Server.Entities.pdb
2026-09-10 12:01:58 | INFO    | PipelineLogger.write | ARQUIVO...............: bin\OuroNet.Server.ServiceInterfaces.dll
2026-09-10 12:01:58 | INFO    | PipelineLogger.write | ARQUIVO...............: bin\OuroNet.Server.ServiceInterfaces.dll.config
2026-09-10 12:01:58 | INFO    | PipelineLogger.write | ARQUIVO...............: bin\OuroNet.Server.ServiceInterfaces.pdb
2026-09-10 12:01:58 | INFO    | PipelineLogger.write | ARQUIVO...............: bin\OuroNet.Server.Services.dll
2026-09-10 12:01:58 | INFO    | PipelineLogger.write | ARQUIVO...............: bin\OuroNet.Server.Services.dll.config
2026-09-10 12:01:58 | INFO    | PipelineLogger.write | ARQUIVO...............: bin\OuroNet.Server.Services.pdb
2026-09-10 12:01:58 | INFO    | PipelineLogger.write | ARQUIVO...............: bin\OuroNet.Server.WCF.Financial.dll
2026-09-10 12:01:58 | INFO    | PipelineLogger.write | ARQUIVO...............: bin\OuroNet.Server.WCF.Financial.pdb
2026-09-10 12:01:59 | INFO    | PipelineLogger.write | ARQUIVO...............: bin\protobuf-net.dll
2026-09-10 12:01:59 | INFO    | PipelineLogger.write | ARQUIVO...............: bin\QRCoder.dll
2026-09-10 12:01:59 | INFO    | PipelineLogger.write | ARQUIVO...............: bin\RestSharp.dll
2026-09-10 12:01:59 | INFO    | PipelineLogger.write | ARQUIVO...............: bin\riscv64\libSkiaSharp.so
2026-09-10 12:01:59 | INFO    | PipelineLogger.write | ARQUIVO...............: bin\SkiaSharp.dll
2026-09-10 12:01:59 | INFO    | PipelineLogger.write | ARQUIVO...............: bin\SkiaSharp.pdb
2026-09-10 12:01:59 | INFO    | PipelineLogger.write | ARQUIVO...............: bin\System.Buffers.dll
2026-09-10 12:02:00 | INFO    | PipelineLogger.write | ARQUIVO...............: bin\System.Formats.Asn1.dll
2026-09-10 12:02:00 | INFO    | PipelineLogger.write | ARQUIVO...............: bin\System.IO.Pipelines.dll
2026-09-10 12:02:00 | INFO    | PipelineLogger.write | ARQUIVO...............: bin\System.Memory.dll
2026-09-10 12:02:00 | INFO    | PipelineLogger.write | ARQUIVO...............: bin\System.Net.Http.Json.dll
2026-09-10 12:02:01 | INFO    | PipelineLogger.write | ARQUIVO...............: bin\System.Numerics.Vectors.dll
2026-09-10 12:02:01 | INFO    | PipelineLogger.write | ARQUIVO...............: bin\System.Runtime.CompilerServices.Unsafe.dll
2026-09-10 12:02:01 | INFO    | PipelineLogger.write | ARQUIVO...............: bin\System.Text.Encodings.Web.dll
2026-09-10 12:02:01 | INFO    | PipelineLogger.write | ARQUIVO...............: bin\System.Text.Json.dll
2026-09-10 12:02:01 | INFO    | PipelineLogger.write | ARQUIVO...............: bin\System.Threading.Tasks.Extensions.dll
2026-09-10 12:02:01 | INFO    | PipelineLogger.write | ARQUIVO...............: bin\x64\libSkiaSharp.dll
2026-09-10 12:02:01 | INFO    | PipelineLogger.write | ARQUIVO...............: bin\x64\libSkiaSharp.so
2026-09-10 12:02:01 | INFO    | PipelineLogger.write | ARQUIVO...............: bin\x64\SQLite.Interop.dll
2026-09-10 12:02:01 | INFO    | PipelineLogger.write | ARQUIVO...............: bin\x86\libSkiaSharp.dll
2026-09-10 12:02:01 | INFO    | PipelineLogger.write | ARQUIVO...............: bin\x86\libSkiaSharp.so
2026-09-10 12:02:01 | INFO    | PipelineLogger.write | ARQUIVO...............: bin\x86\SQLite.Interop.dll
2026-09-10 12:02:01 | INFO    | PipelineLogger.write | ARQUIVO...............: bin\Xml\Movimento\Cte\Schemas\2.00\cancCTeTiposBasico_v2.00.xsd
2026-09-10 12:02:01 | INFO    | PipelineLogger.write | ARQUIVO...............: bin\Xml\Movimento\Cte\Schemas\2.00\consReciCTe_v2.00.xsd
2026-09-10 12:02:02 | INFO    | PipelineLogger.write | ARQUIVO...............: bin\Xml\Movimento\Cte\Schemas\2.00\consReciCTeTiposBasico_v2.00.xsd
2026-09-10 12:02:02 | INFO    | PipelineLogger.write | ARQUIVO...............: bin\Xml\Movimento\Cte\Schemas\2.00\consSitCTe_v2.00.xsd
2026-09-10 12:02:02 | INFO    | PipelineLogger.write | ARQUIVO...............: bin\Xml\Movimento\Cte\Schemas\2.00\consSitCTeTiposBasico_v2.00.xsd
2026-09-10 12:02:02 | INFO    | PipelineLogger.write | ARQUIVO...............: bin\Xml\Movimento\Cte\Schemas\2.00\consStatServCTe_v2.00.xsd
2026-09-10 12:02:02 | INFO    | PipelineLogger.write | ARQUIVO...............: bin\Xml\Movimento\Cte\Schemas\2.00\consStatServTiposBasico_v2.00.xsd
2026-09-10 12:02:02 | INFO    | PipelineLogger.write | ARQUIVO...............: bin\Xml\Movimento\Cte\Schemas\2.00\cte_v2.00.xsd
2026-09-10 12:02:02 | INFO    | PipelineLogger.write | ARQUIVO...............: bin\Xml\Movimento\Cte\Schemas\2.00\cteModalAereo_v2.00.xsd
2026-09-10 12:02:02 | INFO    | PipelineLogger.write | ARQUIVO...............: bin\Xml\Movimento\Cte\Schemas\2.00\cteModalAquaviario_v2.00.xsd
2026-09-10 12:02:02 | INFO    | PipelineLogger.write | ARQUIVO...............: bin\Xml\Movimento\Cte\Schemas\2.00\cteModalDutoviario_v2.00.xsd
2026-09-10 12:02:02 | INFO    | PipelineLogger.write | ARQUIVO...............: bin\Xml\Movimento\Cte\Schemas\2.00\cteModalFerroviario_v2.00.xsd
2026-09-10 12:02:02 | INFO    | PipelineLogger.write | ARQUIVO...............: bin\Xml\Movimento\Cte\Schemas\2.00\cteModalRodoviario_v2.00.xsd
2026-09-10 12:02:02 | INFO    | PipelineLogger.write | ARQUIVO...............: bin\Xml\Movimento\Cte\Schemas\2.00\cteMultiModal_v2.00.xsd
2026-09-10 12:02:02 | INFO    | PipelineLogger.write | ARQUIVO...............: bin\Xml\Movimento\Cte\Schemas\2.00\cteTiposBasico_v2.00.xsd
2026-09-10 12:02:03 | INFO    | PipelineLogger.write | ARQUIVO...............: bin\Xml\Movimento\Cte\Schemas\2.00\enviCTe_v2.00.xsd
2026-09-10 12:02:04 | INFO    | PipelineLogger.write | ARQUIVO...............: bin\Xml\Movimento\Cte\Schemas\2.00\evCancCTe_v2.00.xsd
2026-09-10 12:02:04 | INFO    | PipelineLogger.write | ARQUIVO...............: bin\Xml\Movimento\Cte\Schemas\2.00\evCCeCTe_v2.00.xsd
2026-09-10 12:02:04 | INFO    | PipelineLogger.write | ARQUIVO...............: bin\Xml\Movimento\Cte\Schemas\2.00\eventoCTe_v2.00.xsd
2026-09-10 12:02:04 | INFO    | PipelineLogger.write | ARQUIVO...............: bin\Xml\Movimento\Cte\Schemas\2.00\eventoCTeTiposBasico_v2.00.xsd
2026-09-10 12:02:04 | INFO    | PipelineLogger.write | ARQUIVO...............: bin\Xml\Movimento\Cte\Schemas\2.00\evEPECCTe_v2.00.xsd
2026-09-10 12:02:04 | INFO    | PipelineLogger.write | ARQUIVO...............: bin\Xml\Movimento\Cte\Schemas\2.00\evRegMultimodal_v2.00.xsd
2026-09-10 12:02:04 | INFO    | PipelineLogger.write | ARQUIVO...............: bin\Xml\Movimento\Cte\Schemas\2.00\inutCTe_v2.00.xsd
2026-09-10 12:02:04 | INFO    | PipelineLogger.write | ARQUIVO...............: bin\Xml\Movimento\Cte\Schemas\2.00\inutCTeTiposBasico_v2.00.xsd
2026-09-10 12:02:04 | INFO    | PipelineLogger.write | ARQUIVO...............: bin\Xml\Movimento\Cte\Schemas\2.00\procCTe_v2.00.xsd
2026-09-10 12:02:04 | INFO    | PipelineLogger.write | ARQUIVO...............: bin\Xml\Movimento\Cte\Schemas\2.00\procEventoCTe_v2.00.xsd
2026-09-10 12:02:04 | INFO    | PipelineLogger.write | ARQUIVO...............: bin\Xml\Movimento\Cte\Schemas\2.00\procInutCTe_v2.00.xsd
2026-09-10 12:02:05 | INFO    | PipelineLogger.write | ARQUIVO...............: bin\Xml\Movimento\Cte\Schemas\2.00\retConsReciCTe_v2.00.xsd
2026-09-10 12:02:05 | INFO    | PipelineLogger.write | ARQUIVO...............: bin\Xml\Movimento\Cte\Schemas\2.00\retConsSitCTe_v2.00.xsd
2026-09-10 12:02:05 | INFO    | PipelineLogger.write | ARQUIVO...............: bin\Xml\Movimento\Cte\Schemas\2.00\retConsStatServCTe_v2.00.xsd
2026-09-10 12:02:05 | INFO    | PipelineLogger.write | ARQUIVO...............: bin\Xml\Movimento\Cte\Schemas\2.00\retEnviCTe_v2.00.xsd
2026-09-10 12:02:05 | INFO    | PipelineLogger.write | ARQUIVO...............: bin\Xml\Movimento\Cte\Schemas\2.00\retEventoCTe_v2.00.xsd
2026-09-10 12:02:05 | INFO    | PipelineLogger.write | ARQUIVO...............: bin\Xml\Movimento\Cte\Schemas\2.00\retInutCTe_v2.00.xsd
2026-09-10 12:02:05 | INFO    | PipelineLogger.write | ARQUIVO...............: bin\Xml\Movimento\Cte\Schemas\2.00\tiposGeralCTe_v2.00.xsd
2026-09-10 12:02:05 | INFO    | PipelineLogger.write | ARQUIVO...............: bin\Xml\Movimento\Cte\Schemas\2.00\xmldsig-core-schema_v1.01.xsd
2026-09-10 12:02:05 | INFO    | PipelineLogger.write | ARQUIVO...............: bin\Xml\Movimento\Cte\Schemas\3.00\consReciCTe_v3.00.xsd
2026-09-10 12:02:05 | INFO    | PipelineLogger.write | ARQUIVO...............: bin\Xml\Movimento\Cte\Schemas\3.00\consReciCTeTiposBasico_v3.00.xsd
2026-09-10 12:02:05 | INFO    | PipelineLogger.write | ARQUIVO...............: bin\Xml\Movimento\Cte\Schemas\3.00\consSitCTe_v3.00.xsd
2026-09-10 12:02:05 | INFO    | PipelineLogger.write | ARQUIVO...............: bin\Xml\Movimento\Cte\Schemas\3.00\consSitCTeTiposBasico_v3.00.xsd
2026-09-10 12:02:05 | INFO    | PipelineLogger.write | ARQUIVO...............: bin\Xml\Movimento\Cte\Schemas\3.00\consStatServCTe_v3.00.xsd
2026-09-10 12:02:05 | INFO    | PipelineLogger.write | ARQUIVO...............: bin\Xml\Movimento\Cte\Schemas\3.00\consStatServTiposBasico_v3.00.xsd
2026-09-10 12:02:06 | INFO    | PipelineLogger.write | ARQUIVO...............: bin\Xml\Movimento\Cte\Schemas\3.00\cte_v3.00.xsd
2026-09-10 12:02:06 | INFO    | PipelineLogger.write | ARQUIVO...............: bin\Xml\Movimento\Cte\Schemas\3.00\cteModalAereo_v3.00.xsd
2026-09-10 12:02:06 | INFO    | PipelineLogger.write | ARQUIVO...............: bin\Xml\Movimento\Cte\Schemas\3.00\cteModalAquaviario_v3.00.xsd
2026-09-10 12:02:06 | INFO    | PipelineLogger.write | ARQUIVO...............: bin\Xml\Movimento\Cte\Schemas\3.00\cteModalDutoviario_v3.00.xsd
2026-09-10 12:02:06 | INFO    | PipelineLogger.write | ARQUIVO...............: bin\Xml\Movimento\Cte\Schemas\3.00\cteModalFerroviario_v3.00.xsd
2026-09-10 12:02:06 | INFO    | PipelineLogger.write | ARQUIVO...............: bin\Xml\Movimento\Cte\Schemas\3.00\cteModalRodoviario_v3.00.xsd
2026-09-10 12:02:06 | INFO    | PipelineLogger.write | ARQUIVO...............: bin\Xml\Movimento\Cte\Schemas\3.00\cteModalRodoviarioOS_v3.00.xsd
2026-09-10 12:02:07 | INFO    | PipelineLogger.write | ARQUIVO...............: bin\Xml\Movimento\Cte\Schemas\3.00\cteMultiModal_v3.00.xsd
2026-09-10 12:02:07 | INFO    | PipelineLogger.write | ARQUIVO...............: bin\Xml\Movimento\Cte\Schemas\3.00\cteOS_v3.00.xsd
2026-09-10 12:02:07 | INFO    | PipelineLogger.write | ARQUIVO...............: bin\Xml\Movimento\Cte\Schemas\3.00\cteTiposBasico_v3.00.xsd
2026-09-10 12:02:07 | INFO    | PipelineLogger.write | ARQUIVO...............: bin\Xml\Movimento\Cte\Schemas\3.00\enviCTe_v3.00.xsd
2026-09-10 12:02:07 | INFO    | PipelineLogger.write | ARQUIVO...............: bin\Xml\Movimento\Cte\Schemas\3.00\evCancCECTe_v3.00.xsd
2026-09-10 12:02:07 | INFO    | PipelineLogger.write | ARQUIVO...............: bin\Xml\Movimento\Cte\Schemas\3.00\evCancCTe_v3.00.xsd
2026-09-10 12:02:07 | INFO    | PipelineLogger.write | ARQUIVO...............: bin\Xml\Movimento\Cte\Schemas\3.00\evCCeCTe_v3.00.xsd
2026-09-10 12:02:07 | INFO    | PipelineLogger.write | ARQUIVO...............: bin\Xml\Movimento\Cte\Schemas\3.00\evCECTe_v3.00.xsd
2026-09-10 12:02:07 | INFO    | PipelineLogger.write | ARQUIVO...............: bin\Xml\Movimento\Cte\Schemas\3.00\eventoCTe_v3.00.xsd
2026-09-10 12:02:07 | INFO    | PipelineLogger.write | ARQUIVO...............: bin\Xml\Movimento\Cte\Schemas\3.00\eventoCTeTiposBasico_v3.00.xsd
2026-09-10 12:02:08 | INFO    | PipelineLogger.write | ARQUIVO...............: bin\Xml\Movimento\Cte\Schemas\3.00\evEPECCTe_v3.00.xsd
2026-09-10 12:02:09 | INFO    | PipelineLogger.write | ARQUIVO...............: bin\Xml\Movimento\Cte\Schemas\3.00\evGTV_v3.00.xsd
2026-09-10 12:02:09 | INFO    | PipelineLogger.write | ARQUIVO...............: bin\Xml\Movimento\Cte\Schemas\3.00\evPrestDesacordo_v3.00.xsd
2026-09-10 12:02:09 | INFO    | PipelineLogger.write | ARQUIVO...............: bin\Xml\Movimento\Cte\Schemas\3.00\evRegMultimodal_v3.00.xsd
2026-09-10 12:02:09 | INFO    | PipelineLogger.write | ARQUIVO...............: bin\Xml\Movimento\Cte\Schemas\3.00\GTVe_v3.00.xsd
2026-09-10 12:02:09 | INFO    | PipelineLogger.write | ARQUIVO...............: bin\Xml\Movimento\Cte\Schemas\3.00\inutCTe_v3.00.xsd
2026-09-10 12:02:09 | INFO    | PipelineLogger.write | ARQUIVO...............: bin\Xml\Movimento\Cte\Schemas\3.00\inutCTeTiposBasico_v3.00.xsd
2026-09-10 12:02:09 | INFO    | PipelineLogger.write | ARQUIVO...............: bin\Xml\Movimento\Cte\Schemas\3.00\procCTe_v3.00.xsd
2026-09-10 12:02:09 | INFO    | PipelineLogger.write | ARQUIVO...............: bin\Xml\Movimento\Cte\Schemas\3.00\procCTeOS_v3.00.xsd
2026-09-10 12:02:10 | INFO    | PipelineLogger.write | ARQUIVO...............: bin\Xml\Movimento\Cte\Schemas\3.00\procEventoCTe_v3.00.xsd
2026-09-10 12:02:10 | INFO    | PipelineLogger.write | ARQUIVO...............: bin\Xml\Movimento\Cte\Schemas\3.00\procGTVe_v3.00.xsd
2026-09-10 12:02:10 | INFO    | PipelineLogger.write | ARQUIVO...............: bin\Xml\Movimento\Cte\Schemas\3.00\procInutCTe_v3.00.xsd
2026-09-10 12:02:10 | INFO    | PipelineLogger.write | ARQUIVO...............: bin\Xml\Movimento\Cte\Schemas\3.00\retConsReciCTe_v3.00.xsd
2026-09-10 12:02:10 | INFO    | PipelineLogger.write | ARQUIVO...............: bin\Xml\Movimento\Cte\Schemas\3.00\retConsSitCTe_v3.00.xsd
2026-09-10 12:02:10 | INFO    | PipelineLogger.write | ARQUIVO...............: bin\Xml\Movimento\Cte\Schemas\3.00\retConsStatServCTe_v3.00.xsd
2026-09-10 12:02:10 | INFO    | PipelineLogger.write | ARQUIVO...............: bin\Xml\Movimento\Cte\Schemas\3.00\retCTe_v3.00.xsd
2026-09-10 12:02:10 | INFO    | PipelineLogger.write | ARQUIVO...............: bin\Xml\Movimento\Cte\Schemas\3.00\retCTeOS_v3.00.xsd
2026-09-10 12:02:10 | INFO    | PipelineLogger.write | ARQUIVO...............: bin\Xml\Movimento\Cte\Schemas\3.00\retEnviCTe_v3.00.xsd
2026-09-10 12:02:10 | INFO    | PipelineLogger.write | ARQUIVO...............: bin\Xml\Movimento\Cte\Schemas\3.00\retEventoCTe_v3.00.xsd
2026-09-10 12:02:10 | INFO    | PipelineLogger.write | ARQUIVO...............: bin\Xml\Movimento\Cte\Schemas\3.00\retGTVe_v3.00.xsd
2026-09-10 12:02:11 | INFO    | PipelineLogger.write | ARQUIVO...............: bin\Xml\Movimento\Cte\Schemas\3.00\retInutCTe_v3.00.xsd
2026-09-10 12:02:11 | INFO    | PipelineLogger.write | ARQUIVO...............: bin\Xml\Movimento\Cte\Schemas\3.00\tiposGeralCTe_v3.00.xsd
2026-09-10 12:02:11 | INFO    | PipelineLogger.write | ARQUIVO...............: bin\Xml\Movimento\Cte\Schemas\3.00\xmldsig-core-schema_v1.01.xsd
2026-09-10 12:02:11 | INFO    | PipelineLogger.write | ARQUIVO...............: bin\Xml\Movimento\Cte\Schemas\4.00\consSitCTe_v4.00.xsd
2026-09-10 12:02:11 | INFO    | PipelineLogger.write | ARQUIVO...............: bin\Xml\Movimento\Cte\Schemas\4.00\consSitCTeTiposBasico_v4.00.xsd
2026-09-10 12:02:11 | INFO    | PipelineLogger.write | ARQUIVO...............: bin\Xml\Movimento\Cte\Schemas\4.00\consStatServCTe_v4.00.xsd
2026-09-10 12:02:11 | INFO    | PipelineLogger.write | ARQUIVO...............: bin\Xml\Movimento\Cte\Schemas\4.00\consStatServTiposBasico_v4.00.xsd
2026-09-10 12:02:11 | INFO    | PipelineLogger.write | ARQUIVO...............: bin\Xml\Movimento\Cte\Schemas\4.00\cte_v4.00.xsd
2026-09-10 12:02:11 | INFO    | PipelineLogger.write | ARQUIVO...............: bin\Xml\Movimento\Cte\Schemas\4.00\cteModalAereo_v4.00.xsd
2026-09-10 12:02:11 | INFO    | PipelineLogger.write | ARQUIVO...............: bin\Xml\Movimento\Cte\Schemas\4.00\cteModalAquaviario_v4.00.xsd
2026-09-10 12:02:11 | INFO    | PipelineLogger.write | ARQUIVO...............: bin\Xml\Movimento\Cte\Schemas\4.00\cteModalDutoviario_v4.00.xsd
2026-09-10 12:02:11 | INFO    | PipelineLogger.write | ARQUIVO...............: bin\Xml\Movimento\Cte\Schemas\4.00\cteModalFerroviario_v4.00.xsd
2026-09-10 12:02:11 | INFO    | PipelineLogger.write | ARQUIVO...............: bin\Xml\Movimento\Cte\Schemas\4.00\cteModalRodoviario_v4.00.xsd
2026-09-10 12:02:12 | INFO    | PipelineLogger.write | ARQUIVO...............: bin\Xml\Movimento\Cte\Schemas\4.00\cteModalRodoviarioOS_v4.00.xsd
2026-09-10 12:02:12 | INFO    | PipelineLogger.write | ARQUIVO...............: bin\Xml\Movimento\Cte\Schemas\4.00\cteMultiModal_v4.00.xsd
2026-09-10 12:02:12 | INFO    | PipelineLogger.write | ARQUIVO...............: bin\Xml\Movimento\Cte\Schemas\4.00\cteOS_v4.00.xsd
2026-09-10 12:02:12 | INFO    | PipelineLogger.write | ARQUIVO...............: bin\Xml\Movimento\Cte\Schemas\4.00\cteTiposBasico_v4.00.xsd
2026-09-10 12:02:12 | INFO    | PipelineLogger.write | ARQUIVO...............: bin\Xml\Movimento\Cte\Schemas\4.00\evCancCECTe_v4.00.xsd
2026-09-10 12:02:12 | INFO    | PipelineLogger.write | ARQUIVO...............: bin\Xml\Movimento\Cte\Schemas\4.00\evCancCTe_v4.00.xsd
2026-09-10 12:02:13 | INFO    | PipelineLogger.write | ARQUIVO...............: bin\Xml\Movimento\Cte\Schemas\4.00\evCancIECTe_v4.00.xsd
2026-09-10 12:02:14 | INFO    | PipelineLogger.write | ARQUIVO...............: bin\Xml\Movimento\Cte\Schemas\4.00\evCancPrestDesacordo_v4.00.xsd
2026-09-10 12:02:14 | INFO    | PipelineLogger.write | ARQUIVO...............: bin\Xml\Movimento\Cte\Schemas\4.00\evCCeCTe_v4.00.xsd
2026-09-10 12:02:14 | INFO    | PipelineLogger.write | ARQUIVO...............: bin\Xml\Movimento\Cte\Schemas\4.00\evCECTe_v4.00.xsd
2026-09-10 12:02:14 | INFO    | PipelineLogger.write | ARQUIVO...............: bin\Xml\Movimento\Cte\Schemas\4.00\eventoCTe_v4.00.xsd
2026-09-10 12:02:14 | INFO    | PipelineLogger.write | ARQUIVO...............: bin\Xml\Movimento\Cte\Schemas\4.00\eventoCTeTiposBasico_v4.00.xsd
2026-09-10 12:02:15 | INFO    | PipelineLogger.write | ARQUIVO...............: bin\Xml\Movimento\Cte\Schemas\4.00\evEPECCTe_v4.00.xsd
2026-09-10 12:02:15 | INFO    | PipelineLogger.write | ARQUIVO...............: bin\Xml\Movimento\Cte\Schemas\4.00\evGTV_v4.00.xsd
2026-09-10 12:02:15 | INFO    | PipelineLogger.write | ARQUIVO...............: bin\Xml\Movimento\Cte\Schemas\4.00\evIECTe_v4.00.xsd
2026-09-10 12:02:15 | INFO    | PipelineLogger.write | ARQUIVO...............: bin\Xml\Movimento\Cte\Schemas\4.00\evPrestDesacordo_v4.00.xsd
2026-09-10 12:02:15 | INFO    | PipelineLogger.write | ARQUIVO...............: bin\Xml\Movimento\Cte\Schemas\4.00\evRegMultimodal_v4.00.xsd
2026-09-10 12:02:15 | INFO    | PipelineLogger.write | ARQUIVO...............: bin\Xml\Movimento\Cte\Schemas\4.00\GTVe_v4.00.xsd
2026-09-10 12:02:15 | INFO    | PipelineLogger.write | ARQUIVO...............: bin\Xml\Movimento\Cte\Schemas\4.00\inutCTe_v4.00.xsd
2026-09-10 12:02:15 | INFO    | PipelineLogger.write | ARQUIVO...............: bin\Xml\Movimento\Cte\Schemas\4.00\inutCTeTiposBasico_v4.00.xsd
2026-09-10 12:02:15 | INFO    | PipelineLogger.write | ARQUIVO...............: bin\Xml\Movimento\Cte\Schemas\4.00\procCTe_v4.00.xsd
2026-09-10 12:02:15 | INFO    | PipelineLogger.write | ARQUIVO...............: bin\Xml\Movimento\Cte\Schemas\4.00\procCTeOS_v4.00.xsd
2026-09-10 12:02:15 | INFO    | PipelineLogger.write | ARQUIVO...............: bin\Xml\Movimento\Cte\Schemas\4.00\procEventoCTe_v4.00.xsd
2026-09-10 12:02:15 | INFO    | PipelineLogger.write | ARQUIVO...............: bin\Xml\Movimento\Cte\Schemas\4.00\procGTVe_v4.00.xsd
2026-09-10 12:02:15 | INFO    | PipelineLogger.write | ARQUIVO...............: bin\Xml\Movimento\Cte\Schemas\4.00\procInutCTe_v4.00.xsd
2026-09-10 12:02:15 | INFO    | PipelineLogger.write | ARQUIVO...............: bin\Xml\Movimento\Cte\Schemas\4.00\retConsSitCTe_v4.00.xsd
2026-09-10 12:02:16 | INFO    | PipelineLogger.write | ARQUIVO...............: bin\Xml\Movimento\Cte\Schemas\4.00\retConsStatServCTe_v4.00.xsd
2026-09-10 12:02:16 | INFO    | PipelineLogger.write | ARQUIVO...............: bin\Xml\Movimento\Cte\Schemas\4.00\retCTe_v4.00.xsd
2026-09-10 12:02:16 | INFO    | PipelineLogger.write | ARQUIVO...............: bin\Xml\Movimento\Cte\Schemas\4.00\retCTeOS_v4.00.xsd
2026-09-10 12:02:16 | INFO    | PipelineLogger.write | ARQUIVO...............: bin\Xml\Movimento\Cte\Schemas\4.00\retEventoCTe_v4.00.xsd
2026-09-10 12:02:16 | INFO    | PipelineLogger.write | ARQUIVO...............: bin\Xml\Movimento\Cte\Schemas\4.00\retGTVe_v4.00.xsd
2026-09-10 12:02:16 | INFO    | PipelineLogger.write | ARQUIVO...............: bin\Xml\Movimento\Cte\Schemas\4.00\retInutCTe_v4.00.xsd
2026-09-10 12:02:16 | INFO    | PipelineLogger.write | ARQUIVO...............: bin\Xml\Movimento\Cte\Schemas\4.00\tiposGeralCTe_v4.00.xsd
2026-09-10 12:02:16 | INFO    | PipelineLogger.write | ARQUIVO...............: bin\Xml\Movimento\Cte\Schemas\4.00\xmldsig-core-schema_v1.01.xsd
2026-09-10 12:02:16 | INFO    | PipelineLogger.write | ARQUIVO...............: bin\Xml\Movimento\NFe\Schemas\atuCadEmiDFe_v1.01.xsd
2026-09-10 12:02:16 | INFO    | PipelineLogger.write | ARQUIVO...............: bin\Xml\Movimento\NFe\Schemas\autorizacao_v1.00.xsd
2026-09-10 12:02:16 | INFO    | PipelineLogger.write | ARQUIVO...............: bin\Xml\Movimento\NFe\Schemas\autorizacaoRetorno_v1.00.xsd
2026-09-10 12:02:16 | INFO    | PipelineLogger.write | ARQUIVO...............: bin\Xml\Movimento\NFe\Schemas\Averb_v1.00.xsd
2026-09-10 12:02:16 | INFO    | PipelineLogger.write | ARQUIVO...............: bin\Xml\Movimento\NFe\Schemas\cabecMsg_v1.02.xsd
2026-09-10 12:02:16 | INFO    | PipelineLogger.write | ARQUIVO...............: bin\Xml\Movimento\NFe\Schemas\cadEmiDFe_v1.01.xsd
2026-09-10 12:02:17 | INFO    | PipelineLogger.write | ARQUIVO...............: bin\Xml\Movimento\NFe\Schemas\cancNFe_v2.00.xsd
2026-09-10 12:02:17 | INFO    | PipelineLogger.write | ARQUIVO...............: bin\Xml\Movimento\NFe\Schemas\CCe_v1.00.xsd
2026-09-10 12:02:17 | INFO    | PipelineLogger.write | ARQUIVO...............: bin\Xml\Movimento\NFe\Schemas\confRecebto_v1.00.xsd
2026-09-10 12:02:17 | INFO    | PipelineLogger.write | ARQUIVO...............: bin\Xml\Movimento\NFe\Schemas\consCad_v2.00.xsd
2026-09-10 12:02:18 | INFO    | PipelineLogger.write | ARQUIVO...............: bin\Xml\Movimento\NFe\Schemas\consCad_v3.10.xsd
2026-09-10 12:02:18 | INFO    | PipelineLogger.write | ARQUIVO...............: bin\Xml\Movimento\NFe\Schemas\consDPEC_v1.01.xsd
2026-09-10 12:02:18 | INFO    | PipelineLogger.write | ARQUIVO...............: bin\Xml\Movimento\NFe\Schemas\consGTIN_v1.00.xsd
2026-09-10 12:02:18 | INFO    | PipelineLogger.write | ARQUIVO...............: bin\Xml\Movimento\NFe\Schemas\consNFeDest_v1.01.xsd
2026-09-10 12:02:18 | INFO    | PipelineLogger.write | ARQUIVO...............: bin\Xml\Movimento\NFe\Schemas\consReciNFe_v2.00.xsd
2026-09-10 12:02:18 | INFO    | PipelineLogger.write | ARQUIVO...............: bin\Xml\Movimento\NFe\Schemas\consReciNFe_v3.10.xsd
2026-09-10 12:02:18 | INFO    | PipelineLogger.write | ARQUIVO...............: bin\Xml\Movimento\NFe\Schemas\consReciNFe_v4.00.xsd
2026-09-10 12:02:18 | INFO    | PipelineLogger.write | ARQUIVO...............: bin\Xml\Movimento\NFe\Schemas\consSitNFe_v2.00.xsd
2026-09-10 12:02:18 | INFO    | PipelineLogger.write | ARQUIVO...............: bin\Xml\Movimento\NFe\Schemas\consSitNFe_v2.01.xsd
2026-09-10 12:02:18 | INFO    | PipelineLogger.write | ARQUIVO...............: bin\Xml\Movimento\NFe\Schemas\consSitNFe_v3.10.xsd
2026-09-10 12:02:18 | INFO    | PipelineLogger.write | ARQUIVO...............: bin\Xml\Movimento\NFe\Schemas\consSitNFe_v4.00.xsd
2026-09-10 12:02:18 | INFO    | PipelineLogger.write | ARQUIVO...............: bin\Xml\Movimento\NFe\Schemas\consStatServ_v2.00.xsd
2026-09-10 12:02:18 | INFO    | PipelineLogger.write | ARQUIVO...............: bin\Xml\Movimento\NFe\Schemas\consStatServ_v3.10.xsd
2026-09-10 12:02:19 | INFO    | PipelineLogger.write | ARQUIVO...............: bin\Xml\Movimento\NFe\Schemas\consStatServ_v4.00.xsd
2026-09-10 12:02:19 | INFO    | PipelineLogger.write | ARQUIVO...............: bin\Xml\Movimento\NFe\Schemas\DFeTiposBasicos_v1.00.xsd
2026-09-10 12:02:19 | INFO    | PipelineLogger.write | ARQUIVO...............: bin\Xml\Movimento\NFe\Schemas\distDFeInt_v1.00.xsd
2026-09-10 12:02:19 | INFO    | PipelineLogger.write | ARQUIVO...............: bin\Xml\Movimento\NFe\Schemas\distDFeInt_v1.01.xsd
2026-09-10 12:02:19 | INFO    | PipelineLogger.write | ARQUIVO...............: bin\Xml\Movimento\NFe\Schemas\downloadNFe_v1.00.xsd
2026-09-10 12:02:19 | INFO    | PipelineLogger.write | ARQUIVO...............: bin\Xml\Movimento\NFe\Schemas\e110110_v1.00.xsd
2026-09-10 12:02:19 | INFO    | PipelineLogger.write | ARQUIVO...............: bin\Xml\Movimento\NFe\Schemas\e110111_v1.00.xsd
2026-09-10 12:02:19 | INFO    | PipelineLogger.write | ARQUIVO...............: bin\Xml\Movimento\NFe\Schemas\e110112_v1.00.xsd
2026-09-10 12:02:19 | INFO    | PipelineLogger.write | ARQUIVO...............: bin\Xml\Movimento\NFe\Schemas\e110130_v1.00.xsd
2026-09-10 12:02:19 | INFO    | PipelineLogger.write | ARQUIVO...............: bin\Xml\Movimento\NFe\Schemas\e110131_v1.00.xsd
2026-09-10 12:02:19 | INFO    | PipelineLogger.write | ARQUIVO...............: bin\Xml\Movimento\NFe\Schemas\e110140_v1.00.xsd
2026-09-10 12:02:19 | INFO    | PipelineLogger.write | ARQUIVO...............: bin\Xml\Movimento\NFe\Schemas\e110140NFCe_v1.00.xsd
2026-09-10 12:02:19 | INFO    | PipelineLogger.write | ARQUIVO...............: bin\Xml\Movimento\NFe\Schemas\e110140NFe_v1.00.xsd
2026-09-10 12:02:19 | INFO    | PipelineLogger.write | ARQUIVO...............: bin\Xml\Movimento\NFe\Schemas\e110150_v1.00.xsd
2026-09-10 12:02:20 | INFO    | PipelineLogger.write | ARQUIVO...............: bin\Xml\Movimento\NFe\Schemas\e110192_v1.00.xsd
2026-09-10 12:02:20 | INFO    | PipelineLogger.write | ARQUIVO...............: bin\Xml\Movimento\NFe\Schemas\e110193_v1.00.xsd
2026-09-10 12:02:20 | INFO    | PipelineLogger.write | ARQUIVO...............: bin\Xml\Movimento\NFe\Schemas\e110750_v1.00.xsd
2026-09-10 12:02:20 | INFO    | PipelineLogger.write | ARQUIVO...............: bin\Xml\Movimento\NFe\Schemas\e110751_v1.00.xsd
2026-09-10 12:02:20 | INFO    | PipelineLogger.write | ARQUIVO...............: bin\Xml\Movimento\NFe\Schemas\e111500_v1.00.xsd
2026-09-10 12:02:20 | INFO    | PipelineLogger.write | ARQUIVO...............: bin\Xml\Movimento\NFe\Schemas\e111501_v1.00.xsd
2026-09-10 12:02:20 | INFO    | PipelineLogger.write | ARQUIVO...............: bin\Xml\Movimento\NFe\Schemas\e111502_v1.00.xsd
2026-09-10 12:02:20 | INFO    | PipelineLogger.write | ARQUIVO...............: bin\Xml\Movimento\NFe\Schemas\e111503_v1.00.xsd
2026-09-10 12:02:20 | INFO    | PipelineLogger.write | ARQUIVO...............: bin\Xml\Movimento\NFe\Schemas\e210200_v1.00.xsd
2026-09-10 12:02:20 | INFO    | PipelineLogger.write | ARQUIVO...............: bin\Xml\Movimento\NFe\Schemas\e210210_v1.00.xsd
2026-09-10 12:02:20 | INFO    | PipelineLogger.write | ARQUIVO...............: bin\Xml\Movimento\NFe\Schemas\e210220_v1.00.xsd
2026-09-10 12:02:20 | INFO    | PipelineLogger.write | ARQUIVO...............: bin\Xml\Movimento\NFe\Schemas\e210240_v1.00.xsd
2026-09-10 12:02:20 | INFO    | PipelineLogger.write | ARQUIVO...............: bin\Xml\Movimento\NFe\Schemas\e411500_v1.00.xsd
2026-09-10 12:02:20 | INFO    | PipelineLogger.write | ARQUIVO...............: bin\Xml\Movimento\NFe\Schemas\e411501_v1.00.xsd
2026-09-10 12:02:21 | INFO    | PipelineLogger.write | ARQUIVO...............: bin\Xml\Movimento\NFe\Schemas\e411502_v1.00.xsd
2026-09-10 12:02:21 | INFO    | PipelineLogger.write | ARQUIVO...............: bin\Xml\Movimento\NFe\Schemas\e411503_v1.00.xsd
2026-09-10 12:02:21 | INFO    | PipelineLogger.write | ARQUIVO...............: bin\Xml\Movimento\NFe\Schemas\e610130_v1.00.xsd
2026-09-10 12:02:21 | INFO    | PipelineLogger.write | ARQUIVO...............: bin\Xml\Movimento\NFe\Schemas\e610131_v1.00.xsd
2026-09-10 12:02:21 | INFO    | PipelineLogger.write | ARQUIVO...............: bin\Xml\Movimento\NFe\Schemas\e790700_v1.00.xsd
2026-09-10 12:02:21 | INFO    | PipelineLogger.write | ARQUIVO...............: bin\Xml\Movimento\NFe\Schemas\e990900_v1.00.xsd
2026-09-10 12:02:21 | INFO    | PipelineLogger.write | ARQUIVO...............: bin\Xml\Movimento\NFe\Schemas\e990910_v1.00.xsd
2026-09-10 12:02:21 | INFO    | PipelineLogger.write | ARQUIVO...............: bin\Xml\Movimento\NFe\Schemas\envAverb_v1.00.xsd
2026-09-10 12:02:21 | INFO    | PipelineLogger.write | ARQUIVO...............: bin\Xml\Movimento\NFe\Schemas\envCancelPProrrogNFe_v1.0.xsd
2026-09-10 12:02:21 | INFO    | PipelineLogger.write | ARQUIVO...............: bin\Xml\Movimento\NFe\Schemas\envCCe_v1.00.xsd
2026-09-10 12:02:21 | INFO    | PipelineLogger.write | ARQUIVO...............: bin\Xml\Movimento\NFe\Schemas\envComprovanteEntregaNFe_v1.00.xsd
2026-09-10 12:02:21 | INFO    | PipelineLogger.write | ARQUIVO...............: bin\Xml\Movimento\NFe\Schemas\envConfRecebto_v1.00.xsd
2026-09-10 12:02:21 | INFO    | PipelineLogger.write | ARQUIVO...............: bin\Xml\Movimento\NFe\Schemas\envDPEC_v1.01.xsd
2026-09-10 12:02:22 | INFO    | PipelineLogger.write | ARQUIVO...............: bin\Xml\Movimento\NFe\Schemas\envEPEC_v1.00.xsd
2026-09-10 12:02:22 | INFO    | PipelineLogger.write | ARQUIVO...............: bin\Xml\Movimento\NFe\Schemas\envEvento_v1.00.xsd
2026-09-10 12:02:23 | INFO    | PipelineLogger.write | ARQUIVO...............: bin\Xml\Movimento\NFe\Schemas\envEventoAtorInteressado_v1.00.xsd
2026-09-10 12:02:23 | INFO    | PipelineLogger.write | ARQUIVO...............: bin\Xml\Movimento\NFe\Schemas\envEventoCancEConf_v1.00.xsd
2026-09-10 12:02:23 | INFO    | PipelineLogger.write | ARQUIVO...............: bin\Xml\Movimento\NFe\Schemas\envEventoCancEntregaNFe_v1.00.xsd
2026-09-10 12:02:23 | INFO    | PipelineLogger.write | ARQUIVO...............: bin\Xml\Movimento\NFe\Schemas\envEventoCancInsucessoNFe_v1.00.xsd
2026-09-10 12:02:23 | INFO    | PipelineLogger.write | ARQUIVO...............: bin\Xml\Movimento\NFe\Schemas\envEventoCancNFe_v1.00.xsd
2026-09-10 12:02:23 | INFO    | PipelineLogger.write | ARQUIVO...............: bin\Xml\Movimento\NFe\Schemas\envEventoCancSubst_v1.00.xsd
2026-09-10 12:02:23 | INFO    | PipelineLogger.write | ARQUIVO...............: bin\Xml\Movimento\NFe\Schemas\envEventoEConf_v1.00.xsd
2026-09-10 12:02:23 | INFO    | PipelineLogger.write | ARQUIVO...............: bin\Xml\Movimento\NFe\Schemas\envEventoEntregaNFe_v1.00.xsd
2026-09-10 12:02:23 | INFO    | PipelineLogger.write | ARQUIVO...............: bin\Xml\Movimento\NFe\Schemas\envEventoInsucessoNFe_v1.00.xsd
2026-09-10 12:02:23 | INFO    | PipelineLogger.write | ARQUIVO...............: bin\Xml\Movimento\NFe\Schemas\envFiscoNfe_v1.0.xsd
2026-09-10 12:02:23 | INFO    | PipelineLogger.write | ARQUIVO...............: bin\Xml\Movimento\NFe\Schemas\enviNFe_v2.00.xsd
2026-09-10 12:02:24 | INFO    | PipelineLogger.write | ARQUIVO...............: bin\Xml\Movimento\NFe\Schemas\enviNFe_v3.10.xsd
2026-09-10 12:02:24 | INFO    | PipelineLogger.write | ARQUIVO...............: bin\Xml\Movimento\NFe\Schemas\enviNFe_v4.00.xsd
2026-09-10 12:02:24 | INFO    | PipelineLogger.write | ARQUIVO...............: bin\Xml\Movimento\NFe\Schemas\envPProrrogNFe_v1.0.xsd
2026-09-10 12:02:24 | INFO    | PipelineLogger.write | ARQUIVO...............: bin\Xml\Movimento\NFe\Schemas\envRemIndus_v1.00.xsd
2026-09-10 12:02:24 | INFO    | PipelineLogger.write | ARQUIVO...............: bin\Xml\Movimento\NFe\Schemas\envSuframaInternaliza_v1.00.xsd
2026-09-10 12:02:24 | INFO    | PipelineLogger.write | ARQUIVO...............: bin\Xml\Movimento\NFe\Schemas\envSuframaVistoria_v1.00.xsd
2026-09-10 12:02:24 | INFO    | PipelineLogger.write | ARQUIVO...............: bin\Xml\Movimento\NFe\Schemas\EPEC_v1.00.xsd
2026-09-10 12:02:24 | INFO    | PipelineLogger.write | ARQUIVO...............: bin\Xml\Movimento\NFe\Schemas\eventoAtorInteressado_v1.00.xsd
2026-09-10 12:02:24 | INFO    | PipelineLogger.write | ARQUIVO...............: bin\Xml\Movimento\NFe\Schemas\EventoCancEConf_v1.00.xsd
2026-09-10 12:02:24 | INFO    | PipelineLogger.write | ARQUIVO...............: bin\Xml\Movimento\NFe\Schemas\eventoCancEntregaNFe_v1.00.xsd
2026-09-10 12:02:24 | INFO    | PipelineLogger.write | ARQUIVO...............: bin\Xml\Movimento\NFe\Schemas\EventoCancInsucessoNFe_v1.00.xsd
2026-09-10 12:02:24 | INFO    | PipelineLogger.write | ARQUIVO...............: bin\Xml\Movimento\NFe\Schemas\eventoCancNFe_v1.00.xsd
2026-09-10 12:02:24 | INFO    | PipelineLogger.write | ARQUIVO...............: bin\Xml\Movimento\NFe\Schemas\eventoCancSubst_v1.00.xsd
2026-09-10 12:02:24 | INFO    | PipelineLogger.write | ARQUIVO...............: bin\Xml\Movimento\NFe\Schemas\EventoEConf_v1.00.xsd
2026-09-10 12:02:25 | INFO    | PipelineLogger.write | ARQUIVO...............: bin\Xml\Movimento\NFe\Schemas\eventoEntregaNFe_v1.00.xsd
2026-09-10 12:02:25 | INFO    | PipelineLogger.write | ARQUIVO...............: bin\Xml\Movimento\NFe\Schemas\eventoEPEC_v0.01.xsd
2026-09-10 12:02:25 | INFO    | PipelineLogger.write | ARQUIVO...............: bin\Xml\Movimento\NFe\Schemas\eventoEPEC_v1.00.xsd
2026-09-10 12:02:25 | INFO    | PipelineLogger.write | ARQUIVO...............: bin\Xml\Movimento\NFe\Schemas\EventoInsucessoNFe_v1.00.xsd
2026-09-10 12:02:25 | INFO    | PipelineLogger.write | ARQUIVO...............: bin\Xml\Movimento\NFe\Schemas\eventoRemIndus_v1.00.xsd
2026-09-10 12:02:25 | INFO    | PipelineLogger.write | ARQUIVO...............: bin\Xml\Movimento\NFe\Schemas\inutNFe_v2.00.xsd
2026-09-10 12:02:25 | INFO    | PipelineLogger.write | ARQUIVO...............: bin\Xml\Movimento\NFe\Schemas\inutNFe_v3.10.xsd
2026-09-10 12:02:25 | INFO    | PipelineLogger.write | ARQUIVO...............: bin\Xml\Movimento\NFe\Schemas\inutNFe_v4.00.xsd
2026-09-10 12:02:25 | INFO    | PipelineLogger.write | ARQUIVO...............: bin\Xml\Movimento\NFe\Schemas\leiauteAverb_v1.00.xsd
2026-09-10 12:02:25 | INFO    | PipelineLogger.write | ARQUIVO...............: bin\Xml\Movimento\NFe\Schemas\LeiauteCadastroEmissorDFe_v1.01.xsd
2026-09-10 12:02:25 | INFO    | PipelineLogger.write | ARQUIVO...............: bin\Xml\Movimento\NFe\Schemas\leiauteCancNFe_v2.00.xsd
2026-09-10 12:02:25 | INFO    | PipelineLogger.write | ARQUIVO...............: bin\Xml\Movimento\NFe\Schemas\leiauteCCe_v1.00.xsd
2026-09-10 12:02:25 | INFO    | PipelineLogger.write | ARQUIVO...............: bin\Xml\Movimento\NFe\Schemas\leiauteCcgConsGTIN_v1.00.xsd
2026-09-10 12:02:25 | INFO    | PipelineLogger.write | ARQUIVO...............: bin\Xml\Movimento\NFe\Schemas\leiauteComprovanteEntregaNFe_v1.00.xsd
2026-09-10 12:02:26 | INFO    | PipelineLogger.write | ARQUIVO...............: bin\Xml\Movimento\NFe\Schemas\leiauteConfRecebto_v1.00.xsd
2026-09-10 12:02:26 | INFO    | PipelineLogger.write | ARQUIVO...............: bin\Xml\Movimento\NFe\Schemas\leiauteConsNFeDest_v1.01.xsd
2026-09-10 12:02:26 | INFO    | PipelineLogger.write | ARQUIVO...............: bin\Xml\Movimento\NFe\Schemas\leiauteConsSitNFe_v2.01.xsd
2026-09-10 12:02:26 | INFO    | PipelineLogger.write | ARQUIVO...............: bin\Xml\Movimento\NFe\Schemas\leiauteConsSitNFe_v3.10.xsd
2026-09-10 12:02:26 | INFO    | PipelineLogger.write | ARQUIVO...............: bin\Xml\Movimento\NFe\Schemas\leiauteConsSitNFe_v4.00.xsd
2026-09-10 12:02:26 | INFO    | PipelineLogger.write | ARQUIVO...............: bin\Xml\Movimento\NFe\Schemas\leiauteConsStatServ_v2.00.xsd
2026-09-10 12:02:26 | INFO    | PipelineLogger.write | ARQUIVO...............: bin\Xml\Movimento\NFe\Schemas\leiauteConsStatServ_v3.10.xsd
2026-09-10 12:02:26 | INFO    | PipelineLogger.write | ARQUIVO...............: bin\Xml\Movimento\NFe\Schemas\leiauteConsStatServ_v4.00.xsd
2026-09-10 12:02:26 | INFO    | PipelineLogger.write | ARQUIVO...............: bin\Xml\Movimento\NFe\Schemas\leiauteConsultaCadastro_v1.01.xsd
2026-09-10 12:02:27 | INFO    | PipelineLogger.write | ARQUIVO...............: bin\Xml\Movimento\NFe\Schemas\leiauteConsultaCadastro_v2.00.xsd
2026-09-10 12:02:27 | INFO    | PipelineLogger.write | ARQUIVO...............: bin\Xml\Movimento\NFe\Schemas\leiauteConsultaCadastro_v3.10.xsd
2026-09-10 12:02:28 | INFO    | PipelineLogger.write | ARQUIVO...............: bin\Xml\Movimento\NFe\Schemas\leiauteDownloadNFe_v1.00.xsd
2026-09-10 12:02:28 | INFO    | PipelineLogger.write | ARQUIVO...............: bin\Xml\Movimento\NFe\Schemas\leiauteDPEC_v1.01.xsd
2026-09-10 12:02:28 | INFO    | PipelineLogger.write | ARQUIVO...............: bin\Xml\Movimento\NFe\Schemas\leiauteEPEC_v1.00.xsd
2026-09-10 12:02:28 | INFO    | PipelineLogger.write | ARQUIVO...............: bin\Xml\Movimento\NFe\Schemas\leiauteEvento_v1.00.xsd
2026-09-10 12:02:28 | INFO    | PipelineLogger.write | ARQUIVO...............: bin\Xml\Movimento\NFe\Schemas\leiauteEventoAtorInteressado_v1.00.xsd
2026-09-10 12:02:28 | INFO    | PipelineLogger.write | ARQUIVO...............: bin\Xml\Movimento\NFe\Schemas\leiauteEventoCancEConf_v1.00.xsd
2026-09-10 12:02:29 | INFO    | PipelineLogger.write | ARQUIVO...............: bin\Xml\Movimento\NFe\Schemas\leiauteEventoCancEntregaNFe_v1.00.xsd
2026-09-10 12:02:29 | INFO    | PipelineLogger.write | ARQUIVO...............: bin\Xml\Movimento\NFe\Schemas\leiauteEventoCancInsucessoNFe_v1.00.xsd
2026-09-10 12:02:29 | INFO    | PipelineLogger.write | ARQUIVO...............: bin\Xml\Movimento\NFe\Schemas\leiauteEventoCancNFe_v1.00.xsd
2026-09-10 12:02:29 | INFO    | PipelineLogger.write | ARQUIVO...............: bin\Xml\Movimento\NFe\Schemas\leiauteEventoCancSubst_v1.00.xsd
2026-09-10 12:02:29 | INFO    | PipelineLogger.write | ARQUIVO...............: bin\Xml\Movimento\NFe\Schemas\leiauteEventoEConf_v1.00.xsd
2026-09-10 12:02:29 | INFO    | PipelineLogger.write | ARQUIVO...............: bin\Xml\Movimento\NFe\Schemas\leiauteEventoEntregaNFe_v1.00.xsd
2026-09-10 12:02:29 | INFO    | PipelineLogger.write | ARQUIVO...............: bin\Xml\Movimento\NFe\Schemas\leiauteEventoInsucessoNFe_v1.00.xsd
2026-09-10 12:02:29 | INFO    | PipelineLogger.write | ARQUIVO...............: bin\Xml\Movimento\NFe\Schemas\leiauteInutNFe_v2.00.xsd
2026-09-10 12:02:29 | INFO    | PipelineLogger.write | ARQUIVO...............: bin\Xml\Movimento\NFe\Schemas\leiauteInutNFe_v3.10.xsd
2026-09-10 12:02:29 | INFO    | PipelineLogger.write | ARQUIVO...............: bin\Xml\Movimento\NFe\Schemas\leiauteInutNFe_v4.00.xsd
2026-09-10 12:02:29 | INFO    | PipelineLogger.write | ARQUIVO...............: bin\Xml\Movimento\NFe\Schemas\leiauteLivroCombustivel_v1.00.xsd
2026-09-10 12:02:29 | INFO    | PipelineLogger.write | ARQUIVO...............: bin\Xml\Movimento\NFe\Schemas\leiauteLMCAutorizacao_v1.00.xsd
2026-09-10 12:02:30 | INFO    | PipelineLogger.write | ARQUIVO...............: bin\Xml\Movimento\NFe\Schemas\leiauteLMCAutorizacaoRetorno_v1.00.xsd
2026-09-10 12:02:30 | INFO    | PipelineLogger.write | ARQUIVO...............: bin\Xml\Movimento\NFe\Schemas\leiauteLMCStatusServico_v1.00.xsd
2026-09-10 12:02:30 | INFO    | PipelineLogger.write | ARQUIVO...............: bin\Xml\Movimento\NFe\Schemas\leiauteNFe_v2.00.xsd
2026-09-10 12:02:30 | INFO    | PipelineLogger.write | ARQUIVO...............: bin\Xml\Movimento\NFe\Schemas\leiauteNFe_v3.10.xsd
2026-09-10 12:02:30 | INFO    | PipelineLogger.write | ARQUIVO...............: bin\Xml\Movimento\NFe\Schemas\leiauteNFe_v4.00.xsd
2026-09-10 12:02:30 | INFO    | PipelineLogger.write | ARQUIVO...............: bin\Xml\Movimento\NFe\Schemas\leiauteNFe_v4.00_Homologacao.xsd
2026-09-10 12:02:30 | INFO    | PipelineLogger.write | ARQUIVO...............: bin\Xml\Movimento\NFe\Schemas\leiauteProtLivroCombustivel_v1.00.xsd
2026-09-10 12:02:30 | INFO    | PipelineLogger.write | ARQUIVO...............: bin\Xml\Movimento\NFe\Schemas\leiauteRemIndus_v1.00.xsd
2026-09-10 12:02:30 | INFO    | PipelineLogger.write | ARQUIVO...............: bin\Xml\Movimento\NFe\Schemas\leiauteSRE_v1.00.xsd
2026-09-10 12:02:30 | INFO    | PipelineLogger.write | ARQUIVO...............: bin\Xml\Movimento\NFe\Schemas\leiauteSuframaInternaliza_v1.00.xsd
2026-09-10 12:02:30 | INFO    | PipelineLogger.write | ARQUIVO...............: bin\Xml\Movimento\NFe\Schemas\leiauteSuframaVistoria_v1.00.xsd
2026-09-10 12:02:30 | INFO    | PipelineLogger.write | ARQUIVO...............: bin\Xml\Movimento\NFe\Schemas\livroCombustivel_v1.00.xsd
2026-09-10 12:02:31 | INFO    | PipelineLogger.write | ARQUIVO...............: bin\Xml\Movimento\NFe\Schemas\lmcComum_v1.00.xsd
2026-09-10 12:02:31 | INFO    | PipelineLogger.write | ARQUIVO...............: bin\Xml\Movimento\NFe\Schemas\nfe_v2.00.xsd
2026-09-10 12:02:31 | INFO    | PipelineLogger.write | ARQUIVO...............: bin\Xml\Movimento\NFe\Schemas\nfe_v3.10.xsd
2026-09-10 12:02:31 | INFO    | PipelineLogger.write | ARQUIVO...............: bin\Xml\Movimento\NFe\Schemas\nfe_v4.00.xsd
2026-09-10 12:02:31 | INFO    | PipelineLogger.write | ARQUIVO...............: bin\Xml\Movimento\NFe\Schemas\procAverbNFe_v1.00.xsd
2026-09-10 12:02:31 | INFO    | PipelineLogger.write | ARQUIVO...............: bin\Xml\Movimento\NFe\Schemas\procCancNFe_v2.00.xsd
2026-09-10 12:02:31 | INFO    | PipelineLogger.write | ARQUIVO...............: bin\Xml\Movimento\NFe\Schemas\procCCeNFe_v1.00.xsd
2026-09-10 12:02:31 | INFO    | PipelineLogger.write | ARQUIVO...............: bin\Xml\Movimento\NFe\Schemas\procComprovanteEntregaNFe_v1.00.xsd
2026-09-10 12:02:32 | INFO    | PipelineLogger.write | ARQUIVO...............: bin\Xml\Movimento\NFe\Schemas\procConfRecebtoNFe_v1.00.xsd
2026-09-10 12:02:32 | INFO    | PipelineLogger.write | ARQUIVO...............: bin\Xml\Movimento\NFe\Schemas\procEPEC_v1.00.xsd
2026-09-10 12:02:32 | INFO    | PipelineLogger.write | ARQUIVO...............: bin\Xml\Movimento\NFe\Schemas\procEventoAtorInteressado_v1.00.xsd
2026-09-10 12:02:32 | INFO    | PipelineLogger.write | ARQUIVO...............: bin\Xml\Movimento\NFe\Schemas\procEventoCancEConf_v1.00.xsd
2026-09-10 12:02:32 | INFO    | PipelineLogger.write | ARQUIVO...............: bin\Xml\Movimento\NFe\Schemas\procEventoCancEntregaNFe_v1.00.xsd
2026-09-10 12:02:32 | INFO    | PipelineLogger.write | ARQUIVO...............: bin\Xml\Movimento\NFe\Schemas\procEventoCancInsucessoNFe_v1.00.xsd
2026-09-10 12:02:32 | INFO    | PipelineLogger.write | ARQUIVO...............: bin\Xml\Movimento\NFe\Schemas\procEventoCancNFe_v1.00.xsd
2026-09-10 12:02:32 | INFO    | PipelineLogger.write | ARQUIVO...............: bin\Xml\Movimento\NFe\Schemas\procEventoCancSubst_v1.00.xsd
2026-09-10 12:02:32 | INFO    | PipelineLogger.write | ARQUIVO...............: bin\Xml\Movimento\NFe\Schemas\procEventoEConf_v1.00.xsd
2026-09-10 12:02:33 | INFO    | PipelineLogger.write | ARQUIVO...............: bin\Xml\Movimento\NFe\Schemas\procEventoEntregaNFe_v1.00.xsd
2026-09-10 12:02:33 | INFO    | PipelineLogger.write | ARQUIVO...............: bin\Xml\Movimento\NFe\Schemas\procEventoInsucessoNFe_v1.00.xsd
2026-09-10 12:02:33 | INFO    | PipelineLogger.write | ARQUIVO...............: bin\Xml\Movimento\NFe\Schemas\procEventoNFe_v1.00.xsd
2026-09-10 12:02:33 | INFO    | PipelineLogger.write | ARQUIVO...............: bin\Xml\Movimento\NFe\Schemas\procEventoNFe_v99.99.xsd
2026-09-10 12:02:33 | INFO    | PipelineLogger.write | ARQUIVO...............: bin\Xml\Movimento\NFe\Schemas\procInutNFe_v2.00.xsd
2026-09-10 12:02:33 | INFO    | PipelineLogger.write | ARQUIVO...............: bin\Xml\Movimento\NFe\Schemas\procInutNFe_v3.10.xsd
2026-09-10 12:02:33 | INFO    | PipelineLogger.write | ARQUIVO...............: bin\Xml\Movimento\NFe\Schemas\procInutNFe_v4.00.xsd
2026-09-10 12:02:33 | INFO    | PipelineLogger.write | ARQUIVO...............: bin\Xml\Movimento\NFe\Schemas\procNFe_v2.00.xsd
2026-09-10 12:02:33 | INFO    | PipelineLogger.write | ARQUIVO...............: bin\Xml\Movimento\NFe\Schemas\procNFe_v3.10.xsd
2026-09-10 12:02:33 | INFO    | PipelineLogger.write | ARQUIVO...............: bin\Xml\Movimento\NFe\Schemas\procNFe_v4.00.xsd
2026-09-10 12:02:33 | INFO    | PipelineLogger.write | ARQUIVO...............: bin\Xml\Movimento\NFe\Schemas\procRemIndus_v1.00.xsd
2026-09-10 12:02:33 | INFO    | PipelineLogger.write | ARQUIVO...............: bin\Xml\Movimento\NFe\Schemas\prod_leiauteNFe_v4.00.xsd
2026-09-10 12:02:34 | INFO    | PipelineLogger.write | ARQUIVO...............: bin\Xml\Movimento\NFe\Schemas\resEvento_v1.00.xsd
2026-09-10 12:02:34 | INFO    | PipelineLogger.write | ARQUIVO...............: bin\Xml\Movimento\NFe\Schemas\resEvento_v1.01.xsd
2026-09-10 12:02:34 | INFO    | PipelineLogger.write | ARQUIVO...............: bin\Xml\Movimento\NFe\Schemas\resNFe_v1.00.xsd
2026-09-10 12:02:34 | INFO    | PipelineLogger.write | ARQUIVO...............: bin\Xml\Movimento\NFe\Schemas\resNFe_v1.01.xsd
2026-09-10 12:02:34 | INFO    | PipelineLogger.write | ARQUIVO...............: bin\Xml\Movimento\NFe\Schemas\retAtuCadEmiDFe_v1.01.xsd
2026-09-10 12:02:34 | INFO    | PipelineLogger.write | ARQUIVO...............: bin\Xml\Movimento\NFe\Schemas\retCancNFe_v2.00.xsd
2026-09-10 12:02:34 | INFO    | PipelineLogger.write | ARQUIVO...............: bin\Xml\Movimento\NFe\Schemas\retComprovanteEntregaNFe_v1.00.xsd
2026-09-10 12:02:34 | INFO    | PipelineLogger.write | ARQUIVO...............: bin\Xml\Movimento\NFe\Schemas\retConsCad_v2.00.xsd
2026-09-10 12:02:34 | INFO    | PipelineLogger.write | ARQUIVO...............: bin\Xml\Movimento\NFe\Schemas\retConsDPEC_v1.01.xsd
2026-09-10 12:02:34 | INFO    | PipelineLogger.write | ARQUIVO...............: bin\Xml\Movimento\NFe\Schemas\retConsGTIN_v1.00.xsd
2026-09-10 12:02:34 | INFO    | PipelineLogger.write | ARQUIVO...............: bin\Xml\Movimento\NFe\Schemas\retconsNFeDest_v1.01.xsd
2026-09-10 12:02:34 | INFO    | PipelineLogger.write | ARQUIVO...............: bin\Xml\Movimento\NFe\Schemas\retConsReciNFe_v2.00.xsd
2026-09-10 12:02:35 | INFO    | PipelineLogger.write | ARQUIVO...............: bin\Xml\Movimento\NFe\Schemas\retConsReciNFe_v3.10.xsd
2026-09-10 12:02:35 | INFO    | PipelineLogger.write | ARQUIVO...............: bin\Xml\Movimento\NFe\Schemas\retConsReciNFe_v4.00.xsd
2026-09-10 12:02:35 | INFO    | PipelineLogger.write | ARQUIVO...............: bin\Xml\Movimento\NFe\Schemas\retConsSitNFe_v2.01.xsd
2026-09-10 12:02:35 | INFO    | PipelineLogger.write | ARQUIVO...............: bin\Xml\Movimento\NFe\Schemas\retConsSitNFe_v3.10.xsd
2026-09-10 12:02:35 | INFO    | PipelineLogger.write | ARQUIVO...............: bin\Xml\Movimento\NFe\Schemas\retConsSitNFe_v4.00.xsd
2026-09-10 12:02:35 | INFO    | PipelineLogger.write | ARQUIVO...............: bin\Xml\Movimento\NFe\Schemas\retConsStatServ_v2.00.xsd
2026-09-10 12:02:35 | INFO    | PipelineLogger.write | ARQUIVO...............: bin\Xml\Movimento\NFe\Schemas\retConsStatServ_v3.10.xsd
2026-09-10 12:02:35 | INFO    | PipelineLogger.write | ARQUIVO...............: bin\Xml\Movimento\NFe\Schemas\retConsStatServ_v4.00.xsd
2026-09-10 12:02:35 | INFO    | PipelineLogger.write | ARQUIVO...............: bin\Xml\Movimento\NFe\Schemas\retDistDFeInt_v1.00.xsd
2026-09-10 12:02:35 | INFO    | PipelineLogger.write | ARQUIVO...............: bin\Xml\Movimento\NFe\Schemas\retDistDFeInt_v1.01.xsd
2026-09-10 12:02:35 | INFO    | PipelineLogger.write | ARQUIVO...............: bin\Xml\Movimento\NFe\Schemas\retDownloadNFe_v1.00.xsd
2026-09-10 12:02:35 | INFO    | PipelineLogger.write | ARQUIVO...............: bin\Xml\Movimento\NFe\Schemas\retDPEC_v1.01.xsd
2026-09-10 12:02:36 | INFO    | PipelineLogger.write | ARQUIVO...............: bin\Xml\Movimento\NFe\Schemas\retEnvAverb_v1.00.xsd
2026-09-10 12:02:36 | INFO    | PipelineLogger.write | ARQUIVO...............: bin\Xml\Movimento\NFe\Schemas\retEnvCancelPProrrogNFe_v1.0.xsd
2026-09-10 12:02:36 | INFO    | PipelineLogger.write | ARQUIVO...............: bin\Xml\Movimento\NFe\Schemas\retEnvCCe_v1.00.xsd
2026-09-10 12:02:36 | INFO    | PipelineLogger.write | ARQUIVO...............: bin\Xml\Movimento\NFe\Schemas\retEnvConfRecebto_v1.00.xsd
2026-09-10 12:02:36 | INFO    | PipelineLogger.write | ARQUIVO...............: bin\Xml\Movimento\NFe\Schemas\retEnvEPEC_v1.00.xsd
2026-09-10 12:02:36 | INFO    | PipelineLogger.write | ARQUIVO...............: bin\Xml\Movimento\NFe\Schemas\retEnvEvento_v1.00.xsd
2026-09-10 12:02:36 | INFO    | PipelineLogger.write | ARQUIVO...............: bin\Xml\Movimento\NFe\Schemas\retEnvEventoAtorInteressado_v1.00.xsd
2026-09-10 12:02:36 | INFO    | PipelineLogger.write | ARQUIVO...............: bin\Xml\Movimento\NFe\Schemas\retEnvEventoCancNFe_v1.00.xsd
2026-09-10 12:02:36 | INFO    | PipelineLogger.write | ARQUIVO...............: bin\Xml\Movimento\NFe\Schemas\retEnvEventoCancSubst_v1.00.xsd
2026-09-10 12:02:36 | INFO    | PipelineLogger.write | ARQUIVO...............: bin\Xml\Movimento\NFe\Schemas\retEnvFiscoNFe_v1.0.xsd
2026-09-10 12:02:37 | INFO    | PipelineLogger.write | ARQUIVO...............: bin\Xml\Movimento\NFe\Schemas\retEnviNFe_v2.00.xsd
2026-09-10 12:02:37 | INFO    | PipelineLogger.write | ARQUIVO...............: bin\Xml\Movimento\NFe\Schemas\retEnviNFe_v3.10.xsd
2026-09-10 12:02:37 | INFO    | PipelineLogger.write | ARQUIVO...............: bin\Xml\Movimento\NFe\Schemas\retEnviNFe_v4.00.xsd
2026-09-10 12:02:37 | INFO    | PipelineLogger.write | ARQUIVO...............: bin\Xml\Movimento\NFe\Schemas\retEnvRemIndus_v1.00.xsd
2026-09-10 12:02:37 | INFO    | PipelineLogger.write | ARQUIVO...............: bin\Xml\Movimento\NFe\Schemas\retEnvSuframaInternaliza_v1.00.xsd
2026-09-10 12:02:37 | INFO    | PipelineLogger.write | ARQUIVO...............: bin\Xml\Movimento\NFe\Schemas\retEnvSuframaVistoria_v1.00.xsd
2026-09-10 12:02:38 | INFO    | PipelineLogger.write | ARQUIVO...............: bin\Xml\Movimento\NFe\Schemas\retEventoCancEConf_v1.00.xsd
2026-09-10 12:02:38 | INFO    | PipelineLogger.write | ARQUIVO...............: bin\Xml\Movimento\NFe\Schemas\retEventoCancEntregaNFe_v1.00.xsd
2026-09-10 12:02:38 | INFO    | PipelineLogger.write | ARQUIVO...............: bin\Xml\Movimento\NFe\Schemas\retEventoCancInsucessoNFe_v1.00.xsd
2026-09-10 12:02:38 | INFO    | PipelineLogger.write | ARQUIVO...............: bin\Xml\Movimento\NFe\Schemas\retEventoEConf_v1.00.xsd
2026-09-10 12:02:39 | INFO    | PipelineLogger.write | ARQUIVO...............: bin\Xml\Movimento\NFe\Schemas\retEventoEntregaNFe_v1.00.xsd
2026-09-10 12:02:39 | INFO    | PipelineLogger.write | ARQUIVO...............: bin\Xml\Movimento\NFe\Schemas\retEventoEPEC_v0.01.xsd
2026-09-10 12:02:39 | INFO    | PipelineLogger.write | ARQUIVO...............: bin\Xml\Movimento\NFe\Schemas\retEventoInsucessoNFe_v1.00.xsd
2026-09-10 12:02:39 | INFO    | PipelineLogger.write | ARQUIVO...............: bin\Xml\Movimento\NFe\Schemas\retInutNFe_v2.00.xsd
2026-09-10 12:02:39 | INFO    | PipelineLogger.write | ARQUIVO...............: bin\Xml\Movimento\NFe\Schemas\retInutNFe_v3.10.xsd
2026-09-10 12:02:39 | INFO    | PipelineLogger.write | ARQUIVO...............: bin\Xml\Movimento\NFe\Schemas\retInutNFe_v4.00.xsd
2026-09-10 12:02:39 | INFO    | PipelineLogger.write | ARQUIVO...............: bin\Xml\Movimento\NFe\Schemas\retPProrrogNFe_v1.0.xsd
2026-09-10 12:02:39 | INFO    | PipelineLogger.write | ARQUIVO...............: bin\Xml\Movimento\NFe\Schemas\statusServico_v1.00.xsd
2026-09-10 12:02:39 | INFO    | PipelineLogger.write | ARQUIVO...............: bin\Xml\Movimento\NFe\Schemas\SuframaInternaliza_v1.00.xsd
2026-09-10 12:02:39 | INFO    | PipelineLogger.write | ARQUIVO...............: bin\Xml\Movimento\NFe\Schemas\SuframaVistoria_v1.00.xsd
2026-09-10 12:02:39 | INFO    | PipelineLogger.write | ARQUIVO...............: bin\Xml\Movimento\NFe\Schemas\tiposBasico_v1.00.xsd
2026-09-10 12:02:40 | INFO    | PipelineLogger.write | ARQUIVO...............: bin\Xml\Movimento\NFe\Schemas\tiposBasico_v1.03.xsd
2026-09-10 12:02:40 | INFO    | PipelineLogger.write | ARQUIVO...............: bin\Xml\Movimento\NFe\Schemas\tiposBasico_v1.03_OPENSSL.xsd
2026-09-10 12:02:41 | INFO    | PipelineLogger.write | ARQUIVO...............: bin\Xml\Movimento\NFe\Schemas\tiposBasico_v3.10.xsd
2026-09-10 12:02:41 | INFO    | PipelineLogger.write | ARQUIVO...............: bin\Xml\Movimento\NFe\Schemas\tiposBasico_v3.10_OPENSSL.xsd
2026-09-10 12:02:41 | INFO    | PipelineLogger.write | ARQUIVO...............: bin\Xml\Movimento\NFe\Schemas\tiposBasico_v4.00.xsd
2026-09-10 12:02:41 | INFO    | PipelineLogger.write | ARQUIVO...............: bin\Xml\Movimento\NFe\Schemas\tiposBasicosCcgConsGTIN_v1.00.xsd
2026-09-10 12:02:41 | INFO    | PipelineLogger.write | ARQUIVO...............: bin\Xml\Movimento\NFe\Schemas\tiposDistDFe_v1.00.xsd
2026-09-10 12:02:41 | INFO    | PipelineLogger.write | ARQUIVO...............: bin\Xml\Movimento\NFe\Schemas\tiposDistDFe_v1.01.xsd
2026-09-10 12:02:41 | INFO    | PipelineLogger.write | ARQUIVO...............: bin\Xml\Movimento\NFe\Schemas\xmldsig-core-schema_v1.01.xsd
2026-09-10 12:02:41 | INFO    | PipelineLogger.write | ARQUIVO...............: bin\Xml\Movimento\NFSe\Abaco\1.00\nfse_v2010.xsd
2026-09-10 12:02:41 | INFO    | PipelineLogger.write | ARQUIVO...............: bin\Xml\Movimento\NFSe\Abaco\1.00\xmldsig-core-schema20020212.xsd
2026-09-10 12:02:41 | INFO    | PipelineLogger.write | ARQUIVO...............: bin\Xml\Movimento\NFSe\Abaco\1.01\nfse_v2010.xsd
2026-09-10 12:02:41 | INFO    | PipelineLogger.write | ARQUIVO...............: bin\Xml\Movimento\NFSe\Abaco\1.01\xmldsig-core-schema20020212.xsd
2026-09-10 12:02:41 | INFO    | PipelineLogger.write | ARQUIVO...............: bin\Xml\Movimento\NFSe\Abaco\2.04\nfse.xsd
2026-09-10 12:02:42 | INFO    | PipelineLogger.write | ARQUIVO...............: bin\Xml\Movimento\NFSe\Abaco\2.04\xmldsig-core-schema20020212.xsd
2026-09-10 12:02:42 | INFO    | PipelineLogger.write | ARQUIVO...............: bin\Xml\Movimento\NFSe\Abaco\xmldsig-core-schema20020212.xsd
2026-09-10 12:02:42 | INFO    | PipelineLogger.write | ARQUIVO...............: bin\Xml\Movimento\NFSe\ABase\2.01\nfse.xsd
2026-09-10 12:02:42 | INFO    | PipelineLogger.write | ARQUIVO...............: bin\Xml\Movimento\NFSe\ABase\2.01\xmldsig-core-schema20020212.xsd
2026-09-10 12:02:42 | INFO    | PipelineLogger.write | ARQUIVO...............: bin\Xml\Movimento\NFSe\ABase\xmldsig-core-schema20020212.xsd
2026-09-10 12:02:42 | INFO    | PipelineLogger.write | ARQUIVO...............: bin\Xml\Movimento\NFSe\ABRASF\1.00\nfse.xsd
2026-09-10 12:02:42 | INFO    | PipelineLogger.write | ARQUIVO...............: bin\Xml\Movimento\NFSe\ABRASF\1.00\xmldsig-core-schema20020212.xsd
2026-09-10 12:02:42 | INFO    | PipelineLogger.write | ARQUIVO...............: bin\Xml\Movimento\NFSe\ABRASF\2.00\nfse v200.xsd
2026-09-10 12:02:42 | INFO    | PipelineLogger.write | ARQUIVO...............: bin\Xml\Movimento\NFSe\ABRASF\2.00\xmldsig-core-schema20020212.xsd
2026-09-10 12:02:42 | INFO    | PipelineLogger.write | ARQUIVO...............: bin\Xml\Movimento\NFSe\ABRASF\2.01\nfse v201.xsd
2026-09-10 12:02:42 | INFO    | PipelineLogger.write | ARQUIVO...............: bin\Xml\Movimento\NFSe\ABRASF\2.01\xmldsig-core-schema20020212.xsd
2026-09-10 12:02:42 | INFO    | PipelineLogger.write | ARQUIVO...............: bin\Xml\Movimento\NFSe\ABRASF\2.02\nfse v202.xsd
2026-09-10 12:02:42 | INFO    | PipelineLogger.write | ARQUIVO...............: bin\Xml\Movimento\NFSe\ABRASF\2.02\xmldsig-core-schema20020212.xsd
2026-09-10 12:02:42 | INFO    | PipelineLogger.write | ARQUIVO...............: bin\Xml\Movimento\NFSe\ABRASF\2.03\nfse_v203.xsd
2026-09-10 12:02:43 | INFO    | PipelineLogger.write | ARQUIVO...............: bin\Xml\Movimento\NFSe\ABRASF\2.03\xmldsig-core-schema20020212.xsd
2026-09-10 12:02:43 | INFO    | PipelineLogger.write | ARQUIVO...............: bin\Xml\Movimento\NFSe\ABRASF\2.04\nfse_v204.xsd
2026-09-10 12:02:43 | INFO    | PipelineLogger.write | ARQUIVO...............: bin\Xml\Movimento\NFSe\ABRASF\2.04\xmldsig-core-schema20020212.xsd
2026-09-10 12:02:43 | INFO    | PipelineLogger.write | ARQUIVO...............: bin\Xml\Movimento\NFSe\Betha\1.00\servico_cancelar_nfse_envio_v01.xsd
2026-09-10 12:02:43 | INFO    | PipelineLogger.write | ARQUIVO...............: bin\Xml\Movimento\NFSe\Betha\1.00\servico_cancelar_nfse_resposta_v01.xsd
2026-09-10 12:02:43 | INFO    | PipelineLogger.write | ARQUIVO...............: bin\Xml\Movimento\NFSe\Betha\1.00\servico_consultar_lote_rps_envio_v01.xsd
2026-09-10 12:02:43 | INFO    | PipelineLogger.write | ARQUIVO...............: bin\Xml\Movimento\NFSe\Betha\1.00\servico_consultar_lote_rps_resposta_v01.xsd
2026-09-10 12:02:43 | INFO    | PipelineLogger.write | ARQUIVO...............: bin\Xml\Movimento\NFSe\Betha\1.00\servico_consultar_nfse_envio_v01.xsd
2026-09-10 12:02:43 | INFO    | PipelineLogger.write | ARQUIVO...............: bin\Xml\Movimento\NFSe\Betha\1.00\servico_consultar_nfse_resposta_v01.xsd
2026-09-10 12:02:43 | INFO    | PipelineLogger.write | ARQUIVO...............: bin\Xml\Movimento\NFSe\Betha\1.00\servico_consultar_nfse_rps_envio_v01.xsd
2026-09-10 12:02:43 | INFO    | PipelineLogger.write | ARQUIVO...............: bin\Xml\Movimento\NFSe\Betha\1.00\servico_consultar_nfse_rps_resposta_v01.xsd
2026-09-10 12:02:43 | INFO    | PipelineLogger.write | ARQUIVO...............: bin\Xml\Movimento\NFSe\Betha\1.00\servico_consultar_situacao_lote_rps_envio_v01.xsd
2026-09-10 12:02:43 | INFO    | PipelineLogger.write | ARQUIVO...............: bin\Xml\Movimento\NFSe\Betha\1.00\servico_consultar_situacao_lote_rps_resposta_v01.xsd
2026-09-10 12:02:44 | INFO    | PipelineLogger.write | ARQUIVO...............: bin\Xml\Movimento\NFSe\Betha\1.00\servico_enviar_lote_rps_envio_v01.xsd
2026-09-10 12:02:44 | INFO    | PipelineLogger.write | ARQUIVO...............: bin\Xml\Movimento\NFSe\Betha\1.00\servico_enviar_lote_rps_resposta_v01.xsd
2026-09-10 12:02:44 | INFO    | PipelineLogger.write | ARQUIVO...............: bin\Xml\Movimento\NFSe\Betha\1.00\TiposNFe_v01.xsd
2026-09-10 12:02:44 | INFO    | PipelineLogger.write | ARQUIVO...............: bin\Xml\Movimento\NFSe\Betha\1.00\xmldsig-core-schema_v01.xsd
2026-09-10 12:02:44 | INFO    | PipelineLogger.write | ARQUIVO...............: bin\Xml\Movimento\NFSe\Betha\2.02\nfse_v202.xsd
2026-09-10 12:02:44 | INFO    | PipelineLogger.write | ARQUIVO...............: bin\Xml\Movimento\NFSe\Betha\2.02\xmldsig-core-schema20020212.xsd
2026-09-10 12:02:44 | INFO    | PipelineLogger.write | ARQUIVO...............: bin\Xml\Movimento\NFSe\BHISS\xmldsig-core-schema20020212.xsd
2026-09-10 12:02:44 | INFO    | PipelineLogger.write | ARQUIVO...............: bin\Xml\Movimento\NFSe\Citta\2.03\nfse.xsd
2026-09-10 12:02:44 | INFO    | PipelineLogger.write | ARQUIVO...............: bin\Xml\Movimento\NFSe\Citta\2.03\xmldsig-core-schema20020212.xsd
2026-09-10 12:02:44 | INFO    | PipelineLogger.write | ARQUIVO...............: bin\Xml\Movimento\NFSe\Conam\1.00\Informacao.txt
2026-09-10 12:02:45 | INFO    | PipelineLogger.write | ARQUIVO...............: bin\Xml\Movimento\NFSe\Coplan\2.01\nfse.xsd
2026-09-10 12:02:46 | INFO    | PipelineLogger.write | ARQUIVO...............: bin\Xml\Movimento\NFSe\Coplan\2.01\xmldsig-core-schema20020212.xsd
2026-09-10 12:02:46 | INFO    | PipelineLogger.write | ARQUIVO...............: bin\Xml\Movimento\NFSe\DBSeller\1.00\nfse.xsd
2026-09-10 12:02:46 | INFO    | PipelineLogger.write | ARQUIVO...............: bin\Xml\Movimento\NFSe\DBSeller\1.00\xmldsig-core-schema_v01.xsd
2026-09-10 12:02:46 | INFO    | PipelineLogger.write | ARQUIVO...............: bin\Xml\Movimento\NFSe\DBSeller\2.04\nfse.xsd
2026-09-10 12:02:46 | INFO    | PipelineLogger.write | ARQUIVO...............: bin\Xml\Movimento\NFSe\DBSeller\2.04\xmldsig-core-schema20020212.xsd
2026-09-10 12:02:46 | INFO    | PipelineLogger.write | ARQUIVO...............: bin\Xml\Movimento\NFSe\DSF\1.00\nfse.xsd
2026-09-10 12:02:46 | INFO    | PipelineLogger.write | ARQUIVO...............: bin\Xml\Movimento\NFSe\DSF\1.00\xmldsig-core-schema20020212.xsd
2026-09-10 12:02:46 | INFO    | PipelineLogger.write | ARQUIVO...............: bin\Xml\Movimento\NFSe\DSF\2.00\nfse.xsd
2026-09-10 12:02:46 | INFO    | PipelineLogger.write | ARQUIVO...............: bin\Xml\Movimento\NFSe\DSF\2.00\xmldsig-core-schema20020212.xsd
2026-09-10 12:02:46 | INFO    | PipelineLogger.write | ARQUIVO...............: bin\Xml\Movimento\NFSe\DSF\2.03\nfse.xsd
2026-09-10 12:02:46 | INFO    | PipelineLogger.write | ARQUIVO...............: bin\Xml\Movimento\NFSe\DSF\2.03\xmldsig-core-schema20020212.xsd
2026-09-10 12:02:46 | INFO    | PipelineLogger.write | ARQUIVO...............: bin\Xml\Movimento\NFSe\Equiplano\1.00\esCancelarNfseEnvio_v01.xsd
2026-09-10 12:02:46 | INFO    | PipelineLogger.write | ARQUIVO...............: bin\Xml\Movimento\NFSe\Equiplano\1.00\esCancelarNfseResposta_v01.xsd
2026-09-10 12:02:46 | INFO    | PipelineLogger.write | ARQUIVO...............: bin\Xml\Movimento\NFSe\Equiplano\1.00\esConsultarLoteRpsEnvio_v01.xsd
2026-09-10 12:02:47 | INFO    | PipelineLogger.write | ARQUIVO...............: bin\Xml\Movimento\NFSe\Equiplano\1.00\esConsultarLoteRpsResposta_v01.xsd
2026-09-10 12:02:47 | INFO    | PipelineLogger.write | ARQUIVO...............: bin\Xml\Movimento\NFSe\Equiplano\1.00\esConsultarNfseEnvio_v01.xsd
2026-09-10 12:02:47 | INFO    | PipelineLogger.write | ARQUIVO...............: bin\Xml\Movimento\NFSe\Equiplano\1.00\esConsultarNfsePorRpsEnvio_v01.xsd
2026-09-10 12:02:47 | INFO    | PipelineLogger.write | ARQUIVO...............: bin\Xml\Movimento\NFSe\Equiplano\1.00\esConsultarNfsePorRpsResposta_v01.xsd
2026-09-10 12:02:47 | INFO    | PipelineLogger.write | ARQUIVO...............: bin\Xml\Movimento\NFSe\Equiplano\1.00\esConsultarNfseResposta_v01.xsd
2026-09-10 12:02:47 | INFO    | PipelineLogger.write | ARQUIVO...............: bin\Xml\Movimento\NFSe\Equiplano\1.00\esConsultarSituacaoLoteRpsEnvio_v01.xsd
2026-09-10 12:02:47 | INFO    | PipelineLogger.write | ARQUIVO...............: bin\Xml\Movimento\NFSe\Equiplano\1.00\esConsultarSituacaoLoteRpsResposta_v01.xsd
2026-09-10 12:02:47 | INFO    | PipelineLogger.write | ARQUIVO...............: bin\Xml\Movimento\NFSe\Equiplano\1.00\esRecepcionarLoteRpsEnvio_v01.xsd
2026-09-10 12:02:47 | INFO    | PipelineLogger.write | ARQUIVO...............: bin\Xml\Movimento\NFSe\Equiplano\1.00\esRecepcionarLoteRpsResposta_v01.xsd
2026-09-10 12:02:47 | INFO    | PipelineLogger.write | ARQUIVO...............: bin\Xml\Movimento\NFSe\Equiplano\1.00\TiposEsnfs_v01.xsd
2026-09-10 12:02:47 | INFO    | PipelineLogger.write | ARQUIVO...............: bin\Xml\Movimento\NFSe\Equiplano\1.00\xmldsig-core-schema_v01.xsd
2026-09-10 12:02:47 | INFO    | PipelineLogger.write | ARQUIVO...............: bin\Xml\Movimento\NFSe\Fiorilli\2.00\nfse.xsd
2026-09-10 12:02:47 | INFO    | PipelineLogger.write | ARQUIVO...............: bin\Xml\Movimento\NFSe\Fiorilli\2.00\xmldsig-core-schema20020212.xsd
2026-09-10 12:02:48 | INFO    | PipelineLogger.write | ARQUIVO...............: bin\Xml\Movimento\NFSe\Fiorilli\2.01\nfse.xsd
2026-09-10 12:02:48 | INFO    | PipelineLogger.write | ARQUIVO...............: bin\Xml\Movimento\NFSe\Fiorilli\2.01\xmldsig-core-schema20020212.xsd
2026-09-10 12:02:48 | INFO    | PipelineLogger.write | ARQUIVO...............: bin\Xml\Movimento\NFSe\Fisco\2.03\nfse.xsd
2026-09-10 12:02:48 | INFO    | PipelineLogger.write | ARQUIVO...............: bin\Xml\Movimento\NFSe\Fisco\2.03\xmldsig-core-schema20020212.xsd
2026-09-10 12:02:48 | INFO    | PipelineLogger.write | ARQUIVO...............: bin\Xml\Movimento\NFSe\FissLex\1.00\nfse.xsd
2026-09-10 12:02:48 | INFO    | PipelineLogger.write | ARQUIVO...............: bin\Xml\Movimento\NFSe\FissLex\1.00\xmldsig-core-schema20020212.xsd
2026-09-10 12:02:48 | INFO    | PipelineLogger.write | ARQUIVO...............: bin\Xml\Movimento\NFSe\Ginfes\1.00\cabecalho_v03.xsd
2026-09-10 12:02:48 | INFO    | PipelineLogger.write | ARQUIVO...............: bin\Xml\Movimento\NFSe\Ginfes\1.00\servico_cancelar_nfse_envio_v02.xsd
2026-09-10 12:02:48 | INFO    | PipelineLogger.write | ARQUIVO...............: bin\Xml\Movimento\NFSe\Ginfes\1.00\servico_cancelar_nfse_envio_v03.xsd
2026-09-10 12:02:48 | INFO    | PipelineLogger.write | ARQUIVO...............: bin\Xml\Movimento\NFSe\Ginfes\1.00\servico_cancelar_nfse_resposta_v03.xsd
2026-09-10 12:02:48 | INFO    | PipelineLogger.write | ARQUIVO...............: bin\Xml\Movimento\NFSe\Ginfes\1.00\servico_consultar_lote_rps_envio_v02.xsd
2026-09-10 12:02:48 | INFO    | PipelineLogger.write | ARQUIVO...............: bin\Xml\Movimento\NFSe\Ginfes\1.00\servico_consultar_lote_rps_envio_v03.xsd
2026-09-10 12:02:48 | INFO    | PipelineLogger.write | ARQUIVO...............: bin\Xml\Movimento\NFSe\Ginfes\1.00\servico_consultar_lote_rps_resposta_v03.xsd
2026-09-10 12:02:48 | INFO    | PipelineLogger.write | ARQUIVO...............: bin\Xml\Movimento\NFSe\Ginfes\1.00\servico_consultar_nfse_envio_v02.xsd
2026-09-10 12:02:49 | INFO    | PipelineLogger.write | ARQUIVO...............: bin\Xml\Movimento\NFSe\Ginfes\1.00\servico_consultar_nfse_envio_v03.xsd
2026-09-10 12:02:49 | INFO    | PipelineLogger.write | ARQUIVO...............: bin\Xml\Movimento\NFSe\Ginfes\1.00\servico_consultar_nfse_resposta_v03.xsd
2026-09-10 12:02:49 | INFO    | PipelineLogger.write | ARQUIVO...............: bin\Xml\Movimento\NFSe\Ginfes\1.00\servico_consultar_nfse_rps_envio_v02.xsd
2026-09-10 12:02:49 | INFO    | PipelineLogger.write | ARQUIVO...............: bin\Xml\Movimento\NFSe\Ginfes\1.00\servico_consultar_nfse_rps_envio_v03.xsd
2026-09-10 12:02:49 | INFO    | PipelineLogger.write | ARQUIVO...............: bin\Xml\Movimento\NFSe\Ginfes\1.00\servico_consultar_nfse_rps_resposta_v03.xsd
2026-09-10 12:02:49 | INFO    | PipelineLogger.write | ARQUIVO...............: bin\Xml\Movimento\NFSe\Ginfes\1.00\servico_consultar_situacao_lote_rps_envio_v02.xsd
2026-09-10 12:02:49 | INFO    | PipelineLogger.write | ARQUIVO...............: bin\Xml\Movimento\NFSe\Ginfes\1.00\servico_consultar_situacao_lote_rps_envio_v03.xsd
2026-09-10 12:02:49 | INFO    | PipelineLogger.write | ARQUIVO...............: bin\Xml\Movimento\NFSe\Ginfes\1.00\servico_consultar_situacao_lote_rps_resposta_v03.xsd
2026-09-10 12:02:50 | INFO    | PipelineLogger.write | ARQUIVO...............: bin\Xml\Movimento\NFSe\Ginfes\1.00\servico_enviar_lote_rps_envio_v02.xsd
2026-09-10 12:02:50 | INFO    | PipelineLogger.write | ARQUIVO...............: bin\Xml\Movimento\NFSe\Ginfes\1.00\servico_enviar_lote_rps_envio_v03.xsd
2026-09-10 12:02:50 | INFO    | PipelineLogger.write | ARQUIVO...............: bin\Xml\Movimento\NFSe\Ginfes\1.00\servico_enviar_lote_rps_resposta_v03.xsd
2026-09-10 12:02:50 | INFO    | PipelineLogger.write | ARQUIVO...............: bin\Xml\Movimento\NFSe\Ginfes\1.00\tipos_v02.xsd
2026-09-10 12:02:50 | INFO    | PipelineLogger.write | ARQUIVO...............: bin\Xml\Movimento\NFSe\Ginfes\1.00\tipos_v03.xsd
2026-09-10 12:02:51 | INFO    | PipelineLogger.write | ARQUIVO...............: bin\Xml\Movimento\NFSe\Ginfes\1.00\xmldsig-core-schema20020212_v03.xsd
2026-09-10 12:02:51 | INFO    | PipelineLogger.write | ARQUIVO...............: bin\Xml\Movimento\NFSe\Ginfes\1.00\xmldsig-core-schema_v02.xsd
2026-09-10 12:02:52 | INFO    | PipelineLogger.write | ARQUIVO...............: bin\Xml\Movimento\NFSe\IPM\2.04\nfse.xsd
2026-09-10 12:02:52 | INFO    | PipelineLogger.write | ARQUIVO...............: bin\Xml\Movimento\NFSe\IPM\2.04\xmldsig-core-schema20020212.xsd
2026-09-10 12:02:52 | INFO    | PipelineLogger.write | ARQUIVO...............: bin\Xml\Movimento\NFSe\ISSCuritiba\1.00\nfse.xsd
2026-09-10 12:02:52 | INFO    | PipelineLogger.write | ARQUIVO...............: bin\Xml\Movimento\NFSe\ISSCuritiba\1.00\xmldsig-core-schema20020212.xsd
2026-09-10 12:02:52 | INFO    | PipelineLogger.write | ARQUIVO...............: bin\Xml\Movimento\NFSe\ISSDSF\1.00\ConsultaSeqRps.xsd
2026-09-10 12:02:52 | INFO    | PipelineLogger.write | ARQUIVO...............: bin\Xml\Movimento\NFSe\ISSDSF\1.00\ReqCancelamentoNFSe.xsd
2026-09-10 12:02:52 | INFO    | PipelineLogger.write | ARQUIVO...............: bin\Xml\Movimento\NFSe\ISSDSF\1.00\ReqConsultaLote.xsd
2026-09-10 12:02:52 | INFO    | PipelineLogger.write | ARQUIVO...............: bin\Xml\Movimento\NFSe\ISSDSF\1.00\ReqConsultaNFSeRPS.xsd
2026-09-10 12:02:52 | INFO    | PipelineLogger.write | ARQUIVO...............: bin\Xml\Movimento\NFSe\ISSDSF\1.00\ReqConsultaNotas.xsd
2026-09-10 12:02:52 | INFO    | PipelineLogger.write | ARQUIVO...............: bin\Xml\Movimento\NFSe\ISSDSF\1.00\ReqEnvioLoteRPS.xsd
2026-09-10 12:02:53 | INFO    | PipelineLogger.write | ARQUIVO...............: bin\Xml\Movimento\NFSe\ISSDSF\1.00\RetornoCancelamentoNFSe.xsd
2026-09-10 12:02:53 | INFO    | PipelineLogger.write | ARQUIVO...............: bin\Xml\Movimento\NFSe\ISSDSF\1.00\RetornoConsultaLote.xsd
2026-09-10 12:02:53 | INFO    | PipelineLogger.write | ARQUIVO...............: bin\Xml\Movimento\NFSe\ISSDSF\1.00\RetornoConsultaNFSeRPS.xsd
2026-09-10 12:02:53 | INFO    | PipelineLogger.write | ARQUIVO...............: bin\Xml\Movimento\NFSe\ISSDSF\1.00\RetornoConsultaNotas.xsd
2026-09-10 12:02:53 | INFO    | PipelineLogger.write | ARQUIVO...............: bin\Xml\Movimento\NFSe\ISSDSF\1.00\RetornoConsultaSeqRps.xsd
2026-09-10 12:02:53 | INFO    | PipelineLogger.write | ARQUIVO...............: bin\Xml\Movimento\NFSe\ISSDSF\1.00\RetornoEnvioLoteRPS.xsd
2026-09-10 12:02:53 | INFO    | PipelineLogger.write | ARQUIVO...............: bin\Xml\Movimento\NFSe\ISSDSF\1.00\Tipos.xsd
2026-09-10 12:02:53 | INFO    | PipelineLogger.write | ARQUIVO...............: bin\Xml\Movimento\NFSe\ISSDSF\1.00\xmldsig-core-schema_v1.01.xsd
2026-09-10 12:02:53 | INFO    | PipelineLogger.write | ARQUIVO...............: bin\Xml\Movimento\NFSe\ISSDSF\1.01\ConsultaSeqRps.xsd
2026-09-10 12:02:53 | INFO    | PipelineLogger.write | ARQUIVO...............: bin\Xml\Movimento\NFSe\ISSDSF\1.01\ReqCancelamentoNFSe.xsd
2026-09-10 12:02:53 | INFO    | PipelineLogger.write | ARQUIVO...............: bin\Xml\Movimento\NFSe\ISSDSF\1.01\ReqConsultaLote.xsd
2026-09-10 12:02:53 | INFO    | PipelineLogger.write | ARQUIVO...............: bin\Xml\Movimento\NFSe\ISSDSF\1.01\ReqConsultaNFSeRPS.xsd
2026-09-10 12:02:53 | INFO    | PipelineLogger.write | ARQUIVO...............: bin\Xml\Movimento\NFSe\ISSDSF\1.01\ReqConsultaNotas.xsd
2026-09-10 12:02:53 | INFO    | PipelineLogger.write | ARQUIVO...............: bin\Xml\Movimento\NFSe\ISSDSF\1.01\ReqEnvioLoteRPS.xsd
2026-09-10 12:02:54 | INFO    | PipelineLogger.write | ARQUIVO...............: bin\Xml\Movimento\NFSe\ISSDSF\1.01\RetornoCancelamentoNFSe.xsd
2026-09-10 12:02:54 | INFO    | PipelineLogger.write | ARQUIVO...............: bin\Xml\Movimento\NFSe\ISSDSF\1.01\RetornoConsultaLote.xsd
2026-09-10 12:02:54 | INFO    | PipelineLogger.write | ARQUIVO...............: bin\Xml\Movimento\NFSe\ISSDSF\1.01\RetornoConsultaNFSeRPS.xsd
2026-09-10 12:02:54 | INFO    | PipelineLogger.write | ARQUIVO...............: bin\Xml\Movimento\NFSe\ISSDSF\1.01\RetornoConsultaNotas.xsd
2026-09-10 12:02:54 | INFO    | PipelineLogger.write | ARQUIVO...............: bin\Xml\Movimento\NFSe\ISSDSF\1.01\RetornoConsultaSeqRps.xsd
2026-09-10 12:02:54 | INFO    | PipelineLogger.write | ARQUIVO...............: bin\Xml\Movimento\NFSe\ISSDSF\1.01\RetornoEnvioLoteRPS.xsd
2026-09-10 12:02:54 | INFO    | PipelineLogger.write | ARQUIVO...............: bin\Xml\Movimento\NFSe\ISSDSF\1.01\Tipos.xsd
2026-09-10 12:02:54 | INFO    | PipelineLogger.write | ARQUIVO...............: bin\Xml\Movimento\NFSe\ISSDSF\1.01\xmldsig-core-schema_v1.01.xsd
2026-09-10 12:02:54 | INFO    | PipelineLogger.write | ARQUIVO...............: bin\Xml\Movimento\NFSe\ISSNet\1.00\servico_cancelar_nfse_envio.xsd
2026-09-10 12:02:54 | INFO    | PipelineLogger.write | ARQUIVO...............: bin\Xml\Movimento\NFSe\ISSNet\1.00\servico_cancelar_nfse_resposta.xsd
2026-09-10 12:02:54 | INFO    | PipelineLogger.write | ARQUIVO...............: bin\Xml\Movimento\NFSe\ISSNet\1.00\servico_consultar_lote_rps_envio.xsd
2026-09-10 12:02:54 | INFO    | PipelineLogger.write | ARQUIVO...............: bin\Xml\Movimento\NFSe\ISSNet\1.00\servico_consultar_lote_rps_resposta.xsd
2026-09-10 12:02:54 | INFO    | PipelineLogger.write | ARQUIVO...............: bin\Xml\Movimento\NFSe\ISSNet\1.00\servico_consultar_nfse_envio.xsd
2026-09-10 12:02:54 | INFO    | PipelineLogger.write | ARQUIVO...............: bin\Xml\Movimento\NFSe\ISSNet\1.00\servico_consultar_nfse_resposta.xsd
2026-09-10 12:02:55 | INFO    | PipelineLogger.write | ARQUIVO...............: bin\Xml\Movimento\NFSe\ISSNet\1.00\servico_consultar_nfse_rps_envio.xsd
2026-09-10 12:02:55 | INFO    | PipelineLogger.write | ARQUIVO...............: bin\Xml\Movimento\NFSe\ISSNet\1.00\servico_consultar_nfse_rps_resposta.xsd
2026-09-10 12:02:55 | INFO    | PipelineLogger.write | ARQUIVO...............: bin\Xml\Movimento\NFSe\ISSNet\1.00\servico_consultar_situacao_lote_rps_envio.xsd
2026-09-10 12:02:55 | INFO    | PipelineLogger.write | ARQUIVO...............: bin\Xml\Movimento\NFSe\ISSNet\1.00\servico_consultar_situacao_lote_rps_resposta.xsd
2026-09-10 12:02:55 | INFO    | PipelineLogger.write | ARQUIVO...............: bin\Xml\Movimento\NFSe\ISSNet\1.00\servico_consultar_url_visualizacao_nfse_envio.xsd
2026-09-10 12:02:55 | INFO    | PipelineLogger.write | ARQUIVO...............: bin\Xml\Movimento\NFSe\ISSNet\1.00\servico_consultar_url_visualizacao_nfse_resposta.xsd
2026-09-10 12:02:55 | INFO    | PipelineLogger.write | ARQUIVO...............: bin\Xml\Movimento\NFSe\ISSNet\1.00\servico_consultar_url_visualizacao_nfse_serie_envio.xsd
2026-09-10 12:02:55 | INFO    | PipelineLogger.write | ARQUIVO...............: bin\Xml\Movimento\NFSe\ISSNet\1.00\servico_consultar_url_visualizacao_nfse_serie_resposta.xsd
2026-09-10 12:02:55 | INFO    | PipelineLogger.write | ARQUIVO...............: bin\Xml\Movimento\NFSe\ISSNet\1.00\servico_enviar_lote_rps_envio.xsd
2026-09-10 12:02:55 | INFO    | PipelineLogger.write | ARQUIVO...............: bin\Xml\Movimento\NFSe\ISSNet\1.00\servico_enviar_lote_rps_resposta.xsd
2026-09-10 12:02:55 | INFO    | PipelineLogger.write | ARQUIVO...............: bin\Xml\Movimento\NFSe\ISSNet\1.00\tipos_complexos.xsd
2026-09-10 12:02:55 | INFO    | PipelineLogger.write | ARQUIVO...............: bin\Xml\Movimento\NFSe\ISSNet\1.00\tipos_simples.xsd
2026-09-10 12:02:55 | INFO    | PipelineLogger.write | ARQUIVO...............: bin\Xml\Movimento\NFSe\ISSNet\1.00\xmldsig-core-schema20020212.xsd
2026-09-10 12:02:56 | INFO    | PipelineLogger.write | ARQUIVO...............: bin\Xml\Movimento\NFSe\ISSNet\2.04\nfse.xsd
2026-09-10 12:02:56 | INFO    | PipelineLogger.write | ARQUIVO...............: bin\Xml\Movimento\NFSe\ISSNet\2.04\xmldsig-core-schema20020212.xsd
2026-09-10 12:02:56 | INFO    | PipelineLogger.write | ARQUIVO...............: connectionStrings.config
2026-09-10 12:02:56 | INFO    | PipelineLogger.write | ARQUIVO...............: custom.configuration.server.config
2026-09-10 12:02:56 | INFO    | PipelineLogger.write | ARQUIVO...............: Financial.svc
2026-09-10 12:02:56 | INFO    | PipelineLogger.write | ARQUIVO...............: packages.config
2026-09-10 12:02:56 | INFO    | PipelineLogger.write | ARQUIVO...............: Web.config
2026-09-10 12:02:56 | INFO    | PipelineLogger.write | ================================================================================
2026-09-10 12:03:10 | INFO    | PipelineLogger.write | SETUP DIAGNOSTICO - WORKSPACE APOS COPIA
2026-09-10 12:03:11 | INFO    | PipelineLogger.write | Workspace.............: C:\Setups\.work\wcffinanceiro
2026-09-10 12:03:11 | INFO    | PipelineLogger.write | Workspace Release.....: C:\Setups\.work\wcffinanceiro\Release
2026-09-10 12:03:11 | INFO    | PipelineLogger.write | Release existe........: True
2026-09-10 12:03:11 | INFO    | PipelineLogger.write | ================================================================================
2026-09-10 12:03:11 | INFO    | PipelineLogger.write | WORKSPACE - APOS COPIA E ANTES DO CLEANUP
2026-09-10 12:03:11 | INFO    | PipelineLogger.write | Diretorio.............: C:\Setups\.work\wcffinanceiro\Release
2026-09-10 12:03:11 | INFO    | PipelineLogger.write | Diretorio existe......: True
2026-09-10 12:03:11 | INFO    | PipelineLogger.write | Arquivos..............: 660
2026-09-10 12:03:11 | INFO    | PipelineLogger.write | ARQUIVO...............: bin\ADODB.dll
2026-09-10 12:03:11 | INFO    | PipelineLogger.write | ARQUIVO...............: bin\arm64\libSkiaSharp.dll
2026-09-10 12:03:11 | INFO    | PipelineLogger.write | ARQUIVO...............: bin\arm64\libSkiaSharp.so
2026-09-10 12:03:11 | INFO    | PipelineLogger.write | ARQUIVO...............: bin\arm\libSkiaSharp.so
2026-09-10 12:03:11 | INFO    | PipelineLogger.write | ARQUIVO...............: bin\Aspose.HTML.dll
2026-09-10 12:03:12 | INFO    | PipelineLogger.write | ARQUIVO...............: bin\Aspose.Words.dll
2026-09-10 12:03:12 | INFO    | PipelineLogger.write | ARQUIVO...............: bin\BouncyCastle.Crypto.dll
2026-09-10 12:03:12 | INFO    | PipelineLogger.write | ARQUIVO...............: bin\BouncyCastle.Cryptography.dll
2026-09-10 12:03:12 | INFO    | PipelineLogger.write | ARQUIVO...............: bin\connectionStrings.config
2026-09-10 12:03:12 | INFO    | PipelineLogger.write | ARQUIVO...............: bin\Custom.Business.dll
2026-09-10 12:03:13 | INFO    | PipelineLogger.write | ARQUIVO...............: bin\custom.configuration.server.config
2026-09-10 12:03:13 | INFO    | PipelineLogger.write | ARQUIVO...............: bin\Custom.DataAccess.dll
2026-09-10 12:03:14 | INFO    | PipelineLogger.write | ARQUIVO...............: bin\Custom.Framework.CommonFileDialogs.dll
2026-09-10 12:03:14 | INFO    | PipelineLogger.write | ARQUIVO...............: bin\Custom.Framework.Data.dll
2026-09-10 12:03:14 | INFO    | PipelineLogger.write | ARQUIVO...............: bin\Custom.Framework.Diagnostics.dll
2026-09-10 12:03:14 | INFO    | PipelineLogger.write | ARQUIVO...............: bin\Custom.Framework.dll
2026-09-10 12:03:14 | INFO    | PipelineLogger.write | ARQUIVO...............: bin\Custom.Framework.Entities.dll
2026-09-10 12:03:14 | INFO    | PipelineLogger.write | ARQUIVO...............: bin\Custom.Framework.Server.dll
2026-09-10 12:03:14 | INFO    | PipelineLogger.write | ARQUIVO...............: bin\Custom.Framework.Services.dll
2026-09-10 12:03:14 | INFO    | PipelineLogger.write | ARQUIVO...............: bin\Custom.Integration.NFSe.Municipal.dll
2026-09-10 12:03:14 | INFO    | PipelineLogger.write | ARQUIVO...............: bin\Custom.Integration.PharmaLinkDistributors.Library.dll
2026-09-10 12:03:14 | INFO    | PipelineLogger.write | ARQUIVO...............: bin\Custom.OuroNet.Library.Core.Layer.AcessData.V20.dll
2026-09-10 12:03:14 | INFO    | PipelineLogger.write | ARQUIVO...............: bin\Custom.OuroNet.Library.Core.Layer.Exception.V20.dll
2026-09-10 12:03:14 | INFO    | PipelineLogger.write | ARQUIVO...............: bin\Custom.Services.dll
2026-09-10 12:03:14 | INFO    | PipelineLogger.write | ARQUIVO...............: bin\Custom.Utilities.Security.EncryptionCOM.dll
2026-09-10 12:03:15 | INFO    | PipelineLogger.write | ARQUIVO...............: bin\Custom.Utilities.Security.EncryptionNET.dll
2026-09-10 12:03:15 | INFO    | PipelineLogger.write | ARQUIVO...............: bin\DevExpress.Charts.v23.2.Core.dll
2026-09-10 12:03:15 | INFO    | PipelineLogger.write | ARQUIVO...............: bin\DevExpress.CodeParser.v23.2.dll
2026-09-10 12:03:15 | INFO    | PipelineLogger.write | ARQUIVO...............: bin\DevExpress.Data.Desktop.v23.2.dll
2026-09-10 12:03:15 | INFO    | PipelineLogger.write | ARQUIVO...............: bin\DevExpress.Data.v11.2.dll
2026-09-10 12:03:15 | INFO    | PipelineLogger.write | ARQUIVO...............: bin\DevExpress.Data.v23.2.dll
2026-09-10 12:03:15 | INFO    | PipelineLogger.write | ARQUIVO...............: bin\DevExpress.DataAccess.v23.2.dll
2026-09-10 12:03:15 | INFO    | PipelineLogger.write | ARQUIVO...............: bin\DevExpress.DataVisualization.v23.2.Core.dll
2026-09-10 12:03:16 | INFO    | PipelineLogger.write | ARQUIVO...............: bin\DevExpress.Dialogs.v23.2.Core.dll
2026-09-10 12:03:16 | INFO    | PipelineLogger.write | ARQUIVO...............: bin\DevExpress.Drawing.v23.2.dll
2026-09-10 12:03:16 | INFO    | PipelineLogger.write | ARQUIVO...............: bin\DevExpress.Office.v23.2.Core.dll
2026-09-10 12:03:16 | INFO    | PipelineLogger.write | ARQUIVO...............: bin\DevExpress.Pdf.v23.2.Core.dll
2026-09-10 12:03:16 | INFO    | PipelineLogger.write | ARQUIVO...............: bin\DevExpress.Pdf.v23.2.Drawing.dll
2026-09-10 12:03:16 | INFO    | PipelineLogger.write | ARQUIVO...............: bin\DevExpress.PivotGrid.v23.2.Core.dll
2026-09-10 12:03:17 | INFO    | PipelineLogger.write | ARQUIVO...............: bin\DevExpress.Printing.v11.2.Core.dll
2026-09-10 12:03:17 | INFO    | PipelineLogger.write | ARQUIVO...............: bin\DevExpress.Printing.v23.2.Core.dll
2026-09-10 12:03:17 | INFO    | PipelineLogger.write | ARQUIVO...............: bin\DevExpress.RichEdit.v23.2.Core.dll
2026-09-10 12:03:17 | INFO    | PipelineLogger.write | ARQUIVO...............: bin\DevExpress.Sparkline.v23.2.Core.dll
2026-09-10 12:03:17 | INFO    | PipelineLogger.write | ARQUIVO...............: bin\DevExpress.Utils.v11.2.dll
2026-09-10 12:03:17 | INFO    | PipelineLogger.write | ARQUIVO...............: bin\DevExpress.Utils.v23.2.dll
2026-09-10 12:03:17 | INFO    | PipelineLogger.write | ARQUIVO...............: bin\DevExpress.Xpo.v23.2.dll
2026-09-10 12:03:17 | INFO    | PipelineLogger.write | ARQUIVO...............: bin\DevExpress.XtraBars.v23.2.dll
2026-09-10 12:03:17 | INFO    | PipelineLogger.write | ARQUIVO...............: bin\DevExpress.XtraCharts.v23.2.dll
2026-09-10 12:03:17 | INFO    | PipelineLogger.write | ARQUIVO...............: bin\DevExpress.XtraDialogs.v23.2.dll
2026-09-10 12:03:17 | INFO    | PipelineLogger.write | ARQUIVO...............: bin\DevExpress.XtraEditors.v11.2.dll
2026-09-10 12:03:17 | INFO    | PipelineLogger.write | ARQUIVO...............: bin\DevExpress.XtraEditors.v23.2.dll
2026-09-10 12:03:17 | INFO    | PipelineLogger.write | ARQUIVO...............: bin\DevExpress.XtraGauges.v23.2.Core.dll
2026-09-10 12:03:18 | INFO    | PipelineLogger.write | ARQUIVO...............: bin\DevExpress.XtraGrid.v23.2.dll
2026-09-10 12:03:18 | INFO    | PipelineLogger.write | ARQUIVO...............: bin\DevExpress.XtraLayout.v23.2.dll
2026-09-10 12:03:18 | INFO    | PipelineLogger.write | ARQUIVO...............: bin\DevExpress.XtraPrinting.v23.2.dll
2026-09-10 12:03:18 | INFO    | PipelineLogger.write | ARQUIVO...............: bin\DevExpress.XtraReports.v23.2.dll
2026-09-10 12:03:18 | INFO    | PipelineLogger.write | ARQUIVO...............: bin\DevExpress.XtraTreeList.v23.2.dll
2026-09-10 12:03:18 | INFO    | PipelineLogger.write | ARQUIVO...............: bin\FileHelpers.dll
2026-09-10 12:03:18 | INFO    | PipelineLogger.write | ARQUIVO...............: bin\Framawork.DFe.Classes.dll
2026-09-10 12:03:18 | INFO    | PipelineLogger.write | ARQUIVO...............: bin\Framawork.DFe.Utils.dll
2026-09-10 12:03:18 | INFO    | PipelineLogger.write | ARQUIVO...............: bin\Framawork.DFe.Wsdl.dll
2026-09-10 12:03:18 | INFO    | PipelineLogger.write | ARQUIVO...............: bin\Framework.BoletoNet.dll
2026-09-10 12:03:18 | INFO    | PipelineLogger.write | ARQUIVO...............: bin\Framework.NFe.Classes.dll
2026-09-10 12:03:18 | INFO    | PipelineLogger.write | ARQUIVO...............: bin\Framework.NFe.Print.dll
2026-09-10 12:03:19 | INFO    | PipelineLogger.write | ARQUIVO...............: bin\Framework.NFe.Servicos.dll
2026-09-10 12:03:19 | INFO    | PipelineLogger.write | ARQUIVO...............: bin\Framework.NFe.Utils.dll
2026-09-10 12:03:19 | INFO    | PipelineLogger.write | ARQUIVO...............: bin\Framework.NFe.Wsdl.dll
2026-09-10 12:03:19 | INFO    | PipelineLogger.write | ARQUIVO...............: bin\loongarch64\libSkiaSharp.so
2026-09-10 12:03:20 | INFO    | PipelineLogger.write | ARQUIVO...............: bin\MailKit.dll
2026-09-10 12:03:20 | INFO    | PipelineLogger.write | ARQUIVO...............: bin\MailKit.dll.config
2026-09-10 12:03:20 | INFO    | PipelineLogger.write | ARQUIVO...............: bin\MailKit.pdb
2026-09-10 12:03:20 | INFO    | PipelineLogger.write | ARQUIVO...............: bin\Microsoft.Bcl.AsyncInterfaces.dll
2026-09-10 12:03:20 | INFO    | PipelineLogger.write | ARQUIVO...............: bin\Microsoft.Practices.EnterpriseLibrary.Common.dll
2026-09-10 12:03:20 | INFO    | PipelineLogger.write | ARQUIVO...............: bin\Microsoft.Practices.EnterpriseLibrary.Data.dll
2026-09-10 12:03:20 | INFO    | PipelineLogger.write | ARQUIVO...............: bin\Microsoft.Practices.ServiceLocation.dll
2026-09-10 12:03:20 | INFO    | PipelineLogger.write | ARQUIVO...............: bin\Microsoft.Practices.Unity.dll
2026-09-10 12:03:20 | INFO    | PipelineLogger.write | ARQUIVO...............: bin\Microsoft.Practices.Unity.Interception.dll
2026-09-10 12:03:20 | INFO    | PipelineLogger.write | ARQUIVO...............: bin\MimeKit.dll
2026-09-10 12:03:20 | INFO    | PipelineLogger.write | ARQUIVO...............: bin\MimeKit.pdb
2026-09-10 12:03:20 | INFO    | PipelineLogger.write | ARQUIVO...............: bin\musl-arm64\libSkiaSharp.so
2026-09-10 12:03:20 | INFO    | PipelineLogger.write | ARQUIVO...............: bin\musl-arm\libSkiaSharp.so
2026-09-10 12:03:20 | INFO    | PipelineLogger.write | ARQUIVO...............: bin\musl-loongarch64\libSkiaSharp.so
2026-09-10 12:03:21 | INFO    | PipelineLogger.write | ARQUIVO...............: bin\musl-riscv64\libSkiaSharp.so
2026-09-10 12:03:21 | INFO    | PipelineLogger.write | ARQUIVO...............: bin\musl-x64\libSkiaSharp.so
2026-09-10 12:03:21 | INFO    | PipelineLogger.write | ARQUIVO...............: bin\Newtonsoft.Json.dll
2026-09-10 12:03:21 | INFO    | PipelineLogger.write | ARQUIVO...............: bin\NPOI.dll
2026-09-10 12:03:21 | INFO    | PipelineLogger.write | ARQUIVO...............: bin\NPOI.OOXML.dll
2026-09-10 12:03:21 | INFO    | PipelineLogger.write | ARQUIVO...............: bin\NPOI.OOXML.pdb
2026-09-10 12:03:21 | INFO    | PipelineLogger.write | ARQUIVO...............: bin\NPOI.OpenXml4Net.dll
2026-09-10 12:03:21 | INFO    | PipelineLogger.write | ARQUIVO...............: bin\NPOI.OpenXml4Net.pdb
2026-09-10 12:03:21 | INFO    | PipelineLogger.write | ARQUIVO...............: bin\NPOI.OpenXmlFormats.dll
2026-09-10 12:03:21 | INFO    | PipelineLogger.write | ARQUIVO...............: bin\NPOI.OpenXmlFormats.pdb
2026-09-10 12:03:21 | INFO    | PipelineLogger.write | ARQUIVO...............: bin\NPOI.pdb
2026-09-10 12:03:21 | INFO    | PipelineLogger.write | ARQUIVO...............: bin\NReco.PdfGenerator.dll
2026-09-10 12:03:21 | INFO    | PipelineLogger.write | ARQUIVO...............: bin\OpenAC.Net.Core.dll
2026-09-10 12:03:21 | INFO    | PipelineLogger.write | ARQUIVO...............: bin\OpenAC.Net.DFe.Core.dll
2026-09-10 12:03:22 | INFO    | PipelineLogger.write | ARQUIVO...............: bin\OuroNet.Server.Business.dll
2026-09-10 12:03:22 | INFO    | PipelineLogger.write | ARQUIVO...............: bin\OuroNet.Server.Business.dll.config
2026-09-10 12:03:22 | INFO    | PipelineLogger.write | ARQUIVO...............: bin\OuroNet.Server.Business.pdb
2026-09-10 12:03:22 | INFO    | PipelineLogger.write | ARQUIVO...............: bin\OuroNet.Server.Business.XmlSerializers.dll
2026-09-10 12:03:22 | INFO    | PipelineLogger.write | ARQUIVO...............: bin\OuroNet.Server.Common.dll
2026-09-10 12:03:22 | INFO    | PipelineLogger.write | ARQUIVO...............: bin\OuroNet.Server.Common.dll.config
2026-09-10 12:03:22 | INFO    | PipelineLogger.write | ARQUIVO...............: bin\OuroNet.Server.Common.pdb
2026-09-10 12:03:22 | INFO    | PipelineLogger.write | ARQUIVO...............: bin\OuroNet.Server.DataAccess.dll
2026-09-10 12:03:22 | INFO    | PipelineLogger.write | ARQUIVO...............: bin\OuroNet.Server.DataAccess.dll.config
2026-09-10 12:03:22 | INFO    | PipelineLogger.write | ARQUIVO...............: bin\OuroNet.Server.DataAccess.pdb
2026-09-10 12:03:22 | INFO    | PipelineLogger.write | ARQUIVO...............: bin\OuroNet.Server.Entities.dll
2026-09-10 12:03:22 | INFO    | PipelineLogger.write | ARQUIVO...............: bin\OuroNet.Server.Entities.dll.config
2026-09-10 12:03:22 | INFO    | PipelineLogger.write | ARQUIVO...............: bin\OuroNet.Server.Entities.pdb
2026-09-10 12:03:23 | INFO    | PipelineLogger.write | ARQUIVO...............: bin\OuroNet.Server.ServiceInterfaces.dll
2026-09-10 12:03:23 | INFO    | PipelineLogger.write | ARQUIVO...............: bin\OuroNet.Server.ServiceInterfaces.dll.config
2026-09-10 12:03:23 | INFO    | PipelineLogger.write | ARQUIVO...............: bin\OuroNet.Server.ServiceInterfaces.pdb
2026-09-10 12:03:23 | INFO    | PipelineLogger.write | ARQUIVO...............: bin\OuroNet.Server.Services.dll
2026-09-10 12:03:23 | INFO    | PipelineLogger.write | ARQUIVO...............: bin\OuroNet.Server.Services.dll.config
2026-09-10 12:03:23 | INFO    | PipelineLogger.write | ARQUIVO...............: bin\OuroNet.Server.Services.pdb
2026-09-10 12:03:23 | INFO    | PipelineLogger.write | ARQUIVO...............: bin\OuroNet.Server.WCF.Financial.dll
2026-09-10 12:03:23 | INFO    | PipelineLogger.write | ARQUIVO...............: bin\OuroNet.Server.WCF.Financial.pdb
2026-09-10 12:03:23 | INFO    | PipelineLogger.write | ARQUIVO...............: bin\protobuf-net.dll
2026-09-10 12:03:23 | INFO    | PipelineLogger.write | ARQUIVO...............: bin\QRCoder.dll
2026-09-10 12:03:23 | INFO    | PipelineLogger.write | ARQUIVO...............: bin\RestSharp.dll
2026-09-10 12:03:23 | INFO    | PipelineLogger.write | ARQUIVO...............: bin\riscv64\libSkiaSharp.so
2026-09-10 12:03:23 | INFO    | PipelineLogger.write | ARQUIVO...............: bin\SkiaSharp.dll
2026-09-10 12:03:23 | INFO    | PipelineLogger.write | ARQUIVO...............: bin\SkiaSharp.pdb
2026-09-10 12:03:23 | INFO    | PipelineLogger.write | ARQUIVO...............: bin\System.Buffers.dll
2026-09-10 12:03:24 | INFO    | PipelineLogger.write | ARQUIVO...............: bin\System.Formats.Asn1.dll
2026-09-10 12:03:24 | INFO    | PipelineLogger.write | ARQUIVO...............: bin\System.IO.Pipelines.dll
2026-09-10 12:03:24 | INFO    | PipelineLogger.write | ARQUIVO...............: bin\System.Memory.dll
2026-09-10 12:03:24 | INFO    | PipelineLogger.write | ARQUIVO...............: bin\System.Net.Http.Json.dll
2026-09-10 12:03:24 | INFO    | PipelineLogger.write | ARQUIVO...............: bin\System.Numerics.Vectors.dll
2026-09-10 12:03:24 | INFO    | PipelineLogger.write | ARQUIVO...............: bin\System.Runtime.CompilerServices.Unsafe.dll
2026-09-10 12:03:24 | INFO    | PipelineLogger.write | ARQUIVO...............: bin\System.Text.Encodings.Web.dll
2026-09-10 12:03:24 | INFO    | PipelineLogger.write | ARQUIVO...............: bin\System.Text.Json.dll
2026-09-10 12:03:24 | INFO    | PipelineLogger.write | ARQUIVO...............: bin\System.Threading.Tasks.Extensions.dll
2026-09-10 12:03:24 | INFO    | PipelineLogger.write | ARQUIVO...............: bin\x64\libSkiaSharp.dll
2026-09-10 12:03:24 | INFO    | PipelineLogger.write | ARQUIVO...............: bin\x64\libSkiaSharp.so
2026-09-10 12:03:24 | INFO    | PipelineLogger.write | ARQUIVO...............: bin\x64\SQLite.Interop.dll
2026-09-10 12:03:24 | INFO    | PipelineLogger.write | ARQUIVO...............: bin\x86\libSkiaSharp.dll
2026-09-10 12:03:25 | INFO    | PipelineLogger.write | ARQUIVO...............: bin\x86\libSkiaSharp.so
2026-09-10 12:03:25 | INFO    | PipelineLogger.write | ARQUIVO...............: bin\x86\SQLite.Interop.dll
2026-09-10 12:03:25 | INFO    | PipelineLogger.write | ARQUIVO...............: bin\Xml\Movimento\Cte\Schemas\2.00\cancCTeTiposBasico_v2.00.xsd
2026-09-10 12:03:25 | INFO    | PipelineLogger.write | ARQUIVO...............: bin\Xml\Movimento\Cte\Schemas\2.00\consReciCTe_v2.00.xsd
2026-09-10 12:03:25 | INFO    | PipelineLogger.write | ARQUIVO...............: bin\Xml\Movimento\Cte\Schemas\2.00\consReciCTeTiposBasico_v2.00.xsd
2026-09-10 12:03:25 | INFO    | PipelineLogger.write | ARQUIVO...............: bin\Xml\Movimento\Cte\Schemas\2.00\consSitCTe_v2.00.xsd
2026-09-10 12:03:25 | INFO    | PipelineLogger.write | ARQUIVO...............: bin\Xml\Movimento\Cte\Schemas\2.00\consSitCTeTiposBasico_v2.00.xsd
2026-09-10 12:03:25 | INFO    | PipelineLogger.write | ARQUIVO...............: bin\Xml\Movimento\Cte\Schemas\2.00\consStatServCTe_v2.00.xsd
2026-09-10 12:03:25 | INFO    | PipelineLogger.write | ARQUIVO...............: bin\Xml\Movimento\Cte\Schemas\2.00\consStatServTiposBasico_v2.00.xsd
2026-09-10 12:03:25 | INFO    | PipelineLogger.write | ARQUIVO...............: bin\Xml\Movimento\Cte\Schemas\2.00\cte_v2.00.xsd
2026-09-10 12:03:25 | INFO    | PipelineLogger.write | ARQUIVO...............: bin\Xml\Movimento\Cte\Schemas\2.00\cteModalAereo_v2.00.xsd
2026-09-10 12:03:25 | INFO    | PipelineLogger.write | ARQUIVO...............: bin\Xml\Movimento\Cte\Schemas\2.00\cteModalAquaviario_v2.00.xsd
2026-09-10 12:03:25 | INFO    | PipelineLogger.write | ARQUIVO...............: bin\Xml\Movimento\Cte\Schemas\2.00\cteModalDutoviario_v2.00.xsd
2026-09-10 12:03:25 | INFO    | PipelineLogger.write | ARQUIVO...............: bin\Xml\Movimento\Cte\Schemas\2.00\cteModalFerroviario_v2.00.xsd
2026-09-10 12:03:26 | INFO    | PipelineLogger.write | ARQUIVO...............: bin\Xml\Movimento\Cte\Schemas\2.00\cteModalRodoviario_v2.00.xsd
2026-09-10 12:03:26 | INFO    | PipelineLogger.write | ARQUIVO...............: bin\Xml\Movimento\Cte\Schemas\2.00\cteMultiModal_v2.00.xsd
2026-09-10 12:03:26 | INFO    | PipelineLogger.write | ARQUIVO...............: bin\Xml\Movimento\Cte\Schemas\2.00\cteTiposBasico_v2.00.xsd
2026-09-10 12:03:26 | INFO    | PipelineLogger.write | ARQUIVO...............: bin\Xml\Movimento\Cte\Schemas\2.00\enviCTe_v2.00.xsd
2026-09-10 12:03:26 | INFO    | PipelineLogger.write | ARQUIVO...............: bin\Xml\Movimento\Cte\Schemas\2.00\evCancCTe_v2.00.xsd
2026-09-10 12:03:26 | INFO    | PipelineLogger.write | ARQUIVO...............: bin\Xml\Movimento\Cte\Schemas\2.00\evCCeCTe_v2.00.xsd
2026-09-10 12:03:26 | INFO    | PipelineLogger.write | ARQUIVO...............: bin\Xml\Movimento\Cte\Schemas\2.00\eventoCTe_v2.00.xsd
2026-09-10 12:03:26 | INFO    | PipelineLogger.write | ARQUIVO...............: bin\Xml\Movimento\Cte\Schemas\2.00\eventoCTeTiposBasico_v2.00.xsd
2026-09-10 12:03:27 | INFO    | PipelineLogger.write | ARQUIVO...............: bin\Xml\Movimento\Cte\Schemas\2.00\evEPECCTe_v2.00.xsd
2026-09-10 12:03:27 | INFO    | PipelineLogger.write | ARQUIVO...............: bin\Xml\Movimento\Cte\Schemas\2.00\evRegMultimodal_v2.00.xsd
2026-09-10 12:03:27 | INFO    | PipelineLogger.write | ARQUIVO...............: bin\Xml\Movimento\Cte\Schemas\2.00\inutCTe_v2.00.xsd
2026-09-10 12:03:27 | INFO    | PipelineLogger.write | ARQUIVO...............: bin\Xml\Movimento\Cte\Schemas\2.00\inutCTeTiposBasico_v2.00.xsd
2026-09-10 12:03:27 | INFO    | PipelineLogger.write | ARQUIVO...............: bin\Xml\Movimento\Cte\Schemas\2.00\procCTe_v2.00.xsd
2026-09-10 12:03:27 | INFO    | PipelineLogger.write | ARQUIVO...............: bin\Xml\Movimento\Cte\Schemas\2.00\procEventoCTe_v2.00.xsd
2026-09-10 12:03:27 | INFO    | PipelineLogger.write | ARQUIVO...............: bin\Xml\Movimento\Cte\Schemas\2.00\procInutCTe_v2.00.xsd
2026-09-10 12:03:28 | INFO    | PipelineLogger.write | ARQUIVO...............: bin\Xml\Movimento\Cte\Schemas\2.00\retConsReciCTe_v2.00.xsd
2026-09-10 12:03:28 | INFO    | PipelineLogger.write | ARQUIVO...............: bin\Xml\Movimento\Cte\Schemas\2.00\retConsSitCTe_v2.00.xsd
2026-09-10 12:03:28 | INFO    | PipelineLogger.write | ARQUIVO...............: bin\Xml\Movimento\Cte\Schemas\2.00\retConsStatServCTe_v2.00.xsd
2026-09-10 12:03:28 | INFO    | PipelineLogger.write | ARQUIVO...............: bin\Xml\Movimento\Cte\Schemas\2.00\retEnviCTe_v2.00.xsd
2026-09-10 12:03:28 | INFO    | PipelineLogger.write | ARQUIVO...............: bin\Xml\Movimento\Cte\Schemas\2.00\retEventoCTe_v2.00.xsd
2026-09-10 12:03:28 | INFO    | PipelineLogger.write | ARQUIVO...............: bin\Xml\Movimento\Cte\Schemas\2.00\retInutCTe_v2.00.xsd
2026-09-10 12:03:28 | INFO    | PipelineLogger.write | ARQUIVO...............: bin\Xml\Movimento\Cte\Schemas\2.00\tiposGeralCTe_v2.00.xsd
2026-09-10 12:03:28 | INFO    | PipelineLogger.write | ARQUIVO...............: bin\Xml\Movimento\Cte\Schemas\2.00\xmldsig-core-schema_v1.01.xsd
2026-09-10 12:03:28 | INFO    | PipelineLogger.write | ARQUIVO...............: bin\Xml\Movimento\Cte\Schemas\3.00\consReciCTe_v3.00.xsd
2026-09-10 12:03:28 | INFO    | PipelineLogger.write | ARQUIVO...............: bin\Xml\Movimento\Cte\Schemas\3.00\consReciCTeTiposBasico_v3.00.xsd
2026-09-10 12:03:28 | INFO    | PipelineLogger.write | ARQUIVO...............: bin\Xml\Movimento\Cte\Schemas\3.00\consSitCTe_v3.00.xsd
2026-09-10 12:03:28 | INFO    | PipelineLogger.write | ARQUIVO...............: bin\Xml\Movimento\Cte\Schemas\3.00\consSitCTeTiposBasico_v3.00.xsd
2026-09-10 12:03:29 | INFO    | PipelineLogger.write | ARQUIVO...............: bin\Xml\Movimento\Cte\Schemas\3.00\consStatServCTe_v3.00.xsd
2026-09-10 12:03:29 | INFO    | PipelineLogger.write | ARQUIVO...............: bin\Xml\Movimento\Cte\Schemas\3.00\consStatServTiposBasico_v3.00.xsd
2026-09-10 12:03:29 | INFO    | PipelineLogger.write | ARQUIVO...............: bin\Xml\Movimento\Cte\Schemas\3.00\cte_v3.00.xsd
2026-09-10 12:03:29 | INFO    | PipelineLogger.write | ARQUIVO...............: bin\Xml\Movimento\Cte\Schemas\3.00\cteModalAereo_v3.00.xsd
2026-09-10 12:03:30 | INFO    | PipelineLogger.write | ARQUIVO...............: bin\Xml\Movimento\Cte\Schemas\3.00\cteModalAquaviario_v3.00.xsd
2026-09-10 12:03:30 | INFO    | PipelineLogger.write | ARQUIVO...............: bin\Xml\Movimento\Cte\Schemas\3.00\cteModalDutoviario_v3.00.xsd
2026-09-10 12:03:30 | INFO    | PipelineLogger.write | ARQUIVO...............: bin\Xml\Movimento\Cte\Schemas\3.00\cteModalFerroviario_v3.00.xsd
2026-09-10 12:03:30 | INFO    | PipelineLogger.write | ARQUIVO...............: bin\Xml\Movimento\Cte\Schemas\3.00\cteModalRodoviario_v3.00.xsd
2026-09-10 12:03:30 | INFO    | PipelineLogger.write | ARQUIVO...............: bin\Xml\Movimento\Cte\Schemas\3.00\cteModalRodoviarioOS_v3.00.xsd
2026-09-10 12:03:30 | INFO    | PipelineLogger.write | ARQUIVO...............: bin\Xml\Movimento\Cte\Schemas\3.00\cteMultiModal_v3.00.xsd
2026-09-10 12:03:30 | INFO    | PipelineLogger.write | ARQUIVO...............: bin\Xml\Movimento\Cte\Schemas\3.00\cteOS_v3.00.xsd
2026-09-10 12:03:30 | INFO    | PipelineLogger.write | ARQUIVO...............: bin\Xml\Movimento\Cte\Schemas\3.00\cteTiposBasico_v3.00.xsd
2026-09-10 12:03:30 | INFO    | PipelineLogger.write | ARQUIVO...............: bin\Xml\Movimento\Cte\Schemas\3.00\enviCTe_v3.00.xsd
2026-09-10 12:03:30 | INFO    | PipelineLogger.write | ARQUIVO...............: bin\Xml\Movimento\Cte\Schemas\3.00\evCancCECTe_v3.00.xsd
2026-09-10 12:03:30 | INFO    | PipelineLogger.write | ARQUIVO...............: bin\Xml\Movimento\Cte\Schemas\3.00\evCancCTe_v3.00.xsd
2026-09-10 12:03:30 | INFO    | PipelineLogger.write | ARQUIVO...............: bin\Xml\Movimento\Cte\Schemas\3.00\evCCeCTe_v3.00.xsd
2026-09-10 12:03:31 | INFO    | PipelineLogger.write | ARQUIVO...............: bin\Xml\Movimento\Cte\Schemas\3.00\evCECTe_v3.00.xsd
2026-09-10 12:03:31 | INFO    | PipelineLogger.write | ARQUIVO...............: bin\Xml\Movimento\Cte\Schemas\3.00\eventoCTe_v3.00.xsd
2026-09-10 12:03:31 | INFO    | PipelineLogger.write | ARQUIVO...............: bin\Xml\Movimento\Cte\Schemas\3.00\eventoCTeTiposBasico_v3.00.xsd
2026-09-10 12:03:31 | INFO    | PipelineLogger.write | ARQUIVO...............: bin\Xml\Movimento\Cte\Schemas\3.00\evEPECCTe_v3.00.xsd
2026-09-10 12:03:31 | INFO    | PipelineLogger.write | ARQUIVO...............: bin\Xml\Movimento\Cte\Schemas\3.00\evGTV_v3.00.xsd
2026-09-10 12:03:31 | INFO    | PipelineLogger.write | ARQUIVO...............: bin\Xml\Movimento\Cte\Schemas\3.00\evPrestDesacordo_v3.00.xsd
2026-09-10 12:03:31 | INFO    | PipelineLogger.write | ARQUIVO...............: bin\Xml\Movimento\Cte\Schemas\3.00\evRegMultimodal_v3.00.xsd
2026-09-10 12:03:31 | INFO    | PipelineLogger.write | ARQUIVO...............: bin\Xml\Movimento\Cte\Schemas\3.00\GTVe_v3.00.xsd
2026-09-10 12:03:31 | INFO    | PipelineLogger.write | ARQUIVO...............: bin\Xml\Movimento\Cte\Schemas\3.00\inutCTe_v3.00.xsd
2026-09-10 12:03:31 | INFO    | PipelineLogger.write | ARQUIVO...............: bin\Xml\Movimento\Cte\Schemas\3.00\inutCTeTiposBasico_v3.00.xsd
2026-09-10 12:03:31 | INFO    | PipelineLogger.write | ARQUIVO...............: bin\Xml\Movimento\Cte\Schemas\3.00\procCTe_v3.00.xsd
2026-09-10 12:03:31 | INFO    | PipelineLogger.write | ARQUIVO...............: bin\Xml\Movimento\Cte\Schemas\3.00\procCTeOS_v3.00.xsd
2026-09-10 12:03:31 | INFO    | PipelineLogger.write | ARQUIVO...............: bin\Xml\Movimento\Cte\Schemas\3.00\procEventoCTe_v3.00.xsd
2026-09-10 12:03:32 | INFO    | PipelineLogger.write | ARQUIVO...............: bin\Xml\Movimento\Cte\Schemas\3.00\procGTVe_v3.00.xsd
2026-09-10 12:03:32 | INFO    | PipelineLogger.write | ARQUIVO...............: bin\Xml\Movimento\Cte\Schemas\3.00\procInutCTe_v3.00.xsd
2026-09-10 12:03:32 | INFO    | PipelineLogger.write | ARQUIVO...............: bin\Xml\Movimento\Cte\Schemas\3.00\retConsReciCTe_v3.00.xsd
2026-09-10 12:03:32 | INFO    | PipelineLogger.write | ARQUIVO...............: bin\Xml\Movimento\Cte\Schemas\3.00\retConsSitCTe_v3.00.xsd
2026-09-10 12:03:32 | INFO    | PipelineLogger.write | ARQUIVO...............: bin\Xml\Movimento\Cte\Schemas\3.00\retConsStatServCTe_v3.00.xsd
2026-09-10 12:03:32 | INFO    | PipelineLogger.write | ARQUIVO...............: bin\Xml\Movimento\Cte\Schemas\3.00\retCTe_v3.00.xsd
2026-09-10 12:03:32 | INFO    | PipelineLogger.write | ARQUIVO...............: bin\Xml\Movimento\Cte\Schemas\3.00\retCTeOS_v3.00.xsd
2026-09-10 12:03:32 | INFO    | PipelineLogger.write | ARQUIVO...............: bin\Xml\Movimento\Cte\Schemas\3.00\retEnviCTe_v3.00.xsd
2026-09-10 12:03:32 | INFO    | PipelineLogger.write | ARQUIVO...............: bin\Xml\Movimento\Cte\Schemas\3.00\retEventoCTe_v3.00.xsd
2026-09-10 12:03:32 | INFO    | PipelineLogger.write | ARQUIVO...............: bin\Xml\Movimento\Cte\Schemas\3.00\retGTVe_v3.00.xsd
2026-09-10 12:03:32 | INFO    | PipelineLogger.write | ARQUIVO...............: bin\Xml\Movimento\Cte\Schemas\3.00\retInutCTe_v3.00.xsd
2026-09-10 12:03:32 | INFO    | PipelineLogger.write | ARQUIVO...............: bin\Xml\Movimento\Cte\Schemas\3.00\tiposGeralCTe_v3.00.xsd
2026-09-10 12:03:32 | INFO    | PipelineLogger.write | ARQUIVO...............: bin\Xml\Movimento\Cte\Schemas\3.00\xmldsig-core-schema_v1.01.xsd
2026-09-10 12:03:33 | INFO    | PipelineLogger.write | ARQUIVO...............: bin\Xml\Movimento\Cte\Schemas\4.00\consSitCTe_v4.00.xsd
2026-09-10 12:03:33 | INFO    | PipelineLogger.write | ARQUIVO...............: bin\Xml\Movimento\Cte\Schemas\4.00\consSitCTeTiposBasico_v4.00.xsd
2026-09-10 12:03:33 | INFO    | PipelineLogger.write | ARQUIVO...............: bin\Xml\Movimento\Cte\Schemas\4.00\consStatServCTe_v4.00.xsd
2026-09-10 12:03:33 | INFO    | PipelineLogger.write | ARQUIVO...............: bin\Xml\Movimento\Cte\Schemas\4.00\consStatServTiposBasico_v4.00.xsd
2026-09-10 12:03:33 | INFO    | PipelineLogger.write | ARQUIVO...............: bin\Xml\Movimento\Cte\Schemas\4.00\cte_v4.00.xsd
2026-09-10 12:03:33 | INFO    | PipelineLogger.write | ARQUIVO...............: bin\Xml\Movimento\Cte\Schemas\4.00\cteModalAereo_v4.00.xsd
2026-09-10 12:03:33 | INFO    | PipelineLogger.write | ARQUIVO...............: bin\Xml\Movimento\Cte\Schemas\4.00\cteModalAquaviario_v4.00.xsd
2026-09-10 12:03:33 | INFO    | PipelineLogger.write | ARQUIVO...............: bin\Xml\Movimento\Cte\Schemas\4.00\cteModalDutoviario_v4.00.xsd
2026-09-10 12:03:33 | INFO    | PipelineLogger.write | ARQUIVO...............: bin\Xml\Movimento\Cte\Schemas\4.00\cteModalFerroviario_v4.00.xsd
2026-09-10 12:03:33 | INFO    | PipelineLogger.write | ARQUIVO...............: bin\Xml\Movimento\Cte\Schemas\4.00\cteModalRodoviario_v4.00.xsd
2026-09-10 12:03:34 | INFO    | PipelineLogger.write | ARQUIVO...............: bin\Xml\Movimento\Cte\Schemas\4.00\cteModalRodoviarioOS_v4.00.xsd
2026-09-10 12:03:35 | INFO    | PipelineLogger.write | ARQUIVO...............: bin\Xml\Movimento\Cte\Schemas\4.00\cteMultiModal_v4.00.xsd
2026-09-10 12:03:35 | INFO    | PipelineLogger.write | ARQUIVO...............: bin\Xml\Movimento\Cte\Schemas\4.00\cteOS_v4.00.xsd
2026-09-10 12:03:35 | INFO    | PipelineLogger.write | ARQUIVO...............: bin\Xml\Movimento\Cte\Schemas\4.00\cteTiposBasico_v4.00.xsd
2026-09-10 12:03:35 | INFO    | PipelineLogger.write | ARQUIVO...............: bin\Xml\Movimento\Cte\Schemas\4.00\evCancCECTe_v4.00.xsd
2026-09-10 12:03:35 | INFO    | PipelineLogger.write | ARQUIVO...............: bin\Xml\Movimento\Cte\Schemas\4.00\evCancCTe_v4.00.xsd
2026-09-10 12:03:35 | INFO    | PipelineLogger.write | ARQUIVO...............: bin\Xml\Movimento\Cte\Schemas\4.00\evCancIECTe_v4.00.xsd
2026-09-10 12:03:35 | INFO    | PipelineLogger.write | ARQUIVO...............: bin\Xml\Movimento\Cte\Schemas\4.00\evCancPrestDesacordo_v4.00.xsd
2026-09-10 12:03:35 | INFO    | PipelineLogger.write | ARQUIVO...............: bin\Xml\Movimento\Cte\Schemas\4.00\evCCeCTe_v4.00.xsd
2026-09-10 12:03:35 | INFO    | PipelineLogger.write | ARQUIVO...............: bin\Xml\Movimento\Cte\Schemas\4.00\evCECTe_v4.00.xsd
2026-09-10 12:03:36 | INFO    | PipelineLogger.write | ARQUIVO...............: bin\Xml\Movimento\Cte\Schemas\4.00\eventoCTe_v4.00.xsd
2026-09-10 12:03:36 | INFO    | PipelineLogger.write | ARQUIVO...............: bin\Xml\Movimento\Cte\Schemas\4.00\eventoCTeTiposBasico_v4.00.xsd
2026-09-10 12:03:36 | INFO    | PipelineLogger.write | ARQUIVO...............: bin\Xml\Movimento\Cte\Schemas\4.00\evEPECCTe_v4.00.xsd
2026-09-10 12:03:36 | INFO    | PipelineLogger.write | ARQUIVO...............: bin\Xml\Movimento\Cte\Schemas\4.00\evGTV_v4.00.xsd
2026-09-10 12:03:36 | INFO    | PipelineLogger.write | ARQUIVO...............: bin\Xml\Movimento\Cte\Schemas\4.00\evIECTe_v4.00.xsd
2026-09-10 12:03:36 | INFO    | PipelineLogger.write | ARQUIVO...............: bin\Xml\Movimento\Cte\Schemas\4.00\evPrestDesacordo_v4.00.xsd
2026-09-10 12:03:37 | INFO    | PipelineLogger.write | ARQUIVO...............: bin\Xml\Movimento\Cte\Schemas\4.00\evRegMultimodal_v4.00.xsd
2026-09-10 12:03:37 | INFO    | PipelineLogger.write | ARQUIVO...............: bin\Xml\Movimento\Cte\Schemas\4.00\GTVe_v4.00.xsd
2026-09-10 12:03:37 | INFO    | PipelineLogger.write | ARQUIVO...............: bin\Xml\Movimento\Cte\Schemas\4.00\inutCTe_v4.00.xsd
2026-09-10 12:03:37 | INFO    | PipelineLogger.write | ARQUIVO...............: bin\Xml\Movimento\Cte\Schemas\4.00\inutCTeTiposBasico_v4.00.xsd
2026-09-10 12:03:37 | INFO    | PipelineLogger.write | ARQUIVO...............: bin\Xml\Movimento\Cte\Schemas\4.00\procCTe_v4.00.xsd
2026-09-10 12:03:37 | INFO    | PipelineLogger.write | ARQUIVO...............: bin\Xml\Movimento\Cte\Schemas\4.00\procCTeOS_v4.00.xsd
2026-09-10 12:03:37 | INFO    | PipelineLogger.write | ARQUIVO...............: bin\Xml\Movimento\Cte\Schemas\4.00\procEventoCTe_v4.00.xsd
2026-09-10 12:03:37 | INFO    | PipelineLogger.write | ARQUIVO...............: bin\Xml\Movimento\Cte\Schemas\4.00\procGTVe_v4.00.xsd
2026-09-10 12:03:37 | INFO    | PipelineLogger.write | ARQUIVO...............: bin\Xml\Movimento\Cte\Schemas\4.00\procInutCTe_v4.00.xsd
2026-09-10 12:03:37 | INFO    | PipelineLogger.write | ARQUIVO...............: bin\Xml\Movimento\Cte\Schemas\4.00\retConsSitCTe_v4.00.xsd
2026-09-10 12:03:37 | INFO    | PipelineLogger.write | ARQUIVO...............: bin\Xml\Movimento\Cte\Schemas\4.00\retConsStatServCTe_v4.00.xsd
2026-09-10 12:03:38 | INFO    | PipelineLogger.write | ARQUIVO...............: bin\Xml\Movimento\Cte\Schemas\4.00\retCTe_v4.00.xsd
2026-09-10 12:03:38 | INFO    | PipelineLogger.write | ARQUIVO...............: bin\Xml\Movimento\Cte\Schemas\4.00\retCTeOS_v4.00.xsd
2026-09-10 12:03:38 | INFO    | PipelineLogger.write | ARQUIVO...............: bin\Xml\Movimento\Cte\Schemas\4.00\retEventoCTe_v4.00.xsd
2026-09-10 12:03:38 | INFO    | PipelineLogger.write | ARQUIVO...............: bin\Xml\Movimento\Cte\Schemas\4.00\retGTVe_v4.00.xsd
2026-09-10 12:03:38 | INFO    | PipelineLogger.write | ARQUIVO...............: bin\Xml\Movimento\Cte\Schemas\4.00\retInutCTe_v4.00.xsd
2026-09-10 12:03:38 | INFO    | PipelineLogger.write | ARQUIVO...............: bin\Xml\Movimento\Cte\Schemas\4.00\tiposGeralCTe_v4.00.xsd
2026-09-10 12:03:38 | INFO    | PipelineLogger.write | ARQUIVO...............: bin\Xml\Movimento\Cte\Schemas\4.00\xmldsig-core-schema_v1.01.xsd
2026-09-10 12:03:38 | INFO    | PipelineLogger.write | ARQUIVO...............: bin\Xml\Movimento\NFe\Schemas\atuCadEmiDFe_v1.01.xsd
2026-09-10 12:03:38 | INFO    | PipelineLogger.write | ARQUIVO...............: bin\Xml\Movimento\NFe\Schemas\autorizacao_v1.00.xsd
2026-09-10 12:03:38 | INFO    | PipelineLogger.write | ARQUIVO...............: bin\Xml\Movimento\NFe\Schemas\autorizacaoRetorno_v1.00.xsd
2026-09-10 12:03:39 | INFO    | PipelineLogger.write | ARQUIVO...............: bin\Xml\Movimento\NFe\Schemas\Averb_v1.00.xsd
2026-09-10 12:03:39 | INFO    | PipelineLogger.write | ARQUIVO...............: bin\Xml\Movimento\NFe\Schemas\cabecMsg_v1.02.xsd
2026-09-10 12:03:40 | INFO    | PipelineLogger.write | ARQUIVO...............: bin\Xml\Movimento\NFe\Schemas\cadEmiDFe_v1.01.xsd
2026-09-10 12:03:40 | INFO    | PipelineLogger.write | ARQUIVO...............: bin\Xml\Movimento\NFe\Schemas\cancNFe_v2.00.xsd
2026-09-10 12:03:40 | INFO    | PipelineLogger.write | ARQUIVO...............: bin\Xml\Movimento\NFe\Schemas\CCe_v1.00.xsd
2026-09-10 12:03:40 | INFO    | PipelineLogger.write | ARQUIVO...............: bin\Xml\Movimento\NFe\Schemas\confRecebto_v1.00.xsd
2026-09-10 12:03:40 | INFO    | PipelineLogger.write | ARQUIVO...............: bin\Xml\Movimento\NFe\Schemas\consCad_v2.00.xsd
2026-09-10 12:03:40 | INFO    | PipelineLogger.write | ARQUIVO...............: bin\Xml\Movimento\NFe\Schemas\consCad_v3.10.xsd
2026-09-10 12:03:40 | INFO    | PipelineLogger.write | ARQUIVO...............: bin\Xml\Movimento\NFe\Schemas\consDPEC_v1.01.xsd
2026-09-10 12:03:41 | INFO    | PipelineLogger.write | ARQUIVO...............: bin\Xml\Movimento\NFe\Schemas\consGTIN_v1.00.xsd
2026-09-10 12:03:41 | INFO    | PipelineLogger.write | ARQUIVO...............: bin\Xml\Movimento\NFe\Schemas\consNFeDest_v1.01.xsd
2026-09-10 12:03:41 | INFO    | PipelineLogger.write | ARQUIVO...............: bin\Xml\Movimento\NFe\Schemas\consReciNFe_v2.00.xsd
2026-09-10 12:03:41 | INFO    | PipelineLogger.write | ARQUIVO...............: bin\Xml\Movimento\NFe\Schemas\consReciNFe_v3.10.xsd
2026-09-10 12:03:41 | INFO    | PipelineLogger.write | ARQUIVO...............: bin\Xml\Movimento\NFe\Schemas\consReciNFe_v4.00.xsd
2026-09-10 12:03:41 | INFO    | PipelineLogger.write | ARQUIVO...............: bin\Xml\Movimento\NFe\Schemas\consSitNFe_v2.00.xsd
2026-09-10 12:03:41 | INFO    | PipelineLogger.write | ARQUIVO...............: bin\Xml\Movimento\NFe\Schemas\consSitNFe_v2.01.xsd
2026-09-10 12:03:41 | INFO    | PipelineLogger.write | ARQUIVO...............: bin\Xml\Movimento\NFe\Schemas\consSitNFe_v3.10.xsd
2026-09-10 12:03:41 | INFO    | PipelineLogger.write | ARQUIVO...............: bin\Xml\Movimento\NFe\Schemas\consSitNFe_v4.00.xsd
2026-09-10 12:03:41 | INFO    | PipelineLogger.write | ARQUIVO...............: bin\Xml\Movimento\NFe\Schemas\consStatServ_v2.00.xsd
2026-09-10 12:03:41 | INFO    | PipelineLogger.write | ARQUIVO...............: bin\Xml\Movimento\NFe\Schemas\consStatServ_v3.10.xsd
2026-09-10 12:03:41 | INFO    | PipelineLogger.write | ARQUIVO...............: bin\Xml\Movimento\NFe\Schemas\consStatServ_v4.00.xsd
2026-09-10 12:03:41 | INFO    | PipelineLogger.write | ARQUIVO...............: bin\Xml\Movimento\NFe\Schemas\DFeTiposBasicos_v1.00.xsd
2026-09-10 12:03:41 | INFO    | PipelineLogger.write | ARQUIVO...............: bin\Xml\Movimento\NFe\Schemas\distDFeInt_v1.00.xsd
2026-09-10 12:03:42 | INFO    | PipelineLogger.write | ARQUIVO...............: bin\Xml\Movimento\NFe\Schemas\distDFeInt_v1.01.xsd
2026-09-10 12:03:42 | INFO    | PipelineLogger.write | ARQUIVO...............: bin\Xml\Movimento\NFe\Schemas\downloadNFe_v1.00.xsd
2026-09-10 12:03:42 | INFO    | PipelineLogger.write | ARQUIVO...............: bin\Xml\Movimento\NFe\Schemas\e110110_v1.00.xsd
2026-09-10 12:03:42 | INFO    | PipelineLogger.write | ARQUIVO...............: bin\Xml\Movimento\NFe\Schemas\e110111_v1.00.xsd
2026-09-10 12:03:42 | INFO    | PipelineLogger.write | ARQUIVO...............: bin\Xml\Movimento\NFe\Schemas\e110112_v1.00.xsd
2026-09-10 12:03:42 | INFO    | PipelineLogger.write | ARQUIVO...............: bin\Xml\Movimento\NFe\Schemas\e110130_v1.00.xsd
2026-09-10 12:03:42 | INFO    | PipelineLogger.write | ARQUIVO...............: bin\Xml\Movimento\NFe\Schemas\e110131_v1.00.xsd
2026-09-10 12:03:42 | INFO    | PipelineLogger.write | ARQUIVO...............: bin\Xml\Movimento\NFe\Schemas\e110140_v1.00.xsd
2026-09-10 12:03:42 | INFO    | PipelineLogger.write | ARQUIVO...............: bin\Xml\Movimento\NFe\Schemas\e110140NFCe_v1.00.xsd
2026-09-10 12:03:42 | INFO    | PipelineLogger.write | ARQUIVO...............: bin\Xml\Movimento\NFe\Schemas\e110140NFe_v1.00.xsd
2026-09-10 12:03:42 | INFO    | PipelineLogger.write | ARQUIVO...............: bin\Xml\Movimento\NFe\Schemas\e110150_v1.00.xsd
2026-09-10 12:03:42 | INFO    | PipelineLogger.write | ARQUIVO...............: bin\Xml\Movimento\NFe\Schemas\e110192_v1.00.xsd
2026-09-10 12:03:43 | INFO    | PipelineLogger.write | ARQUIVO...............: bin\Xml\Movimento\NFe\Schemas\e110193_v1.00.xsd
2026-09-10 12:03:44 | INFO    | PipelineLogger.write | ARQUIVO...............: bin\Xml\Movimento\NFe\Schemas\e110750_v1.00.xsd
2026-09-10 12:03:44 | INFO    | PipelineLogger.write | ARQUIVO...............: bin\Xml\Movimento\NFe\Schemas\e110751_v1.00.xsd
2026-09-10 12:03:44 | INFO    | PipelineLogger.write | ARQUIVO...............: bin\Xml\Movimento\NFe\Schemas\e111500_v1.00.xsd
2026-09-10 12:03:44 | INFO    | PipelineLogger.write | ARQUIVO...............: bin\Xml\Movimento\NFe\Schemas\e111501_v1.00.xsd
2026-09-10 12:03:44 | INFO    | PipelineLogger.write | ARQUIVO...............: bin\Xml\Movimento\NFe\Schemas\e111502_v1.00.xsd
2026-09-10 12:03:44 | INFO    | PipelineLogger.write | ARQUIVO...............: bin\Xml\Movimento\NFe\Schemas\e111503_v1.00.xsd
2026-09-10 12:03:44 | INFO    | PipelineLogger.write | ARQUIVO...............: bin\Xml\Movimento\NFe\Schemas\e210200_v1.00.xsd
2026-09-10 12:03:45 | INFO    | PipelineLogger.write | ARQUIVO...............: bin\Xml\Movimento\NFe\Schemas\e210210_v1.00.xsd
2026-09-10 12:03:45 | INFO    | PipelineLogger.write | ARQUIVO...............: bin\Xml\Movimento\NFe\Schemas\e210220_v1.00.xsd
2026-09-10 12:03:45 | INFO    | PipelineLogger.write | ARQUIVO...............: bin\Xml\Movimento\NFe\Schemas\e210240_v1.00.xsd
2026-09-10 12:03:45 | INFO    | PipelineLogger.write | ARQUIVO...............: bin\Xml\Movimento\NFe\Schemas\e411500_v1.00.xsd
2026-09-10 12:03:45 | INFO    | PipelineLogger.write | ARQUIVO...............: bin\Xml\Movimento\NFe\Schemas\e411501_v1.00.xsd
2026-09-10 12:03:45 | INFO    | PipelineLogger.write | ARQUIVO...............: bin\Xml\Movimento\NFe\Schemas\e411502_v1.00.xsd
2026-09-10 12:03:45 | INFO    | PipelineLogger.write | ARQUIVO...............: bin\Xml\Movimento\NFe\Schemas\e411503_v1.00.xsd
2026-09-10 12:03:45 | INFO    | PipelineLogger.write | ARQUIVO...............: bin\Xml\Movimento\NFe\Schemas\e610130_v1.00.xsd
2026-09-10 12:03:45 | INFO    | PipelineLogger.write | ARQUIVO...............: bin\Xml\Movimento\NFe\Schemas\e610131_v1.00.xsd
2026-09-10 12:03:45 | INFO    | PipelineLogger.write | ARQUIVO...............: bin\Xml\Movimento\NFe\Schemas\e790700_v1.00.xsd
2026-09-10 12:03:45 | INFO    | PipelineLogger.write | ARQUIVO...............: bin\Xml\Movimento\NFe\Schemas\e990900_v1.00.xsd
2026-09-10 12:03:45 | INFO    | PipelineLogger.write | ARQUIVO...............: bin\Xml\Movimento\NFe\Schemas\e990910_v1.00.xsd
2026-09-10 12:03:45 | INFO    | PipelineLogger.write | ARQUIVO...............: bin\Xml\Movimento\NFe\Schemas\envAverb_v1.00.xsd
2026-09-10 12:03:46 | INFO    | PipelineLogger.write | ARQUIVO...............: bin\Xml\Movimento\NFe\Schemas\envCancelPProrrogNFe_v1.0.xsd
2026-09-10 12:03:46 | INFO    | PipelineLogger.write | ARQUIVO...............: bin\Xml\Movimento\NFe\Schemas\envCCe_v1.00.xsd
2026-09-10 12:03:46 | INFO    | PipelineLogger.write | ARQUIVO...............: bin\Xml\Movimento\NFe\Schemas\envComprovanteEntregaNFe_v1.00.xsd
2026-09-10 12:03:46 | INFO    | PipelineLogger.write | ARQUIVO...............: bin\Xml\Movimento\NFe\Schemas\envConfRecebto_v1.00.xsd
2026-09-10 12:03:46 | INFO    | PipelineLogger.write | ARQUIVO...............: bin\Xml\Movimento\NFe\Schemas\envDPEC_v1.01.xsd
2026-09-10 12:03:46 | INFO    | PipelineLogger.write | ARQUIVO...............: bin\Xml\Movimento\NFe\Schemas\envEPEC_v1.00.xsd
2026-09-10 12:03:46 | INFO    | PipelineLogger.write | ARQUIVO...............: bin\Xml\Movimento\NFe\Schemas\envEvento_v1.00.xsd
2026-09-10 12:03:46 | INFO    | PipelineLogger.write | ARQUIVO...............: bin\Xml\Movimento\NFe\Schemas\envEventoAtorInteressado_v1.00.xsd
2026-09-10 12:03:46 | INFO    | PipelineLogger.write | ARQUIVO...............: bin\Xml\Movimento\NFe\Schemas\envEventoCancEConf_v1.00.xsd
2026-09-10 12:03:46 | INFO    | PipelineLogger.write | ARQUIVO...............: bin\Xml\Movimento\NFe\Schemas\envEventoCancEntregaNFe_v1.00.xsd
2026-09-10 12:03:46 | INFO    | PipelineLogger.write | ARQUIVO...............: bin\Xml\Movimento\NFe\Schemas\envEventoCancInsucessoNFe_v1.00.xsd
2026-09-10 12:03:46 | INFO    | PipelineLogger.write | ARQUIVO...............: bin\Xml\Movimento\NFe\Schemas\envEventoCancNFe_v1.00.xsd
2026-09-10 12:03:46 | INFO    | PipelineLogger.write | ARQUIVO...............: bin\Xml\Movimento\NFe\Schemas\envEventoCancSubst_v1.00.xsd
2026-09-10 12:03:47 | INFO    | PipelineLogger.write | ARQUIVO...............: bin\Xml\Movimento\NFe\Schemas\envEventoEConf_v1.00.xsd
2026-09-10 12:03:47 | INFO    | PipelineLogger.write | ARQUIVO...............: bin\Xml\Movimento\NFe\Schemas\envEventoEntregaNFe_v1.00.xsd
2026-09-10 12:03:47 | INFO    | PipelineLogger.write | ARQUIVO...............: bin\Xml\Movimento\NFe\Schemas\envEventoInsucessoNFe_v1.00.xsd
2026-09-10 12:03:47 | INFO    | PipelineLogger.write | ARQUIVO...............: bin\Xml\Movimento\NFe\Schemas\envFiscoNfe_v1.0.xsd
2026-09-10 12:03:47 | INFO    | PipelineLogger.write | ARQUIVO...............: bin\Xml\Movimento\NFe\Schemas\enviNFe_v2.00.xsd
2026-09-10 12:03:47 | INFO    | PipelineLogger.write | ARQUIVO...............: bin\Xml\Movimento\NFe\Schemas\enviNFe_v3.10.xsd
2026-09-10 12:03:48 | INFO    | PipelineLogger.write | ARQUIVO...............: bin\Xml\Movimento\NFe\Schemas\enviNFe_v4.00.xsd
2026-09-10 12:03:48 | INFO    | PipelineLogger.write | ARQUIVO...............: bin\Xml\Movimento\NFe\Schemas\envPProrrogNFe_v1.0.xsd
2026-09-10 12:03:48 | INFO    | PipelineLogger.write | ARQUIVO...............: bin\Xml\Movimento\NFe\Schemas\envRemIndus_v1.00.xsd
2026-09-10 12:03:48 | INFO    | PipelineLogger.write | ARQUIVO...............: bin\Xml\Movimento\NFe\Schemas\envSuframaInternaliza_v1.00.xsd
2026-09-10 12:03:48 | INFO    | PipelineLogger.write | ARQUIVO...............: bin\Xml\Movimento\NFe\Schemas\envSuframaVistoria_v1.00.xsd
2026-09-10 12:03:48 | INFO    | PipelineLogger.write | ARQUIVO...............: bin\Xml\Movimento\NFe\Schemas\EPEC_v1.00.xsd
2026-09-10 12:03:48 | INFO    | PipelineLogger.write | ARQUIVO...............: bin\Xml\Movimento\NFe\Schemas\eventoAtorInteressado_v1.00.xsd
2026-09-10 12:03:48 | INFO    | PipelineLogger.write | ARQUIVO...............: bin\Xml\Movimento\NFe\Schemas\EventoCancEConf_v1.00.xsd
2026-09-10 12:03:48 | INFO    | PipelineLogger.write | ARQUIVO...............: bin\Xml\Movimento\NFe\Schemas\eventoCancEntregaNFe_v1.00.xsd
2026-09-10 12:03:48 | INFO    | PipelineLogger.write | ARQUIVO...............: bin\Xml\Movimento\NFe\Schemas\EventoCancInsucessoNFe_v1.00.xsd
2026-09-10 12:03:48 | INFO    | PipelineLogger.write | ARQUIVO...............: bin\Xml\Movimento\NFe\Schemas\eventoCancNFe_v1.00.xsd
2026-09-10 12:03:48 | INFO    | PipelineLogger.write | ARQUIVO...............: bin\Xml\Movimento\NFe\Schemas\eventoCancSubst_v1.00.xsd
2026-09-10 12:03:49 | INFO    | PipelineLogger.write | ARQUIVO...............: bin\Xml\Movimento\NFe\Schemas\EventoEConf_v1.00.xsd
2026-09-10 12:03:49 | INFO    | PipelineLogger.write | ARQUIVO...............: bin\Xml\Movimento\NFe\Schemas\eventoEntregaNFe_v1.00.xsd
2026-09-10 12:03:49 | INFO    | PipelineLogger.write | ARQUIVO...............: bin\Xml\Movimento\NFe\Schemas\eventoEPEC_v0.01.xsd
2026-09-10 12:03:49 | INFO    | PipelineLogger.write | ARQUIVO...............: bin\Xml\Movimento\NFe\Schemas\eventoEPEC_v1.00.xsd
2026-09-10 12:03:49 | INFO    | PipelineLogger.write | ARQUIVO...............: bin\Xml\Movimento\NFe\Schemas\EventoInsucessoNFe_v1.00.xsd
2026-09-10 12:03:49 | INFO    | PipelineLogger.write | ARQUIVO...............: bin\Xml\Movimento\NFe\Schemas\eventoRemIndus_v1.00.xsd
2026-09-10 12:03:50 | INFO    | PipelineLogger.write | ARQUIVO...............: bin\Xml\Movimento\NFe\Schemas\inutNFe_v2.00.xsd
2026-09-10 12:03:50 | INFO    | PipelineLogger.write | ARQUIVO...............: bin\Xml\Movimento\NFe\Schemas\inutNFe_v3.10.xsd
2026-09-10 12:03:50 | INFO    | PipelineLogger.write | ARQUIVO...............: bin\Xml\Movimento\NFe\Schemas\inutNFe_v4.00.xsd
2026-09-10 12:03:50 | INFO    | PipelineLogger.write | ARQUIVO...............: bin\Xml\Movimento\NFe\Schemas\leiauteAverb_v1.00.xsd
2026-09-10 12:03:50 | INFO    | PipelineLogger.write | ARQUIVO...............: bin\Xml\Movimento\NFe\Schemas\LeiauteCadastroEmissorDFe_v1.01.xsd
2026-09-10 12:03:50 | INFO    | PipelineLogger.write | ARQUIVO...............: bin\Xml\Movimento\NFe\Schemas\leiauteCancNFe_v2.00.xsd
2026-09-10 12:03:50 | INFO    | PipelineLogger.write | ARQUIVO...............: bin\Xml\Movimento\NFe\Schemas\leiauteCCe_v1.00.xsd
2026-09-10 12:03:50 | INFO    | PipelineLogger.write | ARQUIVO...............: bin\Xml\Movimento\NFe\Schemas\leiauteCcgConsGTIN_v1.00.xsd
2026-09-10 12:03:51 | INFO    | PipelineLogger.write | ARQUIVO...............: bin\Xml\Movimento\NFe\Schemas\leiauteComprovanteEntregaNFe_v1.00.xsd
2026-09-10 12:03:51 | INFO    | PipelineLogger.write | ARQUIVO...............: bin\Xml\Movimento\NFe\Schemas\leiauteConfRecebto_v1.00.xsd
2026-09-10 12:03:51 | INFO    | PipelineLogger.write | ARQUIVO...............: bin\Xml\Movimento\NFe\Schemas\leiauteConsNFeDest_v1.01.xsd
2026-09-10 12:03:51 | INFO    | PipelineLogger.write | ARQUIVO...............: bin\Xml\Movimento\NFe\Schemas\leiauteConsSitNFe_v2.01.xsd
2026-09-10 12:03:51 | INFO    | PipelineLogger.write | ARQUIVO...............: bin\Xml\Movimento\NFe\Schemas\leiauteConsSitNFe_v3.10.xsd
2026-09-10 12:03:51 | INFO    | PipelineLogger.write | ARQUIVO...............: bin\Xml\Movimento\NFe\Schemas\leiauteConsSitNFe_v4.00.xsd
2026-09-10 12:03:51 | INFO    | PipelineLogger.write | ARQUIVO...............: bin\Xml\Movimento\NFe\Schemas\leiauteConsStatServ_v2.00.xsd
2026-09-10 12:03:51 | INFO    | PipelineLogger.write | ARQUIVO...............: bin\Xml\Movimento\NFe\Schemas\leiauteConsStatServ_v3.10.xsd
2026-09-10 12:03:51 | INFO    | PipelineLogger.write | ARQUIVO...............: bin\Xml\Movimento\NFe\Schemas\leiauteConsStatServ_v4.00.xsd
2026-09-10 12:03:51 | INFO    | PipelineLogger.write | ARQUIVO...............: bin\Xml\Movimento\NFe\Schemas\leiauteConsultaCadastro_v1.01.xsd
2026-09-10 12:03:51 | INFO    | PipelineLogger.write | ARQUIVO...............: bin\Xml\Movimento\NFe\Schemas\leiauteConsultaCadastro_v2.00.xsd
2026-09-10 12:03:51 | INFO    | PipelineLogger.write | ARQUIVO...............: bin\Xml\Movimento\NFe\Schemas\leiauteConsultaCadastro_v3.10.xsd
2026-09-10 12:03:51 | INFO    | PipelineLogger.write | ARQUIVO...............: bin\Xml\Movimento\NFe\Schemas\leiauteDownloadNFe_v1.00.xsd
2026-09-10 12:03:51 | INFO    | PipelineLogger.write | ARQUIVO...............: bin\Xml\Movimento\NFe\Schemas\leiauteDPEC_v1.01.xsd
2026-09-10 12:03:52 | INFO    | PipelineLogger.write | ARQUIVO...............: bin\Xml\Movimento\NFe\Schemas\leiauteEPEC_v1.00.xsd
2026-09-10 12:03:52 | INFO    | PipelineLogger.write | ARQUIVO...............: bin\Xml\Movimento\NFe\Schemas\leiauteEvento_v1.00.xsd
2026-09-10 12:03:52 | INFO    | PipelineLogger.write | ARQUIVO...............: bin\Xml\Movimento\NFe\Schemas\leiauteEventoAtorInteressado_v1.00.xsd
2026-09-10 12:03:52 | INFO    | PipelineLogger.write | ARQUIVO...............: bin\Xml\Movimento\NFe\Schemas\leiauteEventoCancEConf_v1.00.xsd
2026-09-10 12:03:52 | INFO    | PipelineLogger.write | ARQUIVO...............: bin\Xml\Movimento\NFe\Schemas\leiauteEventoCancEntregaNFe_v1.00.xsd
2026-09-10 12:03:52 | INFO    | PipelineLogger.write | ARQUIVO...............: bin\Xml\Movimento\NFe\Schemas\leiauteEventoCancInsucessoNFe_v1.00.xsd
2026-09-10 12:03:52 | INFO    | PipelineLogger.write | ARQUIVO...............: bin\Xml\Movimento\NFe\Schemas\leiauteEventoCancNFe_v1.00.xsd
2026-09-10 12:03:52 | INFO    | PipelineLogger.write | ARQUIVO...............: bin\Xml\Movimento\NFe\Schemas\leiauteEventoCancSubst_v1.00.xsd
2026-09-10 12:03:52 | INFO    | PipelineLogger.write | ARQUIVO...............: bin\Xml\Movimento\NFe\Schemas\leiauteEventoEConf_v1.00.xsd
2026-09-10 12:03:52 | INFO    | PipelineLogger.write | ARQUIVO...............: bin\Xml\Movimento\NFe\Schemas\leiauteEventoEntregaNFe_v1.00.xsd
2026-09-10 12:03:52 | INFO    | PipelineLogger.write | ARQUIVO...............: bin\Xml\Movimento\NFe\Schemas\leiauteEventoInsucessoNFe_v1.00.xsd
2026-09-10 12:03:52 | INFO    | PipelineLogger.write | ARQUIVO...............: bin\Xml\Movimento\NFe\Schemas\leiauteInutNFe_v2.00.xsd
2026-09-10 12:03:52 | INFO    | PipelineLogger.write | ARQUIVO...............: bin\Xml\Movimento\NFe\Schemas\leiauteInutNFe_v3.10.xsd
2026-09-10 12:03:53 | INFO    | PipelineLogger.write | ARQUIVO...............: bin\Xml\Movimento\NFe\Schemas\leiauteInutNFe_v4.00.xsd
2026-09-10 12:03:53 | INFO    | PipelineLogger.write | ARQUIVO...............: bin\Xml\Movimento\NFe\Schemas\leiauteLivroCombustivel_v1.00.xsd
2026-09-10 12:03:53 | INFO    | PipelineLogger.write | ARQUIVO...............: bin\Xml\Movimento\NFe\Schemas\leiauteLMCAutorizacao_v1.00.xsd
2026-09-10 12:03:53 | INFO    | PipelineLogger.write | ARQUIVO...............: bin\Xml\Movimento\NFe\Schemas\leiauteLMCAutorizacaoRetorno_v1.00.xsd
2026-09-10 12:03:53 | INFO    | PipelineLogger.write | ARQUIVO...............: bin\Xml\Movimento\NFe\Schemas\leiauteLMCStatusServico_v1.00.xsd
2026-09-10 12:03:53 | INFO    | PipelineLogger.write | ARQUIVO...............: bin\Xml\Movimento\NFe\Schemas\leiauteNFe_v2.00.xsd
2026-09-10 12:03:53 | INFO    | PipelineLogger.write | ARQUIVO...............: bin\Xml\Movimento\NFe\Schemas\leiauteNFe_v3.10.xsd
2026-09-10 12:03:53 | INFO    | PipelineLogger.write | ARQUIVO...............: bin\Xml\Movimento\NFe\Schemas\leiauteNFe_v4.00.xsd
2026-09-10 12:03:53 | INFO    | PipelineLogger.write | ARQUIVO...............: bin\Xml\Movimento\NFe\Schemas\leiauteNFe_v4.00_Homologacao.xsd
2026-09-10 12:03:53 | INFO    | PipelineLogger.write | ARQUIVO...............: bin\Xml\Movimento\NFe\Schemas\leiauteProtLivroCombustivel_v1.00.xsd
2026-09-10 12:03:53 | INFO    | PipelineLogger.write | ARQUIVO...............: bin\Xml\Movimento\NFe\Schemas\leiauteRemIndus_v1.00.xsd
2026-09-10 12:03:54 | INFO    | PipelineLogger.write | ARQUIVO...............: bin\Xml\Movimento\NFe\Schemas\leiauteSRE_v1.00.xsd
2026-09-10 12:03:54 | INFO    | PipelineLogger.write | ARQUIVO...............: bin\Xml\Movimento\NFe\Schemas\leiauteSuframaInternaliza_v1.00.xsd
2026-09-10 12:03:54 | INFO    | PipelineLogger.write | ARQUIVO...............: bin\Xml\Movimento\NFe\Schemas\leiauteSuframaVistoria_v1.00.xsd
2026-09-10 12:03:54 | INFO    | PipelineLogger.write | ARQUIVO...............: bin\Xml\Movimento\NFe\Schemas\livroCombustivel_v1.00.xsd
2026-09-10 12:03:55 | INFO    | PipelineLogger.write | ARQUIVO...............: bin\Xml\Movimento\NFe\Schemas\lmcComum_v1.00.xsd
2026-09-10 12:03:55 | INFO    | PipelineLogger.write | ARQUIVO...............: bin\Xml\Movimento\NFe\Schemas\nfe_v2.00.xsd
2026-09-10 12:03:55 | INFO    | PipelineLogger.write | ARQUIVO...............: bin\Xml\Movimento\NFe\Schemas\nfe_v3.10.xsd
2026-09-10 12:03:55 | INFO    | PipelineLogger.write | ARQUIVO...............: bin\Xml\Movimento\NFe\Schemas\nfe_v4.00.xsd
2026-09-10 12:03:55 | INFO    | PipelineLogger.write | ARQUIVO...............: bin\Xml\Movimento\NFe\Schemas\procAverbNFe_v1.00.xsd
2026-09-10 12:03:55 | INFO    | PipelineLogger.write | ARQUIVO...............: bin\Xml\Movimento\NFe\Schemas\procCancNFe_v2.00.xsd
2026-09-10 12:03:55 | INFO    | PipelineLogger.write | ARQUIVO...............: bin\Xml\Movimento\NFe\Schemas\procCCeNFe_v1.00.xsd
2026-09-10 12:03:55 | INFO    | PipelineLogger.write | ARQUIVO...............: bin\Xml\Movimento\NFe\Schemas\procComprovanteEntregaNFe_v1.00.xsd
2026-09-10 12:03:55 | INFO    | PipelineLogger.write | ARQUIVO...............: bin\Xml\Movimento\NFe\Schemas\procConfRecebtoNFe_v1.00.xsd
2026-09-10 12:03:55 | INFO    | PipelineLogger.write | ARQUIVO...............: bin\Xml\Movimento\NFe\Schemas\procEPEC_v1.00.xsd
2026-09-10 12:03:55 | INFO    | PipelineLogger.write | ARQUIVO...............: bin\Xml\Movimento\NFe\Schemas\procEventoAtorInteressado_v1.00.xsd
2026-09-10 12:03:55 | INFO    | PipelineLogger.write | ARQUIVO...............: bin\Xml\Movimento\NFe\Schemas\procEventoCancEConf_v1.00.xsd
2026-09-10 12:03:55 | INFO    | PipelineLogger.write | ARQUIVO...............: bin\Xml\Movimento\NFe\Schemas\procEventoCancEntregaNFe_v1.00.xsd
2026-09-10 12:03:56 | INFO    | PipelineLogger.write | ARQUIVO...............: bin\Xml\Movimento\NFe\Schemas\procEventoCancInsucessoNFe_v1.00.xsd
2026-09-10 12:03:56 | INFO    | PipelineLogger.write | ARQUIVO...............: bin\Xml\Movimento\NFe\Schemas\procEventoCancNFe_v1.00.xsd
2026-09-10 12:03:56 | INFO    | PipelineLogger.write | ARQUIVO...............: bin\Xml\Movimento\NFe\Schemas\procEventoCancSubst_v1.00.xsd
2026-09-10 12:03:56 | INFO    | PipelineLogger.write | ARQUIVO...............: bin\Xml\Movimento\NFe\Schemas\procEventoEConf_v1.00.xsd
2026-09-10 12:03:56 | INFO    | PipelineLogger.write | ARQUIVO...............: bin\Xml\Movimento\NFe\Schemas\procEventoEntregaNFe_v1.00.xsd
2026-09-10 12:03:56 | INFO    | PipelineLogger.write | ARQUIVO...............: bin\Xml\Movimento\NFe\Schemas\procEventoInsucessoNFe_v1.00.xsd
2026-09-10 12:03:56 | INFO    | PipelineLogger.write | ARQUIVO...............: bin\Xml\Movimento\NFe\Schemas\procEventoNFe_v1.00.xsd
2026-09-10 12:03:57 | INFO    | PipelineLogger.write | ARQUIVO...............: bin\Xml\Movimento\NFe\Schemas\procEventoNFe_v99.99.xsd
2026-09-10 12:03:57 | INFO    | PipelineLogger.write | ARQUIVO...............: bin\Xml\Movimento\NFe\Schemas\procInutNFe_v2.00.xsd
2026-09-10 12:03:57 | INFO    | PipelineLogger.write | ARQUIVO...............: bin\Xml\Movimento\NFe\Schemas\procInutNFe_v3.10.xsd
2026-09-10 12:03:57 | INFO    | PipelineLogger.write | ARQUIVO...............: bin\Xml\Movimento\NFe\Schemas\procInutNFe_v4.00.xsd
2026-09-10 12:03:57 | INFO    | PipelineLogger.write | ARQUIVO...............: bin\Xml\Movimento\NFe\Schemas\procNFe_v2.00.xsd
2026-09-10 12:03:57 | INFO    | PipelineLogger.write | ARQUIVO...............: bin\Xml\Movimento\NFe\Schemas\procNFe_v3.10.xsd
2026-09-10 12:03:57 | INFO    | PipelineLogger.write | ARQUIVO...............: bin\Xml\Movimento\NFe\Schemas\procNFe_v4.00.xsd
2026-09-10 12:03:58 | INFO    | PipelineLogger.write | ARQUIVO...............: bin\Xml\Movimento\NFe\Schemas\procRemIndus_v1.00.xsd
2026-09-10 12:03:58 | INFO    | PipelineLogger.write | ARQUIVO...............: bin\Xml\Movimento\NFe\Schemas\prod_leiauteNFe_v4.00.xsd
2026-09-10 12:03:58 | INFO    | PipelineLogger.write | ARQUIVO...............: bin\Xml\Movimento\NFe\Schemas\resEvento_v1.00.xsd
2026-09-10 12:03:58 | INFO    | PipelineLogger.write | ARQUIVO...............: bin\Xml\Movimento\NFe\Schemas\resEvento_v1.01.xsd
2026-09-10 12:03:58 | INFO    | PipelineLogger.write | ARQUIVO...............: bin\Xml\Movimento\NFe\Schemas\resNFe_v1.00.xsd
2026-09-10 12:03:58 | INFO    | PipelineLogger.write | ARQUIVO...............: bin\Xml\Movimento\NFe\Schemas\resNFe_v1.01.xsd
2026-09-10 12:03:58 | INFO    | PipelineLogger.write | ARQUIVO...............: bin\Xml\Movimento\NFe\Schemas\retAtuCadEmiDFe_v1.01.xsd
2026-09-10 12:03:58 | INFO    | PipelineLogger.write | ARQUIVO...............: bin\Xml\Movimento\NFe\Schemas\retCancNFe_v2.00.xsd
2026-09-10 12:03:59 | INFO    | PipelineLogger.write | ARQUIVO...............: bin\Xml\Movimento\NFe\Schemas\retComprovanteEntregaNFe_v1.00.xsd
2026-09-10 12:04:00 | INFO    | PipelineLogger.write | ARQUIVO...............: bin\Xml\Movimento\NFe\Schemas\retConsCad_v2.00.xsd
2026-09-10 12:04:00 | INFO    | PipelineLogger.write | ARQUIVO...............: bin\Xml\Movimento\NFe\Schemas\retConsDPEC_v1.01.xsd
2026-09-10 12:04:00 | INFO    | PipelineLogger.write | ARQUIVO...............: bin\Xml\Movimento\NFe\Schemas\retConsGTIN_v1.00.xsd
2026-09-10 12:04:00 | INFO    | PipelineLogger.write | ARQUIVO...............: bin\Xml\Movimento\NFe\Schemas\retconsNFeDest_v1.01.xsd
2026-09-10 12:04:00 | INFO    | PipelineLogger.write | ARQUIVO...............: bin\Xml\Movimento\NFe\Schemas\retConsReciNFe_v2.00.xsd
2026-09-10 12:04:00 | INFO    | PipelineLogger.write | ARQUIVO...............: bin\Xml\Movimento\NFe\Schemas\retConsReciNFe_v3.10.xsd
2026-09-10 12:04:00 | INFO    | PipelineLogger.write | ARQUIVO...............: bin\Xml\Movimento\NFe\Schemas\retConsReciNFe_v4.00.xsd
2026-09-10 12:04:00 | INFO    | PipelineLogger.write | ARQUIVO...............: bin\Xml\Movimento\NFe\Schemas\retConsSitNFe_v2.01.xsd
2026-09-10 12:04:00 | INFO    | PipelineLogger.write | ARQUIVO...............: bin\Xml\Movimento\NFe\Schemas\retConsSitNFe_v3.10.xsd
2026-09-10 12:04:01 | INFO    | PipelineLogger.write | ARQUIVO...............: bin\Xml\Movimento\NFe\Schemas\retConsSitNFe_v4.00.xsd
2026-09-10 12:04:01 | INFO    | PipelineLogger.write | ARQUIVO...............: bin\Xml\Movimento\NFe\Schemas\retConsStatServ_v2.00.xsd
2026-09-10 12:04:01 | INFO    | PipelineLogger.write | ARQUIVO...............: bin\Xml\Movimento\NFe\Schemas\retConsStatServ_v3.10.xsd
2026-09-10 12:04:01 | INFO    | PipelineLogger.write | ARQUIVO...............: bin\Xml\Movimento\NFe\Schemas\retConsStatServ_v4.00.xsd
2026-09-10 12:04:01 | INFO    | PipelineLogger.write | ARQUIVO...............: bin\Xml\Movimento\NFe\Schemas\retDistDFeInt_v1.00.xsd
2026-09-10 12:04:01 | INFO    | PipelineLogger.write | ARQUIVO...............: bin\Xml\Movimento\NFe\Schemas\retDistDFeInt_v1.01.xsd
2026-09-10 12:04:01 | INFO    | PipelineLogger.write | ARQUIVO...............: bin\Xml\Movimento\NFe\Schemas\retDownloadNFe_v1.00.xsd
2026-09-10 12:04:01 | INFO    | PipelineLogger.write | ARQUIVO...............: bin\Xml\Movimento\NFe\Schemas\retDPEC_v1.01.xsd
2026-09-10 12:04:01 | INFO    | PipelineLogger.write | ARQUIVO...............: bin\Xml\Movimento\NFe\Schemas\retEnvAverb_v1.00.xsd
2026-09-10 12:04:02 | INFO    | PipelineLogger.write | ARQUIVO...............: bin\Xml\Movimento\NFe\Schemas\retEnvCancelPProrrogNFe_v1.0.xsd
2026-09-10 12:04:02 | INFO    | PipelineLogger.write | ARQUIVO...............: bin\Xml\Movimento\NFe\Schemas\retEnvCCe_v1.00.xsd
2026-09-10 12:04:02 | INFO    | PipelineLogger.write | ARQUIVO...............: bin\Xml\Movimento\NFe\Schemas\retEnvConfRecebto_v1.00.xsd
2026-09-10 12:04:02 | INFO    | PipelineLogger.write | ARQUIVO...............: bin\Xml\Movimento\NFe\Schemas\retEnvEPEC_v1.00.xsd
2026-09-10 12:04:02 | INFO    | PipelineLogger.write | ARQUIVO...............: bin\Xml\Movimento\NFe\Schemas\retEnvEvento_v1.00.xsd
2026-09-10 12:04:02 | INFO    | PipelineLogger.write | ARQUIVO...............: bin\Xml\Movimento\NFe\Schemas\retEnvEventoAtorInteressado_v1.00.xsd
2026-09-10 12:04:02 | INFO    | PipelineLogger.write | ARQUIVO...............: bin\Xml\Movimento\NFe\Schemas\retEnvEventoCancNFe_v1.00.xsd
2026-09-10 12:04:02 | INFO    | PipelineLogger.write | ARQUIVO...............: bin\Xml\Movimento\NFe\Schemas\retEnvEventoCancSubst_v1.00.xsd
2026-09-10 12:04:02 | INFO    | PipelineLogger.write | ARQUIVO...............: bin\Xml\Movimento\NFe\Schemas\retEnvFiscoNFe_v1.0.xsd
2026-09-10 12:04:02 | INFO    | PipelineLogger.write | ARQUIVO...............: bin\Xml\Movimento\NFe\Schemas\retEnviNFe_v2.00.xsd
2026-09-10 12:04:02 | INFO    | PipelineLogger.write | ARQUIVO...............: bin\Xml\Movimento\NFe\Schemas\retEnviNFe_v3.10.xsd
2026-09-10 12:04:02 | INFO    | PipelineLogger.write | ARQUIVO...............: bin\Xml\Movimento\NFe\Schemas\retEnviNFe_v4.00.xsd
2026-09-10 12:04:02 | INFO    | PipelineLogger.write | ARQUIVO...............: bin\Xml\Movimento\NFe\Schemas\retEnvRemIndus_v1.00.xsd
2026-09-10 12:04:03 | INFO    | PipelineLogger.write | ARQUIVO...............: bin\Xml\Movimento\NFe\Schemas\retEnvSuframaInternaliza_v1.00.xsd
2026-09-10 12:04:03 | INFO    | PipelineLogger.write | ARQUIVO...............: bin\Xml\Movimento\NFe\Schemas\retEnvSuframaVistoria_v1.00.xsd
2026-09-10 12:04:03 | INFO    | PipelineLogger.write | ARQUIVO...............: bin\Xml\Movimento\NFe\Schemas\retEventoCancEConf_v1.00.xsd
2026-09-10 12:04:03 | INFO    | PipelineLogger.write | ARQUIVO...............: bin\Xml\Movimento\NFe\Schemas\retEventoCancEntregaNFe_v1.00.xsd
2026-09-10 12:04:03 | INFO    | PipelineLogger.write | ARQUIVO...............: bin\Xml\Movimento\NFe\Schemas\retEventoCancInsucessoNFe_v1.00.xsd
2026-09-10 12:04:03 | INFO    | PipelineLogger.write | ARQUIVO...............: bin\Xml\Movimento\NFe\Schemas\retEventoEConf_v1.00.xsd
2026-09-10 12:04:03 | INFO    | PipelineLogger.write | ARQUIVO...............: bin\Xml\Movimento\NFe\Schemas\retEventoEntregaNFe_v1.00.xsd
2026-09-10 12:04:03 | INFO    | PipelineLogger.write | ARQUIVO...............: bin\Xml\Movimento\NFe\Schemas\retEventoEPEC_v0.01.xsd
2026-09-10 12:04:03 | INFO    | PipelineLogger.write | ARQUIVO...............: bin\Xml\Movimento\NFe\Schemas\retEventoInsucessoNFe_v1.00.xsd
2026-09-10 12:04:03 | INFO    | PipelineLogger.write | ARQUIVO...............: bin\Xml\Movimento\NFe\Schemas\retInutNFe_v2.00.xsd
2026-09-10 12:04:04 | INFO    | PipelineLogger.write | ARQUIVO...............: bin\Xml\Movimento\NFe\Schemas\retInutNFe_v3.10.xsd
2026-09-10 12:04:05 | INFO    | PipelineLogger.write | ARQUIVO...............: bin\Xml\Movimento\NFe\Schemas\retInutNFe_v4.00.xsd
2026-09-10 12:04:05 | INFO    | PipelineLogger.write | ARQUIVO...............: bin\Xml\Movimento\NFe\Schemas\retPProrrogNFe_v1.0.xsd
2026-09-10 12:04:05 | INFO    | PipelineLogger.write | ARQUIVO...............: bin\Xml\Movimento\NFe\Schemas\statusServico_v1.00.xsd
2026-09-10 12:04:05 | INFO    | PipelineLogger.write | ARQUIVO...............: bin\Xml\Movimento\NFe\Schemas\SuframaInternaliza_v1.00.xsd
2026-09-10 12:04:05 | INFO    | PipelineLogger.write | ARQUIVO...............: bin\Xml\Movimento\NFe\Schemas\SuframaVistoria_v1.00.xsd
2026-09-10 12:04:05 | INFO    | PipelineLogger.write | ARQUIVO...............: bin\Xml\Movimento\NFe\Schemas\tiposBasico_v1.00.xsd
2026-09-10 12:04:05 | INFO    | PipelineLogger.write | ARQUIVO...............: bin\Xml\Movimento\NFe\Schemas\tiposBasico_v1.03.xsd
2026-09-10 12:04:05 | INFO    | PipelineLogger.write | ARQUIVO...............: bin\Xml\Movimento\NFe\Schemas\tiposBasico_v1.03_OPENSSL.xsd
2026-09-10 12:04:05 | INFO    | PipelineLogger.write | ARQUIVO...............: bin\Xml\Movimento\NFe\Schemas\tiposBasico_v3.10.xsd
2026-09-10 12:04:05 | INFO    | PipelineLogger.write | ARQUIVO...............: bin\Xml\Movimento\NFe\Schemas\tiposBasico_v3.10_OPENSSL.xsd
2026-09-10 12:04:05 | INFO    | PipelineLogger.write | ARQUIVO...............: bin\Xml\Movimento\NFe\Schemas\tiposBasico_v4.00.xsd
2026-09-10 12:04:06 | INFO    | PipelineLogger.write | ARQUIVO...............: bin\Xml\Movimento\NFe\Schemas\tiposBasicosCcgConsGTIN_v1.00.xsd
2026-09-10 12:04:06 | INFO    | PipelineLogger.write | ARQUIVO...............: bin\Xml\Movimento\NFe\Schemas\tiposDistDFe_v1.00.xsd
2026-09-10 12:04:06 | INFO    | PipelineLogger.write | ARQUIVO...............: bin\Xml\Movimento\NFe\Schemas\tiposDistDFe_v1.01.xsd
2026-09-10 12:04:06 | INFO    | PipelineLogger.write | ARQUIVO...............: bin\Xml\Movimento\NFe\Schemas\xmldsig-core-schema_v1.01.xsd
2026-09-10 12:04:06 | INFO    | PipelineLogger.write | ARQUIVO...............: bin\Xml\Movimento\NFSe\Abaco\1.00\nfse_v2010.xsd
2026-09-10 12:04:07 | INFO    | PipelineLogger.write | ARQUIVO...............: bin\Xml\Movimento\NFSe\Abaco\1.00\xmldsig-core-schema20020212.xsd
2026-09-10 12:04:07 | INFO    | PipelineLogger.write | ARQUIVO...............: bin\Xml\Movimento\NFSe\Abaco\1.01\nfse_v2010.xsd
2026-09-10 12:04:07 | INFO    | PipelineLogger.write | ARQUIVO...............: bin\Xml\Movimento\NFSe\Abaco\1.01\xmldsig-core-schema20020212.xsd
2026-09-10 12:04:07 | INFO    | PipelineLogger.write | ARQUIVO...............: bin\Xml\Movimento\NFSe\Abaco\2.04\nfse.xsd
2026-09-10 12:04:07 | INFO    | PipelineLogger.write | ARQUIVO...............: bin\Xml\Movimento\NFSe\Abaco\2.04\xmldsig-core-schema20020212.xsd
2026-09-10 12:04:07 | INFO    | PipelineLogger.write | ARQUIVO...............: bin\Xml\Movimento\NFSe\Abaco\xmldsig-core-schema20020212.xsd
2026-09-10 12:04:07 | INFO    | PipelineLogger.write | ARQUIVO...............: bin\Xml\Movimento\NFSe\ABase\2.01\nfse.xsd
2026-09-10 12:04:07 | INFO    | PipelineLogger.write | ARQUIVO...............: bin\Xml\Movimento\NFSe\ABase\2.01\xmldsig-core-schema20020212.xsd
2026-09-10 12:04:07 | INFO    | PipelineLogger.write | ARQUIVO...............: bin\Xml\Movimento\NFSe\ABase\xmldsig-core-schema20020212.xsd
2026-09-10 12:04:07 | INFO    | PipelineLogger.write | ARQUIVO...............: bin\Xml\Movimento\NFSe\ABRASF\1.00\nfse.xsd
2026-09-10 12:04:08 | INFO    | PipelineLogger.write | ARQUIVO...............: bin\Xml\Movimento\NFSe\ABRASF\1.00\xmldsig-core-schema20020212.xsd
2026-09-10 12:04:08 | INFO    | PipelineLogger.write | ARQUIVO...............: bin\Xml\Movimento\NFSe\ABRASF\2.00\nfse v200.xsd
2026-09-10 12:04:08 | INFO    | PipelineLogger.write | ARQUIVO...............: bin\Xml\Movimento\NFSe\ABRASF\2.00\xmldsig-core-schema20020212.xsd
2026-09-10 12:04:08 | INFO    | PipelineLogger.write | ARQUIVO...............: bin\Xml\Movimento\NFSe\ABRASF\2.01\nfse v201.xsd
2026-09-10 12:04:08 | INFO    | PipelineLogger.write | ARQUIVO...............: bin\Xml\Movimento\NFSe\ABRASF\2.01\xmldsig-core-schema20020212.xsd
2026-09-10 12:04:08 | INFO    | PipelineLogger.write | ARQUIVO...............: bin\Xml\Movimento\NFSe\ABRASF\2.02\nfse v202.xsd
2026-09-10 12:04:08 | INFO    | PipelineLogger.write | ARQUIVO...............: bin\Xml\Movimento\NFSe\ABRASF\2.02\xmldsig-core-schema20020212.xsd
2026-09-10 12:04:08 | INFO    | PipelineLogger.write | ARQUIVO...............: bin\Xml\Movimento\NFSe\ABRASF\2.03\nfse_v203.xsd
2026-09-10 12:04:08 | INFO    | PipelineLogger.write | ARQUIVO...............: bin\Xml\Movimento\NFSe\ABRASF\2.03\xmldsig-core-schema20020212.xsd
2026-09-10 12:04:08 | INFO    | PipelineLogger.write | ARQUIVO...............: bin\Xml\Movimento\NFSe\ABRASF\2.04\nfse_v204.xsd
2026-09-10 12:04:08 | INFO    | PipelineLogger.write | ARQUIVO...............: bin\Xml\Movimento\NFSe\ABRASF\2.04\xmldsig-core-schema20020212.xsd
2026-09-10 12:04:08 | INFO    | PipelineLogger.write | ARQUIVO...............: bin\Xml\Movimento\NFSe\Betha\1.00\servico_cancelar_nfse_envio_v01.xsd
2026-09-10 12:04:09 | INFO    | PipelineLogger.write | ARQUIVO...............: bin\Xml\Movimento\NFSe\Betha\1.00\servico_cancelar_nfse_resposta_v01.xsd
2026-09-10 12:04:10 | INFO    | PipelineLogger.write | ARQUIVO...............: bin\Xml\Movimento\NFSe\Betha\1.00\servico_consultar_lote_rps_envio_v01.xsd
2026-09-10 12:04:10 | INFO    | PipelineLogger.write | ARQUIVO...............: bin\Xml\Movimento\NFSe\Betha\1.00\servico_consultar_lote_rps_resposta_v01.xsd
2026-09-10 12:04:10 | INFO    | PipelineLogger.write | ARQUIVO...............: bin\Xml\Movimento\NFSe\Betha\1.00\servico_consultar_nfse_envio_v01.xsd
2026-09-10 12:04:10 | INFO    | PipelineLogger.write | ARQUIVO...............: bin\Xml\Movimento\NFSe\Betha\1.00\servico_consultar_nfse_resposta_v01.xsd
2026-09-10 12:04:10 | INFO    | PipelineLogger.write | ARQUIVO...............: bin\Xml\Movimento\NFSe\Betha\1.00\servico_consultar_nfse_rps_envio_v01.xsd
2026-09-10 12:04:10 | INFO    | PipelineLogger.write | ARQUIVO...............: bin\Xml\Movimento\NFSe\Betha\1.00\servico_consultar_nfse_rps_resposta_v01.xsd
2026-09-10 12:04:10 | INFO    | PipelineLogger.write | ARQUIVO...............: bin\Xml\Movimento\NFSe\Betha\1.00\servico_consultar_situacao_lote_rps_envio_v01.xsd
2026-09-10 12:04:10 | INFO    | PipelineLogger.write | ARQUIVO...............: bin\Xml\Movimento\NFSe\Betha\1.00\servico_consultar_situacao_lote_rps_resposta_v01.xsd
2026-09-10 12:04:11 | INFO    | PipelineLogger.write | ARQUIVO...............: bin\Xml\Movimento\NFSe\Betha\1.00\servico_enviar_lote_rps_envio_v01.xsd
2026-09-10 12:04:11 | INFO    | PipelineLogger.write | ARQUIVO...............: bin\Xml\Movimento\NFSe\Betha\1.00\servico_enviar_lote_rps_resposta_v01.xsd
2026-09-10 12:04:11 | INFO    | PipelineLogger.write | ARQUIVO...............: bin\Xml\Movimento\NFSe\Betha\1.00\TiposNFe_v01.xsd
2026-09-10 12:04:11 | INFO    | PipelineLogger.write | ARQUIVO...............: bin\Xml\Movimento\NFSe\Betha\1.00\xmldsig-core-schema_v01.xsd
2026-09-10 12:04:11 | INFO    | PipelineLogger.write | ARQUIVO...............: bin\Xml\Movimento\NFSe\Betha\2.02\nfse_v202.xsd
2026-09-10 12:04:11 | INFO    | PipelineLogger.write | ARQUIVO...............: bin\Xml\Movimento\NFSe\Betha\2.02\xmldsig-core-schema20020212.xsd
2026-09-10 12:04:11 | INFO    | PipelineLogger.write | ARQUIVO...............: bin\Xml\Movimento\NFSe\BHISS\xmldsig-core-schema20020212.xsd
2026-09-10 12:04:11 | INFO    | PipelineLogger.write | ARQUIVO...............: bin\Xml\Movimento\NFSe\Citta\2.03\nfse.xsd
2026-09-10 12:04:11 | INFO    | PipelineLogger.write | ARQUIVO...............: bin\Xml\Movimento\NFSe\Citta\2.03\xmldsig-core-schema20020212.xsd
2026-09-10 12:04:11 | INFO    | PipelineLogger.write | ARQUIVO...............: bin\Xml\Movimento\NFSe\Conam\1.00\Informacao.txt
2026-09-10 12:04:12 | INFO    | PipelineLogger.write | ARQUIVO...............: bin\Xml\Movimento\NFSe\Coplan\2.01\nfse.xsd
2026-09-10 12:04:12 | INFO    | PipelineLogger.write | ARQUIVO...............: bin\Xml\Movimento\NFSe\Coplan\2.01\xmldsig-core-schema20020212.xsd
2026-09-10 12:04:12 | INFO    | PipelineLogger.write | ARQUIVO...............: bin\Xml\Movimento\NFSe\DBSeller\1.00\nfse.xsd
2026-09-10 12:04:12 | INFO    | PipelineLogger.write | ARQUIVO...............: bin\Xml\Movimento\NFSe\DBSeller\1.00\xmldsig-core-schema_v01.xsd
2026-09-10 12:04:12 | INFO    | PipelineLogger.write | ARQUIVO...............: bin\Xml\Movimento\NFSe\DBSeller\2.04\nfse.xsd
2026-09-10 12:04:12 | INFO    | PipelineLogger.write | ARQUIVO...............: bin\Xml\Movimento\NFSe\DBSeller\2.04\xmldsig-core-schema20020212.xsd
2026-09-10 12:04:12 | INFO    | PipelineLogger.write | ARQUIVO...............: bin\Xml\Movimento\NFSe\DSF\1.00\nfse.xsd
2026-09-10 12:04:12 | INFO    | PipelineLogger.write | ARQUIVO...............: bin\Xml\Movimento\NFSe\DSF\1.00\xmldsig-core-schema20020212.xsd
2026-09-10 12:04:12 | INFO    | PipelineLogger.write | ARQUIVO...............: bin\Xml\Movimento\NFSe\DSF\2.00\nfse.xsd
2026-09-10 12:04:12 | INFO    | PipelineLogger.write | ARQUIVO...............: bin\Xml\Movimento\NFSe\DSF\2.00\xmldsig-core-schema20020212.xsd
2026-09-10 12:04:12 | INFO    | PipelineLogger.write | ARQUIVO...............: bin\Xml\Movimento\NFSe\DSF\2.03\nfse.xsd
2026-09-10 12:04:12 | INFO    | PipelineLogger.write | ARQUIVO...............: bin\Xml\Movimento\NFSe\DSF\2.03\xmldsig-core-schema20020212.xsd
2026-09-10 12:04:13 | INFO    | PipelineLogger.write | ARQUIVO...............: bin\Xml\Movimento\NFSe\Equiplano\1.00\esCancelarNfseEnvio_v01.xsd
2026-09-10 12:04:13 | INFO    | PipelineLogger.write | ARQUIVO...............: bin\Xml\Movimento\NFSe\Equiplano\1.00\esCancelarNfseResposta_v01.xsd
2026-09-10 12:04:13 | INFO    | PipelineLogger.write | ARQUIVO...............: bin\Xml\Movimento\NFSe\Equiplano\1.00\esConsultarLoteRpsEnvio_v01.xsd
2026-09-10 12:04:14 | INFO    | PipelineLogger.write | ARQUIVO...............: bin\Xml\Movimento\NFSe\Equiplano\1.00\esConsultarLoteRpsResposta_v01.xsd
2026-09-10 12:04:14 | INFO    | PipelineLogger.write | ARQUIVO...............: bin\Xml\Movimento\NFSe\Equiplano\1.00\esConsultarNfseEnvio_v01.xsd
2026-09-10 12:04:14 | INFO    | PipelineLogger.write | ARQUIVO...............: bin\Xml\Movimento\NFSe\Equiplano\1.00\esConsultarNfsePorRpsEnvio_v01.xsd
2026-09-10 12:04:15 | INFO    | PipelineLogger.write | ARQUIVO...............: bin\Xml\Movimento\NFSe\Equiplano\1.00\esConsultarNfsePorRpsResposta_v01.xsd
2026-09-10 12:04:15 | INFO    | PipelineLogger.write | ARQUIVO...............: bin\Xml\Movimento\NFSe\Equiplano\1.00\esConsultarNfseResposta_v01.xsd
2026-09-10 12:04:15 | INFO    | PipelineLogger.write | ARQUIVO...............: bin\Xml\Movimento\NFSe\Equiplano\1.00\esConsultarSituacaoLoteRpsEnvio_v01.xsd
2026-09-10 12:04:15 | INFO    | PipelineLogger.write | ARQUIVO...............: bin\Xml\Movimento\NFSe\Equiplano\1.00\esConsultarSituacaoLoteRpsResposta_v01.xsd
2026-09-10 12:04:15 | INFO    | PipelineLogger.write | ARQUIVO...............: bin\Xml\Movimento\NFSe\Equiplano\1.00\esRecepcionarLoteRpsEnvio_v01.xsd
2026-09-10 12:04:16 | INFO    | PipelineLogger.write | ARQUIVO...............: bin\Xml\Movimento\NFSe\Equiplano\1.00\esRecepcionarLoteRpsResposta_v01.xsd
2026-09-10 12:04:16 | INFO    | PipelineLogger.write | ARQUIVO...............: bin\Xml\Movimento\NFSe\Equiplano\1.00\TiposEsnfs_v01.xsd
2026-09-10 12:04:16 | INFO    | PipelineLogger.write | ARQUIVO...............: bin\Xml\Movimento\NFSe\Equiplano\1.00\xmldsig-core-schema_v01.xsd
2026-09-10 12:04:16 | INFO    | PipelineLogger.write | ARQUIVO...............: bin\Xml\Movimento\NFSe\Fiorilli\2.00\nfse.xsd
2026-09-10 12:04:16 | INFO    | PipelineLogger.write | ARQUIVO...............: bin\Xml\Movimento\NFSe\Fiorilli\2.00\xmldsig-core-schema20020212.xsd
2026-09-10 12:04:16 | INFO    | PipelineLogger.write | ARQUIVO...............: bin\Xml\Movimento\NFSe\Fiorilli\2.01\nfse.xsd
2026-09-10 12:04:16 | INFO    | PipelineLogger.write | ARQUIVO...............: bin\Xml\Movimento\NFSe\Fiorilli\2.01\xmldsig-core-schema20020212.xsd
2026-09-10 12:04:16 | INFO    | PipelineLogger.write | ARQUIVO...............: bin\Xml\Movimento\NFSe\Fisco\2.03\nfse.xsd
2026-09-10 12:04:17 | INFO    | PipelineLogger.write | ARQUIVO...............: bin\Xml\Movimento\NFSe\Fisco\2.03\xmldsig-core-schema20020212.xsd
2026-09-10 12:04:17 | INFO    | PipelineLogger.write | ARQUIVO...............: bin\Xml\Movimento\NFSe\FissLex\1.00\nfse.xsd
2026-09-10 12:04:17 | INFO    | PipelineLogger.write | ARQUIVO...............: bin\Xml\Movimento\NFSe\FissLex\1.00\xmldsig-core-schema20020212.xsd
2026-09-10 12:04:17 | INFO    | PipelineLogger.write | ARQUIVO...............: bin\Xml\Movimento\NFSe\Ginfes\1.00\cabecalho_v03.xsd
2026-09-10 12:04:17 | INFO    | PipelineLogger.write | ARQUIVO...............: bin\Xml\Movimento\NFSe\Ginfes\1.00\servico_cancelar_nfse_envio_v02.xsd
2026-09-10 12:04:17 | INFO    | PipelineLogger.write | ARQUIVO...............: bin\Xml\Movimento\NFSe\Ginfes\1.00\servico_cancelar_nfse_envio_v03.xsd
2026-09-10 12:04:17 | INFO    | PipelineLogger.write | ARQUIVO...............: bin\Xml\Movimento\NFSe\Ginfes\1.00\servico_cancelar_nfse_resposta_v03.xsd
2026-09-10 12:04:17 | INFO    | PipelineLogger.write | ARQUIVO...............: bin\Xml\Movimento\NFSe\Ginfes\1.00\servico_consultar_lote_rps_envio_v02.xsd
2026-09-10 12:04:17 | INFO    | PipelineLogger.write | ARQUIVO...............: bin\Xml\Movimento\NFSe\Ginfes\1.00\servico_consultar_lote_rps_envio_v03.xsd
2026-09-10 12:04:17 | INFO    | PipelineLogger.write | ARQUIVO...............: bin\Xml\Movimento\NFSe\Ginfes\1.00\servico_consultar_lote_rps_resposta_v03.xsd
2026-09-10 12:04:17 | INFO    | PipelineLogger.write | ARQUIVO...............: bin\Xml\Movimento\NFSe\Ginfes\1.00\servico_consultar_nfse_envio_v02.xsd
2026-09-10 12:04:17 | INFO    | PipelineLogger.write | ARQUIVO...............: bin\Xml\Movimento\NFSe\Ginfes\1.00\servico_consultar_nfse_envio_v03.xsd
2026-09-10 12:04:17 | INFO    | PipelineLogger.write | ARQUIVO...............: bin\Xml\Movimento\NFSe\Ginfes\1.00\servico_consultar_nfse_resposta_v03.xsd
2026-09-10 12:04:18 | INFO    | PipelineLogger.write | ARQUIVO...............: bin\Xml\Movimento\NFSe\Ginfes\1.00\servico_consultar_nfse_rps_envio_v02.xsd
2026-09-10 12:04:18 | INFO    | PipelineLogger.write | ARQUIVO...............: bin\Xml\Movimento\NFSe\Ginfes\1.00\servico_consultar_nfse_rps_envio_v03.xsd
2026-09-10 12:04:18 | INFO    | PipelineLogger.write | ARQUIVO...............: bin\Xml\Movimento\NFSe\Ginfes\1.00\servico_consultar_nfse_rps_resposta_v03.xsd
2026-09-10 12:04:18 | INFO    | PipelineLogger.write | ARQUIVO...............: bin\Xml\Movimento\NFSe\Ginfes\1.00\servico_consultar_situacao_lote_rps_envio_v02.xsd
2026-09-10 12:04:18 | INFO    | PipelineLogger.write | ARQUIVO...............: bin\Xml\Movimento\NFSe\Ginfes\1.00\servico_consultar_situacao_lote_rps_envio_v03.xsd
2026-09-10 12:04:18 | INFO    | PipelineLogger.write | ARQUIVO...............: bin\Xml\Movimento\NFSe\Ginfes\1.00\servico_consultar_situacao_lote_rps_resposta_v03.xsd
2026-09-10 12:04:18 | INFO    | PipelineLogger.write | ARQUIVO...............: bin\Xml\Movimento\NFSe\Ginfes\1.00\servico_enviar_lote_rps_envio_v02.xsd
2026-09-10 12:04:18 | INFO    | PipelineLogger.write | ARQUIVO...............: bin\Xml\Movimento\NFSe\Ginfes\1.00\servico_enviar_lote_rps_envio_v03.xsd
2026-09-10 12:04:18 | INFO    | PipelineLogger.write | ARQUIVO...............: bin\Xml\Movimento\NFSe\Ginfes\1.00\servico_enviar_lote_rps_resposta_v03.xsd
2026-09-10 12:04:18 | INFO    | PipelineLogger.write | ARQUIVO...............: bin\Xml\Movimento\NFSe\Ginfes\1.00\tipos_v02.xsd
2026-09-10 12:04:18 | INFO    | PipelineLogger.write | ARQUIVO...............: bin\Xml\Movimento\NFSe\Ginfes\1.00\tipos_v03.xsd
2026-09-10 12:04:18 | INFO    | PipelineLogger.write | ARQUIVO...............: bin\Xml\Movimento\NFSe\Ginfes\1.00\xmldsig-core-schema20020212_v03.xsd
2026-09-10 12:04:18 | INFO    | PipelineLogger.write | ARQUIVO...............: bin\Xml\Movimento\NFSe\Ginfes\1.00\xmldsig-core-schema_v02.xsd
2026-09-10 12:04:19 | INFO    | PipelineLogger.write | ARQUIVO...............: bin\Xml\Movimento\NFSe\IPM\2.04\nfse.xsd
2026-09-10 12:04:19 | INFO    | PipelineLogger.write | ARQUIVO...............: bin\Xml\Movimento\NFSe\IPM\2.04\xmldsig-core-schema20020212.xsd
2026-09-10 12:04:19 | INFO    | PipelineLogger.write | ARQUIVO...............: bin\Xml\Movimento\NFSe\ISSCuritiba\1.00\nfse.xsd
2026-09-10 12:04:19 | INFO    | PipelineLogger.write | ARQUIVO...............: bin\Xml\Movimento\NFSe\ISSCuritiba\1.00\xmldsig-core-schema20020212.xsd
2026-09-10 12:04:19 | INFO    | PipelineLogger.write | ARQUIVO...............: bin\Xml\Movimento\NFSe\ISSDSF\1.00\ConsultaSeqRps.xsd
2026-09-10 12:04:19 | INFO    | PipelineLogger.write | ARQUIVO...............: bin\Xml\Movimento\NFSe\ISSDSF\1.00\ReqCancelamentoNFSe.xsd
2026-09-10 12:04:19 | INFO    | PipelineLogger.write | ARQUIVO...............: bin\Xml\Movimento\NFSe\ISSDSF\1.00\ReqConsultaLote.xsd
2026-09-10 12:04:19 | INFO    | PipelineLogger.write | ARQUIVO...............: bin\Xml\Movimento\NFSe\ISSDSF\1.00\ReqConsultaNFSeRPS.xsd
2026-09-10 12:04:19 | INFO    | PipelineLogger.write | ARQUIVO...............: bin\Xml\Movimento\NFSe\ISSDSF\1.00\ReqConsultaNotas.xsd
2026-09-10 12:04:19 | INFO    | PipelineLogger.write | ARQUIVO...............: bin\Xml\Movimento\NFSe\ISSDSF\1.00\ReqEnvioLoteRPS.xsd
2026-09-10 12:04:19 | INFO    | PipelineLogger.write | ARQUIVO...............: bin\Xml\Movimento\NFSe\ISSDSF\1.00\RetornoCancelamentoNFSe.xsd
2026-09-10 12:04:19 | INFO    | PipelineLogger.write | ARQUIVO...............: bin\Xml\Movimento\NFSe\ISSDSF\1.00\RetornoConsultaLote.xsd
2026-09-10 12:04:19 | INFO    | PipelineLogger.write | ARQUIVO...............: bin\Xml\Movimento\NFSe\ISSDSF\1.00\RetornoConsultaNFSeRPS.xsd
2026-09-10 12:04:20 | INFO    | PipelineLogger.write | ARQUIVO...............: bin\Xml\Movimento\NFSe\ISSDSF\1.00\RetornoConsultaNotas.xsd
2026-09-10 12:04:20 | INFO    | PipelineLogger.write | ARQUIVO...............: bin\Xml\Movimento\NFSe\ISSDSF\1.00\RetornoConsultaSeqRps.xsd
2026-09-10 12:04:20 | INFO    | PipelineLogger.write | ARQUIVO...............: bin\Xml\Movimento\NFSe\ISSDSF\1.00\RetornoEnvioLoteRPS.xsd
2026-09-10 12:04:20 | INFO    | PipelineLogger.write | ARQUIVO...............: bin\Xml\Movimento\NFSe\ISSDSF\1.00\Tipos.xsd
2026-09-10 12:04:20 | INFO    | PipelineLogger.write | ARQUIVO...............: bin\Xml\Movimento\NFSe\ISSDSF\1.00\xmldsig-core-schema_v1.01.xsd
2026-09-10 12:04:20 | INFO    | PipelineLogger.write | ARQUIVO...............: bin\Xml\Movimento\NFSe\ISSDSF\1.01\ConsultaSeqRps.xsd
2026-09-10 12:04:20 | INFO    | PipelineLogger.write | ARQUIVO...............: bin\Xml\Movimento\NFSe\ISSDSF\1.01\ReqCancelamentoNFSe.xsd
2026-09-10 12:04:20 | INFO    | PipelineLogger.write | ARQUIVO...............: bin\Xml\Movimento\NFSe\ISSDSF\1.01\ReqConsultaLote.xsd
2026-09-10 12:04:20 | INFO    | PipelineLogger.write | ARQUIVO...............: bin\Xml\Movimento\NFSe\ISSDSF\1.01\ReqConsultaNFSeRPS.xsd
2026-09-10 12:04:20 | INFO    | PipelineLogger.write | ARQUIVO...............: bin\Xml\Movimento\NFSe\ISSDSF\1.01\ReqConsultaNotas.xsd
2026-09-10 12:04:20 | INFO    | PipelineLogger.write | ARQUIVO...............: bin\Xml\Movimento\NFSe\ISSDSF\1.01\ReqEnvioLoteRPS.xsd
2026-09-10 12:04:20 | INFO    | PipelineLogger.write | ARQUIVO...............: bin\Xml\Movimento\NFSe\ISSDSF\1.01\RetornoCancelamentoNFSe.xsd
2026-09-10 12:04:20 | INFO    | PipelineLogger.write | ARQUIVO...............: bin\Xml\Movimento\NFSe\ISSDSF\1.01\RetornoConsultaLote.xsd
2026-09-10 12:04:21 | INFO    | PipelineLogger.write | ARQUIVO...............: bin\Xml\Movimento\NFSe\ISSDSF\1.01\RetornoConsultaNFSeRPS.xsd
2026-09-10 12:04:21 | INFO    | PipelineLogger.write | ARQUIVO...............: bin\Xml\Movimento\NFSe\ISSDSF\1.01\RetornoConsultaNotas.xsd
2026-09-10 12:04:22 | INFO    | PipelineLogger.write | ARQUIVO...............: bin\Xml\Movimento\NFSe\ISSDSF\1.01\RetornoConsultaSeqRps.xsd
2026-09-10 12:04:22 | INFO    | PipelineLogger.write | ARQUIVO...............: bin\Xml\Movimento\NFSe\ISSDSF\1.01\RetornoEnvioLoteRPS.xsd
2026-09-10 12:04:22 | INFO    | PipelineLogger.write | ARQUIVO...............: bin\Xml\Movimento\NFSe\ISSDSF\1.01\Tipos.xsd
2026-09-10 12:04:22 | INFO    | PipelineLogger.write | ARQUIVO...............: bin\Xml\Movimento\NFSe\ISSDSF\1.01\xmldsig-core-schema_v1.01.xsd
2026-09-10 12:04:22 | INFO    | PipelineLogger.write | ARQUIVO...............: bin\Xml\Movimento\NFSe\ISSNet\1.00\servico_cancelar_nfse_envio.xsd
2026-09-10 12:04:22 | INFO    | PipelineLogger.write | ARQUIVO...............: bin\Xml\Movimento\NFSe\ISSNet\1.00\servico_cancelar_nfse_resposta.xsd
2026-09-10 12:04:22 | INFO    | PipelineLogger.write | ARQUIVO...............: bin\Xml\Movimento\NFSe\ISSNet\1.00\servico_consultar_lote_rps_envio.xsd
2026-09-10 12:04:22 | INFO    | PipelineLogger.write | ARQUIVO...............: bin\Xml\Movimento\NFSe\ISSNet\1.00\servico_consultar_lote_rps_resposta.xsd
2026-09-10 12:04:22 | INFO    | PipelineLogger.write | ARQUIVO...............: bin\Xml\Movimento\NFSe\ISSNet\1.00\servico_consultar_nfse_envio.xsd
2026-09-10 12:04:22 | INFO    | PipelineLogger.write | ARQUIVO...............: bin\Xml\Movimento\NFSe\ISSNet\1.00\servico_consultar_nfse_resposta.xsd
2026-09-10 12:04:22 | INFO    | PipelineLogger.write | ARQUIVO...............: bin\Xml\Movimento\NFSe\ISSNet\1.00\servico_consultar_nfse_rps_envio.xsd
2026-09-10 12:04:22 | INFO    | PipelineLogger.write | ARQUIVO...............: bin\Xml\Movimento\NFSe\ISSNet\1.00\servico_consultar_nfse_rps_resposta.xsd
2026-09-10 12:04:23 | INFO    | PipelineLogger.write | ARQUIVO...............: bin\Xml\Movimento\NFSe\ISSNet\1.00\servico_consultar_situacao_lote_rps_envio.xsd
2026-09-10 12:04:23 | INFO    | PipelineLogger.write | ARQUIVO...............: bin\Xml\Movimento\NFSe\ISSNet\1.00\servico_consultar_situacao_lote_rps_resposta.xsd
2026-09-10 12:04:23 | INFO    | PipelineLogger.write | ARQUIVO...............: bin\Xml\Movimento\NFSe\ISSNet\1.00\servico_consultar_url_visualizacao_nfse_envio.xsd
2026-09-10 12:04:23 | INFO    | PipelineLogger.write | ARQUIVO...............: bin\Xml\Movimento\NFSe\ISSNet\1.00\servico_consultar_url_visualizacao_nfse_resposta.xsd
2026-09-10 12:04:23 | INFO    | PipelineLogger.write | ARQUIVO...............: bin\Xml\Movimento\NFSe\ISSNet\1.00\servico_consultar_url_visualizacao_nfse_serie_envio.xsd
2026-09-10 12:04:23 | INFO    | PipelineLogger.write | ARQUIVO...............: bin\Xml\Movimento\NFSe\ISSNet\1.00\servico_consultar_url_visualizacao_nfse_serie_resposta.xsd
2026-09-10 12:04:23 | INFO    | PipelineLogger.write | ARQUIVO...............: bin\Xml\Movimento\NFSe\ISSNet\1.00\servico_enviar_lote_rps_envio.xsd
2026-09-10 12:04:23 | INFO    | PipelineLogger.write | ARQUIVO...............: bin\Xml\Movimento\NFSe\ISSNet\1.00\servico_enviar_lote_rps_resposta.xsd
2026-09-10 12:04:23 | INFO    | PipelineLogger.write | ARQUIVO...............: bin\Xml\Movimento\NFSe\ISSNet\1.00\tipos_complexos.xsd
2026-09-10 12:04:23 | INFO    | PipelineLogger.write | ARQUIVO...............: bin\Xml\Movimento\NFSe\ISSNet\1.00\tipos_simples.xsd
2026-09-10 12:04:23 | INFO    | PipelineLogger.write | ARQUIVO...............: bin\Xml\Movimento\NFSe\ISSNet\1.00\xmldsig-core-schema20020212.xsd
2026-09-10 12:04:23 | INFO    | PipelineLogger.write | ARQUIVO...............: bin\Xml\Movimento\NFSe\ISSNet\2.04\nfse.xsd
2026-09-10 12:04:23 | INFO    | PipelineLogger.write | ARQUIVO...............: bin\Xml\Movimento\NFSe\ISSNet\2.04\xmldsig-core-schema20020212.xsd
2026-09-10 12:04:24 | INFO    | PipelineLogger.write | ARQUIVO...............: connectionStrings.config
2026-09-10 12:04:24 | INFO    | PipelineLogger.write | ARQUIVO...............: custom.configuration.server.config
2026-09-10 12:04:24 | INFO    | PipelineLogger.write | ARQUIVO...............: Financial.svc
2026-09-10 12:04:24 | INFO    | PipelineLogger.write | ARQUIVO...............: packages.config
2026-09-10 12:04:24 | INFO    | PipelineLogger.write | ARQUIVO...............: Web.config
2026-09-10 12:04:24 | INFO    | PipelineLogger.write | ================================================================================
2026-09-10 12:04:28 | INFO    | PipelineLogger.write | SETUP DIAGNOSTICO - CLEANUP
2026-09-10 12:04:28 | INFO    | PipelineLogger.write | Arquivos analisados.....: 660
2026-09-10 12:04:28 | INFO    | PipelineLogger.write | Arquivos removidos......: 548
2026-09-10 12:04:29 | INFO    | PipelineLogger.write | Arquivos preservados....: 112
2026-09-10 12:04:29 | INFO    | PipelineLogger.write | Diretorios analisados...: 73
2026-09-10 12:04:29 | INFO    | PipelineLogger.write | Diretorios removidos....: 72
2026-09-10 12:04:29 | INFO    | PipelineLogger.write | Diretorios preservados..: 1
2026-09-10 12:04:29 | INFO    | PipelineLogger.write | CLEANUP REMOVE..........: C:\Setups\.work\wcffinanceiro\Release\bin\MailKit.dll.config
2026-09-10 12:04:29 | INFO    | PipelineLogger.write | CLEANUP REMOVE..........: C:\Setups\.work\wcffinanceiro\Release\bin\MailKit.pdb
2026-09-10 12:04:29 | INFO    | PipelineLogger.write | CLEANUP REMOVE..........: C:\Setups\.work\wcffinanceiro\Release\bin\MimeKit.pdb
2026-09-10 12:04:29 | INFO    | PipelineLogger.write | CLEANUP REMOVE..........: C:\Setups\.work\wcffinanceiro\Release\bin\NPOI.OOXML.pdb
2026-09-10 12:04:29 | INFO    | PipelineLogger.write | CLEANUP REMOVE..........: C:\Setups\.work\wcffinanceiro\Release\bin\NPOI.OpenXml4Net.pdb
2026-09-10 12:04:29 | INFO    | PipelineLogger.write | CLEANUP REMOVE..........: C:\Setups\.work\wcffinanceiro\Release\bin\NPOI.OpenXmlFormats.pdb
2026-09-10 12:04:29 | INFO    | PipelineLogger.write | CLEANUP REMOVE..........: C:\Setups\.work\wcffinanceiro\Release\bin\NPOI.pdb
2026-09-10 12:04:29 | INFO    | PipelineLogger.write | CLEANUP REMOVE..........: C:\Setups\.work\wcffinanceiro\Release\bin\OuroNet.Server.Business.dll.config
2026-09-10 12:04:29 | INFO    | PipelineLogger.write | CLEANUP REMOVE..........: C:\Setups\.work\wcffinanceiro\Release\bin\OuroNet.Server.Business.pdb
2026-09-10 12:04:30 | INFO    | PipelineLogger.write | CLEANUP REMOVE..........: C:\Setups\.work\wcffinanceiro\Release\bin\OuroNet.Server.Common.dll.config
2026-09-10 12:04:30 | INFO    | PipelineLogger.write | CLEANUP REMOVE..........: C:\Setups\.work\wcffinanceiro\Release\bin\OuroNet.Server.Common.pdb
2026-09-10 12:04:30 | INFO    | PipelineLogger.write | CLEANUP REMOVE..........: C:\Setups\.work\wcffinanceiro\Release\bin\OuroNet.Server.DataAccess.dll.config
2026-09-10 12:04:30 | INFO    | PipelineLogger.write | CLEANUP REMOVE..........: C:\Setups\.work\wcffinanceiro\Release\bin\OuroNet.Server.DataAccess.pdb
2026-09-10 12:04:30 | INFO    | PipelineLogger.write | CLEANUP REMOVE..........: C:\Setups\.work\wcffinanceiro\Release\bin\OuroNet.Server.Entities.dll.config
2026-09-10 12:04:30 | INFO    | PipelineLogger.write | CLEANUP REMOVE..........: C:\Setups\.work\wcffinanceiro\Release\bin\OuroNet.Server.Entities.pdb
2026-09-10 12:04:30 | INFO    | PipelineLogger.write | CLEANUP REMOVE..........: C:\Setups\.work\wcffinanceiro\Release\bin\OuroNet.Server.ServiceInterfaces.dll.config
2026-09-10 12:04:30 | INFO    | PipelineLogger.write | CLEANUP REMOVE..........: C:\Setups\.work\wcffinanceiro\Release\bin\OuroNet.Server.ServiceInterfaces.pdb
2026-09-10 12:04:30 | INFO    | PipelineLogger.write | CLEANUP REMOVE..........: C:\Setups\.work\wcffinanceiro\Release\bin\OuroNet.Server.Services.dll.config
2026-09-10 12:04:30 | INFO    | PipelineLogger.write | CLEANUP REMOVE..........: C:\Setups\.work\wcffinanceiro\Release\bin\OuroNet.Server.Services.pdb
2026-09-10 12:04:30 | INFO    | PipelineLogger.write | CLEANUP REMOVE..........: C:\Setups\.work\wcffinanceiro\Release\bin\OuroNet.Server.WCF.Financial.pdb
2026-09-10 12:04:30 | INFO    | PipelineLogger.write | CLEANUP REMOVE..........: C:\Setups\.work\wcffinanceiro\Release\bin\SkiaSharp.pdb
2026-09-10 12:04:31 | INFO    | PipelineLogger.write | CLEANUP REMOVE..........: C:\Setups\.work\wcffinanceiro\Release\bin\arm\libSkiaSharp.so
2026-09-10 12:04:31 | INFO    | PipelineLogger.write | CLEANUP REMOVE..........: C:\Setups\.work\wcffinanceiro\Release\bin\arm64\libSkiaSharp.so
2026-09-10 12:04:31 | INFO    | PipelineLogger.write | CLEANUP REMOVE..........: C:\Setups\.work\wcffinanceiro\Release\bin\loongarch64\libSkiaSharp.so
2026-09-10 12:04:31 | INFO    | PipelineLogger.write | CLEANUP REMOVE..........: C:\Setups\.work\wcffinanceiro\Release\bin\musl-arm\libSkiaSharp.so
2026-09-10 12:04:31 | INFO    | PipelineLogger.write | CLEANUP REMOVE..........: C:\Setups\.work\wcffinanceiro\Release\bin\musl-arm64\libSkiaSharp.so
2026-09-10 12:04:31 | INFO    | PipelineLogger.write | CLEANUP REMOVE..........: C:\Setups\.work\wcffinanceiro\Release\bin\musl-loongarch64\libSkiaSharp.so
2026-09-10 12:04:31 | INFO    | PipelineLogger.write | CLEANUP REMOVE..........: C:\Setups\.work\wcffinanceiro\Release\bin\musl-riscv64\libSkiaSharp.so
2026-09-10 12:04:31 | INFO    | PipelineLogger.write | CLEANUP REMOVE..........: C:\Setups\.work\wcffinanceiro\Release\bin\musl-x64\libSkiaSharp.so
2026-09-10 12:04:31 | INFO    | PipelineLogger.write | CLEANUP REMOVE..........: C:\Setups\.work\wcffinanceiro\Release\bin\riscv64\libSkiaSharp.so
2026-09-10 12:04:31 | INFO    | PipelineLogger.write | CLEANUP REMOVE..........: C:\Setups\.work\wcffinanceiro\Release\bin\x64\libSkiaSharp.so
2026-09-10 12:04:31 | INFO    | PipelineLogger.write | CLEANUP REMOVE..........: C:\Setups\.work\wcffinanceiro\Release\bin\x86\libSkiaSharp.so
2026-09-10 12:04:31 | INFO    | PipelineLogger.write | CLEANUP REMOVE..........: C:\Setups\.work\wcffinanceiro\Release\bin\Xml\Movimento\NFSe\Abaco\xmldsig-core-schema20020212.xsd
2026-09-10 12:04:31 | INFO    | PipelineLogger.write | CLEANUP REMOVE..........: C:\Setups\.work\wcffinanceiro\Release\bin\Xml\Movimento\NFSe\ABase\xmldsig-core-schema20020212.xsd
2026-09-10 12:04:31 | INFO    | PipelineLogger.write | CLEANUP REMOVE..........: C:\Setups\.work\wcffinanceiro\Release\bin\Xml\Movimento\NFSe\BHISS\xmldsig-core-schema20020212.xsd
2026-09-10 12:04:32 | INFO    | PipelineLogger.write | CLEANUP REMOVE..........: C:\Setups\.work\wcffinanceiro\Release\bin\Xml\Movimento\NFSe\ISSNet\1.00\servico_cancelar_nfse_envio.xsd
2026-09-10 12:04:32 | INFO    | PipelineLogger.write | CLEANUP REMOVE..........: C:\Setups\.work\wcffinanceiro\Release\bin\Xml\Movimento\NFSe\ISSNet\1.00\servico_cancelar_nfse_resposta.xsd
2026-09-10 12:04:32 | INFO    | PipelineLogger.write | CLEANUP REMOVE..........: C:\Setups\.work\wcffinanceiro\Release\bin\Xml\Movimento\NFSe\ISSNet\1.00\servico_consultar_lote_rps_envio.xsd
2026-09-10 12:04:32 | INFO    | PipelineLogger.write | CLEANUP REMOVE..........: C:\Setups\.work\wcffinanceiro\Release\bin\Xml\Movimento\NFSe\ISSNet\1.00\servico_consultar_lote_rps_resposta.xsd
2026-09-10 12:04:32 | INFO    | PipelineLogger.write | CLEANUP REMOVE..........: C:\Setups\.work\wcffinanceiro\Release\bin\Xml\Movimento\NFSe\ISSNet\1.00\servico_consultar_nfse_envio.xsd
2026-09-10 12:04:32 | INFO    | PipelineLogger.write | CLEANUP REMOVE..........: C:\Setups\.work\wcffinanceiro\Release\bin\Xml\Movimento\NFSe\ISSNet\1.00\servico_consultar_nfse_resposta.xsd
2026-09-10 12:04:32 | INFO    | PipelineLogger.write | CLEANUP REMOVE..........: C:\Setups\.work\wcffinanceiro\Release\bin\Xml\Movimento\NFSe\ISSNet\1.00\servico_consultar_nfse_rps_envio.xsd
2026-09-10 12:04:32 | INFO    | PipelineLogger.write | CLEANUP REMOVE..........: C:\Setups\.work\wcffinanceiro\Release\bin\Xml\Movimento\NFSe\ISSNet\1.00\servico_consultar_nfse_rps_resposta.xsd
2026-09-10 12:04:33 | INFO    | PipelineLogger.write | CLEANUP REMOVE..........: C:\Setups\.work\wcffinanceiro\Release\bin\Xml\Movimento\NFSe\ISSNet\1.00\servico_consultar_situacao_lote_rps_envio.xsd
2026-09-10 12:04:33 | INFO    | PipelineLogger.write | CLEANUP REMOVE..........: C:\Setups\.work\wcffinanceiro\Release\bin\Xml\Movimento\NFSe\ISSNet\1.00\servico_consultar_situacao_lote_rps_resposta.xsd
2026-09-10 12:04:34 | INFO    | PipelineLogger.write | CLEANUP REMOVE..........: C:\Setups\.work\wcffinanceiro\Release\bin\Xml\Movimento\NFSe\ISSNet\1.00\servico_consultar_url_visualizacao_nfse_envio.xsd
2026-09-10 12:04:34 | INFO    | PipelineLogger.write | CLEANUP REMOVE..........: C:\Setups\.work\wcffinanceiro\Release\bin\Xml\Movimento\NFSe\ISSNet\1.00\servico_consultar_url_visualizacao_nfse_resposta.xsd
2026-09-10 12:04:34 | INFO    | PipelineLogger.write | CLEANUP REMOVE..........: C:\Setups\.work\wcffinanceiro\Release\bin\Xml\Movimento\NFSe\ISSNet\1.00\servico_consultar_url_visualizacao_nfse_serie_envio.xsd
2026-09-10 12:04:35 | INFO    | PipelineLogger.write | CLEANUP REMOVE..........: C:\Setups\.work\wcffinanceiro\Release\bin\Xml\Movimento\NFSe\ISSNet\1.00\servico_consultar_url_visualizacao_nfse_serie_resposta.xsd
2026-09-10 12:04:35 | INFO    | PipelineLogger.write | CLEANUP REMOVE..........: C:\Setups\.work\wcffinanceiro\Release\bin\Xml\Movimento\NFSe\ISSNet\1.00\servico_enviar_lote_rps_envio.xsd
2026-09-10 12:04:35 | INFO    | PipelineLogger.write | CLEANUP REMOVE..........: C:\Setups\.work\wcffinanceiro\Release\bin\Xml\Movimento\NFSe\ISSNet\1.00\servico_enviar_lote_rps_resposta.xsd
2026-09-10 12:04:35 | INFO    | PipelineLogger.write | CLEANUP REMOVE..........: C:\Setups\.work\wcffinanceiro\Release\bin\Xml\Movimento\NFSe\ISSNet\1.00\tipos_complexos.xsd
2026-09-10 12:04:35 | INFO    | PipelineLogger.write | CLEANUP REMOVE..........: C:\Setups\.work\wcffinanceiro\Release\bin\Xml\Movimento\NFSe\ISSNet\1.00\tipos_simples.xsd
2026-09-10 12:04:35 | INFO    | PipelineLogger.write | CLEANUP REMOVE..........: C:\Setups\.work\wcffinanceiro\Release\bin\Xml\Movimento\NFSe\ISSNet\1.00\xmldsig-core-schema20020212.xsd
2026-09-10 12:04:35 | INFO    | PipelineLogger.write | CLEANUP REMOVE..........: C:\Setups\.work\wcffinanceiro\Release\bin\Xml\Movimento\NFSe\ISSNet\2.04\nfse.xsd
2026-09-10 12:04:35 | INFO    | PipelineLogger.write | CLEANUP REMOVE..........: C:\Setups\.work\wcffinanceiro\Release\bin\Xml\Movimento\NFSe\ISSNet\2.04\xmldsig-core-schema20020212.xsd
2026-09-10 12:04:35 | INFO    | PipelineLogger.write | CLEANUP REMOVE..........: C:\Setups\.work\wcffinanceiro\Release\bin\Xml\Movimento\NFSe\ISSDSF\1.00\ConsultaSeqRps.xsd
2026-09-10 12:04:36 | INFO    | PipelineLogger.write | CLEANUP REMOVE..........: C:\Setups\.work\wcffinanceiro\Release\bin\Xml\Movimento\NFSe\ISSDSF\1.00\ReqCancelamentoNFSe.xsd
2026-09-10 12:04:36 | INFO    | PipelineLogger.write | CLEANUP REMOVE..........: C:\Setups\.work\wcffinanceiro\Release\bin\Xml\Movimento\NFSe\ISSDSF\1.00\ReqConsultaLote.xsd
2026-09-10 12:04:36 | INFO    | PipelineLogger.write | CLEANUP REMOVE..........: C:\Setups\.work\wcffinanceiro\Release\bin\Xml\Movimento\NFSe\ISSDSF\1.00\ReqConsultaNFSeRPS.xsd
2026-09-10 12:04:36 | INFO    | PipelineLogger.write | CLEANUP REMOVE..........: C:\Setups\.work\wcffinanceiro\Release\bin\Xml\Movimento\NFSe\ISSDSF\1.00\ReqConsultaNotas.xsd
2026-09-10 12:04:36 | INFO    | PipelineLogger.write | CLEANUP REMOVE..........: C:\Setups\.work\wcffinanceiro\Release\bin\Xml\Movimento\NFSe\ISSDSF\1.00\ReqEnvioLoteRPS.xsd
2026-09-10 12:04:37 | INFO    | PipelineLogger.write | CLEANUP REMOVE..........: C:\Setups\.work\wcffinanceiro\Release\bin\Xml\Movimento\NFSe\ISSDSF\1.00\RetornoCancelamentoNFSe.xsd
2026-09-10 12:04:37 | INFO    | PipelineLogger.write | CLEANUP REMOVE..........: C:\Setups\.work\wcffinanceiro\Release\bin\Xml\Movimento\NFSe\ISSDSF\1.00\RetornoConsultaLote.xsd
2026-09-10 12:04:37 | INFO    | PipelineLogger.write | CLEANUP REMOVE..........: C:\Setups\.work\wcffinanceiro\Release\bin\Xml\Movimento\NFSe\ISSDSF\1.00\RetornoConsultaNFSeRPS.xsd
2026-09-10 12:04:37 | INFO    | PipelineLogger.write | CLEANUP REMOVE..........: C:\Setups\.work\wcffinanceiro\Release\bin\Xml\Movimento\NFSe\ISSDSF\1.00\RetornoConsultaNotas.xsd
2026-09-10 12:04:37 | INFO    | PipelineLogger.write | CLEANUP REMOVE..........: C:\Setups\.work\wcffinanceiro\Release\bin\Xml\Movimento\NFSe\ISSDSF\1.00\RetornoConsultaSeqRps.xsd
2026-09-10 12:04:37 | INFO    | PipelineLogger.write | CLEANUP REMOVE..........: C:\Setups\.work\wcffinanceiro\Release\bin\Xml\Movimento\NFSe\ISSDSF\1.00\RetornoEnvioLoteRPS.xsd
2026-09-10 12:04:37 | INFO    | PipelineLogger.write | CLEANUP REMOVE..........: C:\Setups\.work\wcffinanceiro\Release\bin\Xml\Movimento\NFSe\ISSDSF\1.00\Tipos.xsd
2026-09-10 12:04:37 | INFO    | PipelineLogger.write | CLEANUP REMOVE..........: C:\Setups\.work\wcffinanceiro\Release\bin\Xml\Movimento\NFSe\ISSDSF\1.00\xmldsig-core-schema_v1.01.xsd
2026-09-10 12:04:37 | INFO    | PipelineLogger.write | CLEANUP REMOVE..........: C:\Setups\.work\wcffinanceiro\Release\bin\Xml\Movimento\NFSe\ISSDSF\1.01\ConsultaSeqRps.xsd
2026-09-10 12:04:38 | INFO    | PipelineLogger.write | CLEANUP REMOVE..........: C:\Setups\.work\wcffinanceiro\Release\bin\Xml\Movimento\NFSe\ISSDSF\1.01\ReqCancelamentoNFSe.xsd
2026-09-10 12:04:38 | INFO    | PipelineLogger.write | CLEANUP REMOVE..........: C:\Setups\.work\wcffinanceiro\Release\bin\Xml\Movimento\NFSe\ISSDSF\1.01\ReqConsultaLote.xsd
2026-09-10 12:04:38 | INFO    | PipelineLogger.write | CLEANUP REMOVE..........: C:\Setups\.work\wcffinanceiro\Release\bin\Xml\Movimento\NFSe\ISSDSF\1.01\ReqConsultaNFSeRPS.xsd
2026-09-10 12:04:38 | INFO    | PipelineLogger.write | CLEANUP REMOVE..........: C:\Setups\.work\wcffinanceiro\Release\bin\Xml\Movimento\NFSe\ISSDSF\1.01\ReqConsultaNotas.xsd
2026-09-10 12:04:38 | INFO    | PipelineLogger.write | CLEANUP REMOVE..........: C:\Setups\.work\wcffinanceiro\Release\bin\Xml\Movimento\NFSe\ISSDSF\1.01\ReqEnvioLoteRPS.xsd
2026-09-10 12:04:38 | INFO    | PipelineLogger.write | CLEANUP REMOVE..........: C:\Setups\.work\wcffinanceiro\Release\bin\Xml\Movimento\NFSe\ISSDSF\1.01\RetornoCancelamentoNFSe.xsd
2026-09-10 12:04:38 | INFO    | PipelineLogger.write | CLEANUP REMOVE..........: C:\Setups\.work\wcffinanceiro\Release\bin\Xml\Movimento\NFSe\ISSDSF\1.01\RetornoConsultaLote.xsd
2026-09-10 12:04:39 | INFO    | PipelineLogger.write | CLEANUP REMOVE..........: C:\Setups\.work\wcffinanceiro\Release\bin\Xml\Movimento\NFSe\ISSDSF\1.01\RetornoConsultaNFSeRPS.xsd
2026-09-10 12:04:39 | INFO    | PipelineLogger.write | CLEANUP REMOVE..........: C:\Setups\.work\wcffinanceiro\Release\bin\Xml\Movimento\NFSe\ISSDSF\1.01\RetornoConsultaNotas.xsd
2026-09-10 12:04:39 | INFO    | PipelineLogger.write | CLEANUP REMOVE..........: C:\Setups\.work\wcffinanceiro\Release\bin\Xml\Movimento\NFSe\ISSDSF\1.01\RetornoConsultaSeqRps.xsd
2026-09-10 12:04:39 | INFO    | PipelineLogger.write | CLEANUP REMOVE..........: C:\Setups\.work\wcffinanceiro\Release\bin\Xml\Movimento\NFSe\ISSDSF\1.01\RetornoEnvioLoteRPS.xsd
2026-09-10 12:04:39 | INFO    | PipelineLogger.write | CLEANUP REMOVE..........: C:\Setups\.work\wcffinanceiro\Release\bin\Xml\Movimento\NFSe\ISSDSF\1.01\Tipos.xsd
2026-09-10 12:04:39 | INFO    | PipelineLogger.write | CLEANUP REMOVE..........: C:\Setups\.work\wcffinanceiro\Release\bin\Xml\Movimento\NFSe\ISSDSF\1.01\xmldsig-core-schema_v1.01.xsd
2026-09-10 12:04:39 | INFO    | PipelineLogger.write | CLEANUP REMOVE..........: C:\Setups\.work\wcffinanceiro\Release\bin\Xml\Movimento\NFSe\ISSCuritiba\1.00\nfse.xsd
2026-09-10 12:04:39 | INFO    | PipelineLogger.write | CLEANUP REMOVE..........: C:\Setups\.work\wcffinanceiro\Release\bin\Xml\Movimento\NFSe\ISSCuritiba\1.00\xmldsig-core-schema20020212.xsd
2026-09-10 12:04:40 | INFO    | PipelineLogger.write | CLEANUP REMOVE..........: C:\Setups\.work\wcffinanceiro\Release\bin\Xml\Movimento\NFSe\IPM\2.04\nfse.xsd
2026-09-10 12:04:41 | INFO    | PipelineLogger.write | CLEANUP REMOVE..........: C:\Setups\.work\wcffinanceiro\Release\bin\Xml\Movimento\NFSe\IPM\2.04\xmldsig-core-schema20020212.xsd
2026-09-10 12:04:41 | INFO    | PipelineLogger.write | CLEANUP REMOVE..........: C:\Setups\.work\wcffinanceiro\Release\bin\Xml\Movimento\NFSe\Ginfes\1.00\cabecalho_v03.xsd
2026-09-10 12:04:41 | INFO    | PipelineLogger.write | CLEANUP REMOVE..........: C:\Setups\.work\wcffinanceiro\Release\bin\Xml\Movimento\NFSe\Ginfes\1.00\servico_cancelar_nfse_envio_v02.xsd
2026-09-10 12:04:41 | INFO    | PipelineLogger.write | CLEANUP REMOVE..........: C:\Setups\.work\wcffinanceiro\Release\bin\Xml\Movimento\NFSe\Ginfes\1.00\servico_cancelar_nfse_envio_v03.xsd
2026-09-10 12:04:41 | INFO    | PipelineLogger.write | CLEANUP REMOVE..........: C:\Setups\.work\wcffinanceiro\Release\bin\Xml\Movimento\NFSe\Ginfes\1.00\servico_cancelar_nfse_resposta_v03.xsd
2026-09-10 12:04:41 | INFO    | PipelineLogger.write | CLEANUP REMOVE..........: C:\Setups\.work\wcffinanceiro\Release\bin\Xml\Movimento\NFSe\Ginfes\1.00\servico_consultar_lote_rps_envio_v02.xsd
2026-09-10 12:04:41 | INFO    | PipelineLogger.write | CLEANUP REMOVE..........: C:\Setups\.work\wcffinanceiro\Release\bin\Xml\Movimento\NFSe\Ginfes\1.00\servico_consultar_lote_rps_envio_v03.xsd
2026-09-10 12:04:41 | INFO    | PipelineLogger.write | CLEANUP REMOVE..........: C:\Setups\.work\wcffinanceiro\Release\bin\Xml\Movimento\NFSe\Ginfes\1.00\servico_consultar_lote_rps_resposta_v03.xsd
2026-09-10 12:04:41 | INFO    | PipelineLogger.write | CLEANUP REMOVE..........: C:\Setups\.work\wcffinanceiro\Release\bin\Xml\Movimento\NFSe\Ginfes\1.00\servico_consultar_nfse_envio_v02.xsd
2026-09-10 12:04:42 | INFO    | PipelineLogger.write | CLEANUP REMOVE..........: C:\Setups\.work\wcffinanceiro\Release\bin\Xml\Movimento\NFSe\Ginfes\1.00\servico_consultar_nfse_envio_v03.xsd
2026-09-10 12:04:42 | INFO    | PipelineLogger.write | CLEANUP REMOVE..........: C:\Setups\.work\wcffinanceiro\Release\bin\Xml\Movimento\NFSe\Ginfes\1.00\servico_consultar_nfse_resposta_v03.xsd
2026-09-10 12:04:42 | INFO    | PipelineLogger.write | CLEANUP REMOVE..........: C:\Setups\.work\wcffinanceiro\Release\bin\Xml\Movimento\NFSe\Ginfes\1.00\servico_consultar_nfse_rps_envio_v02.xsd
2026-09-10 12:04:42 | INFO    | PipelineLogger.write | CLEANUP REMOVE..........: C:\Setups\.work\wcffinanceiro\Release\bin\Xml\Movimento\NFSe\Ginfes\1.00\servico_consultar_nfse_rps_envio_v03.xsd
2026-09-10 12:04:42 | INFO    | PipelineLogger.write | CLEANUP REMOVE..........: C:\Setups\.work\wcffinanceiro\Release\bin\Xml\Movimento\NFSe\Ginfes\1.00\servico_consultar_nfse_rps_resposta_v03.xsd
2026-09-10 12:04:42 | INFO    | PipelineLogger.write | CLEANUP REMOVE..........: C:\Setups\.work\wcffinanceiro\Release\bin\Xml\Movimento\NFSe\Ginfes\1.00\servico_consultar_situacao_lote_rps_envio_v02.xsd
2026-09-10 12:04:43 | INFO    | PipelineLogger.write | CLEANUP REMOVE..........: C:\Setups\.work\wcffinanceiro\Release\bin\Xml\Movimento\NFSe\Ginfes\1.00\servico_consultar_situacao_lote_rps_envio_v03.xsd
2026-09-10 12:04:43 | INFO    | PipelineLogger.write | CLEANUP REMOVE..........: C:\Setups\.work\wcffinanceiro\Release\bin\Xml\Movimento\NFSe\Ginfes\1.00\servico_consultar_situacao_lote_rps_resposta_v03.xsd
2026-09-10 12:04:43 | INFO    | PipelineLogger.write | CLEANUP REMOVE..........: C:\Setups\.work\wcffinanceiro\Release\bin\Xml\Movimento\NFSe\Ginfes\1.00\servico_enviar_lote_rps_envio_v02.xsd
2026-09-10 12:04:43 | INFO    | PipelineLogger.write | CLEANUP REMOVE..........: C:\Setups\.work\wcffinanceiro\Release\bin\Xml\Movimento\NFSe\Ginfes\1.00\servico_enviar_lote_rps_envio_v03.xsd
2026-09-10 12:04:43 | INFO    | PipelineLogger.write | CLEANUP REMOVE..........: C:\Setups\.work\wcffinanceiro\Release\bin\Xml\Movimento\NFSe\Ginfes\1.00\servico_enviar_lote_rps_resposta_v03.xsd
2026-09-10 12:04:43 | INFO    | PipelineLogger.write | CLEANUP REMOVE..........: C:\Setups\.work\wcffinanceiro\Release\bin\Xml\Movimento\NFSe\Ginfes\1.00\tipos_v02.xsd
2026-09-10 12:04:43 | INFO    | PipelineLogger.write | CLEANUP REMOVE..........: C:\Setups\.work\wcffinanceiro\Release\bin\Xml\Movimento\NFSe\Ginfes\1.00\tipos_v03.xsd
2026-09-10 12:04:43 | INFO    | PipelineLogger.write | CLEANUP REMOVE..........: C:\Setups\.work\wcffinanceiro\Release\bin\Xml\Movimento\NFSe\Ginfes\1.00\xmldsig-core-schema20020212_v03.xsd
2026-09-10 12:04:43 | INFO    | PipelineLogger.write | CLEANUP REMOVE..........: C:\Setups\.work\wcffinanceiro\Release\bin\Xml\Movimento\NFSe\Ginfes\1.00\xmldsig-core-schema_v02.xsd
2026-09-10 12:04:43 | INFO    | PipelineLogger.write | CLEANUP REMOVE..........: C:\Setups\.work\wcffinanceiro\Release\bin\Xml\Movimento\NFSe\FissLex\1.00\nfse.xsd
2026-09-10 12:04:43 | INFO    | PipelineLogger.write | CLEANUP REMOVE..........: C:\Setups\.work\wcffinanceiro\Release\bin\Xml\Movimento\NFSe\FissLex\1.00\xmldsig-core-schema20020212.xsd
2026-09-10 12:04:43 | INFO    | PipelineLogger.write | CLEANUP REMOVE..........: C:\Setups\.work\wcffinanceiro\Release\bin\Xml\Movimento\NFSe\Fisco\2.03\nfse.xsd
2026-09-10 12:04:44 | INFO    | PipelineLogger.write | CLEANUP REMOVE..........: C:\Setups\.work\wcffinanceiro\Release\bin\Xml\Movimento\NFSe\Fisco\2.03\xmldsig-core-schema20020212.xsd
2026-09-10 12:04:44 | INFO    | PipelineLogger.write | CLEANUP REMOVE..........: C:\Setups\.work\wcffinanceiro\Release\bin\Xml\Movimento\NFSe\Fiorilli\2.00\nfse.xsd
2026-09-10 12:04:44 | INFO    | PipelineLogger.write | CLEANUP REMOVE..........: C:\Setups\.work\wcffinanceiro\Release\bin\Xml\Movimento\NFSe\Fiorilli\2.00\xmldsig-core-schema20020212.xsd
2026-09-10 12:04:44 | INFO    | PipelineLogger.write | CLEANUP REMOVE..........: C:\Setups\.work\wcffinanceiro\Release\bin\Xml\Movimento\NFSe\Fiorilli\2.01\nfse.xsd
2026-09-10 12:04:44 | INFO    | PipelineLogger.write | CLEANUP REMOVE..........: C:\Setups\.work\wcffinanceiro\Release\bin\Xml\Movimento\NFSe\Fiorilli\2.01\xmldsig-core-schema20020212.xsd
2026-09-10 12:04:44 | INFO    | PipelineLogger.write | CLEANUP REMOVE..........: C:\Setups\.work\wcffinanceiro\Release\bin\Xml\Movimento\NFSe\Equiplano\1.00\esCancelarNfseEnvio_v01.xsd
2026-09-10 12:04:44 | INFO    | PipelineLogger.write | CLEANUP REMOVE..........: C:\Setups\.work\wcffinanceiro\Release\bin\Xml\Movimento\NFSe\Equiplano\1.00\esCancelarNfseResposta_v01.xsd
2026-09-10 12:04:44 | INFO    | PipelineLogger.write | CLEANUP REMOVE..........: C:\Setups\.work\wcffinanceiro\Release\bin\Xml\Movimento\NFSe\Equiplano\1.00\esConsultarLoteRpsEnvio_v01.xsd
2026-09-10 12:04:44 | INFO    | PipelineLogger.write | CLEANUP REMOVE..........: C:\Setups\.work\wcffinanceiro\Release\bin\Xml\Movimento\NFSe\Equiplano\1.00\esConsultarLoteRpsResposta_v01.xsd
2026-09-10 12:04:44 | INFO    | PipelineLogger.write | CLEANUP REMOVE..........: C:\Setups\.work\wcffinanceiro\Release\bin\Xml\Movimento\NFSe\Equiplano\1.00\esConsultarNfseEnvio_v01.xsd
2026-09-10 12:04:44 | INFO    | PipelineLogger.write | CLEANUP REMOVE..........: C:\Setups\.work\wcffinanceiro\Release\bin\Xml\Movimento\NFSe\Equiplano\1.00\esConsultarNfsePorRpsEnvio_v01.xsd
2026-09-10 12:04:44 | INFO    | PipelineLogger.write | CLEANUP REMOVE..........: C:\Setups\.work\wcffinanceiro\Release\bin\Xml\Movimento\NFSe\Equiplano\1.00\esConsultarNfsePorRpsResposta_v01.xsd
2026-09-10 12:04:44 | INFO    | PipelineLogger.write | CLEANUP REMOVE..........: C:\Setups\.work\wcffinanceiro\Release\bin\Xml\Movimento\NFSe\Equiplano\1.00\esConsultarNfseResposta_v01.xsd
2026-09-10 12:04:44 | INFO    | PipelineLogger.write | CLEANUP REMOVE..........: C:\Setups\.work\wcffinanceiro\Release\bin\Xml\Movimento\NFSe\Equiplano\1.00\esConsultarSituacaoLoteRpsEnvio_v01.xsd
2026-09-10 12:04:45 | INFO    | PipelineLogger.write | CLEANUP REMOVE..........: C:\Setups\.work\wcffinanceiro\Release\bin\Xml\Movimento\NFSe\Equiplano\1.00\esConsultarSituacaoLoteRpsResposta_v01.xsd
2026-09-10 12:04:45 | INFO    | PipelineLogger.write | CLEANUP REMOVE..........: C:\Setups\.work\wcffinanceiro\Release\bin\Xml\Movimento\NFSe\Equiplano\1.00\esRecepcionarLoteRpsEnvio_v01.xsd
2026-09-10 12:04:45 | INFO    | PipelineLogger.write | CLEANUP REMOVE..........: C:\Setups\.work\wcffinanceiro\Release\bin\Xml\Movimento\NFSe\Equiplano\1.00\esRecepcionarLoteRpsResposta_v01.xsd
2026-09-10 12:04:45 | INFO    | PipelineLogger.write | CLEANUP REMOVE..........: C:\Setups\.work\wcffinanceiro\Release\bin\Xml\Movimento\NFSe\Equiplano\1.00\TiposEsnfs_v01.xsd
2026-09-10 12:04:45 | INFO    | PipelineLogger.write | CLEANUP REMOVE..........: C:\Setups\.work\wcffinanceiro\Release\bin\Xml\Movimento\NFSe\Equiplano\1.00\xmldsig-core-schema_v01.xsd
2026-09-10 12:04:45 | INFO    | PipelineLogger.write | CLEANUP REMOVE..........: C:\Setups\.work\wcffinanceiro\Release\bin\Xml\Movimento\NFSe\DSF\1.00\nfse.xsd
2026-09-10 12:04:45 | INFO    | PipelineLogger.write | CLEANUP REMOVE..........: C:\Setups\.work\wcffinanceiro\Release\bin\Xml\Movimento\NFSe\DSF\1.00\xmldsig-core-schema20020212.xsd
2026-09-10 12:04:45 | INFO    | PipelineLogger.write | CLEANUP REMOVE..........: C:\Setups\.work\wcffinanceiro\Release\bin\Xml\Movimento\NFSe\DSF\2.00\nfse.xsd
2026-09-10 12:04:45 | INFO    | PipelineLogger.write | CLEANUP REMOVE..........: C:\Setups\.work\wcffinanceiro\Release\bin\Xml\Movimento\NFSe\DSF\2.00\xmldsig-core-schema20020212.xsd
2026-09-10 12:04:46 | INFO    | PipelineLogger.write | CLEANUP REMOVE..........: C:\Setups\.work\wcffinanceiro\Release\bin\Xml\Movimento\NFSe\DSF\2.03\nfse.xsd
2026-09-10 12:04:46 | INFO    | PipelineLogger.write | CLEANUP REMOVE..........: C:\Setups\.work\wcffinanceiro\Release\bin\Xml\Movimento\NFSe\DSF\2.03\xmldsig-core-schema20020212.xsd
2026-09-10 12:04:46 | INFO    | PipelineLogger.write | CLEANUP REMOVE..........: C:\Setups\.work\wcffinanceiro\Release\bin\Xml\Movimento\NFSe\DBSeller\1.00\nfse.xsd
2026-09-10 12:04:47 | INFO    | PipelineLogger.write | CLEANUP REMOVE..........: C:\Setups\.work\wcffinanceiro\Release\bin\Xml\Movimento\NFSe\DBSeller\1.00\xmldsig-core-schema_v01.xsd
2026-09-10 12:04:47 | INFO    | PipelineLogger.write | CLEANUP REMOVE..........: C:\Setups\.work\wcffinanceiro\Release\bin\Xml\Movimento\NFSe\DBSeller\2.04\nfse.xsd
2026-09-10 12:04:47 | INFO    | PipelineLogger.write | CLEANUP REMOVE..........: C:\Setups\.work\wcffinanceiro\Release\bin\Xml\Movimento\NFSe\DBSeller\2.04\xmldsig-core-schema20020212.xsd
2026-09-10 12:04:47 | INFO    | PipelineLogger.write | CLEANUP REMOVE..........: C:\Setups\.work\wcffinanceiro\Release\bin\Xml\Movimento\NFSe\Coplan\2.01\nfse.xsd
2026-09-10 12:04:47 | INFO    | PipelineLogger.write | CLEANUP REMOVE..........: C:\Setups\.work\wcffinanceiro\Release\bin\Xml\Movimento\NFSe\Coplan\2.01\xmldsig-core-schema20020212.xsd
2026-09-10 12:04:47 | INFO    | PipelineLogger.write | CLEANUP REMOVE..........: C:\Setups\.work\wcffinanceiro\Release\bin\Xml\Movimento\NFSe\Conam\1.00\Informacao.txt
2026-09-10 12:04:48 | INFO    | PipelineLogger.write | CLEANUP REMOVE..........: C:\Setups\.work\wcffinanceiro\Release\bin\Xml\Movimento\NFSe\Citta\2.03\nfse.xsd
2026-09-10 12:04:48 | INFO    | PipelineLogger.write | CLEANUP REMOVE..........: C:\Setups\.work\wcffinanceiro\Release\bin\Xml\Movimento\NFSe\Citta\2.03\xmldsig-core-schema20020212.xsd
2026-09-10 12:04:48 | INFO    | PipelineLogger.write | CLEANUP REMOVE..........: C:\Setups\.work\wcffinanceiro\Release\bin\Xml\Movimento\NFSe\Betha\1.00\servico_cancelar_nfse_envio_v01.xsd
2026-09-10 12:04:48 | INFO    | PipelineLogger.write | CLEANUP REMOVE..........: C:\Setups\.work\wcffinanceiro\Release\bin\Xml\Movimento\NFSe\Betha\1.00\servico_cancelar_nfse_resposta_v01.xsd
2026-09-10 12:04:48 | INFO    | PipelineLogger.write | CLEANUP REMOVE..........: C:\Setups\.work\wcffinanceiro\Release\bin\Xml\Movimento\NFSe\Betha\1.00\servico_consultar_lote_rps_envio_v01.xsd
2026-09-10 12:04:48 | INFO    | PipelineLogger.write | CLEANUP REMOVE..........: C:\Setups\.work\wcffinanceiro\Release\bin\Xml\Movimento\NFSe\Betha\1.00\servico_consultar_lote_rps_resposta_v01.xsd
2026-09-10 12:04:49 | INFO    | PipelineLogger.write | CLEANUP REMOVE..........: C:\Setups\.work\wcffinanceiro\Release\bin\Xml\Movimento\NFSe\Betha\1.00\servico_consultar_nfse_envio_v01.xsd
2026-09-10 12:04:49 | INFO    | PipelineLogger.write | CLEANUP REMOVE..........: C:\Setups\.work\wcffinanceiro\Release\bin\Xml\Movimento\NFSe\Betha\1.00\servico_consultar_nfse_resposta_v01.xsd
2026-09-10 12:04:49 | INFO    | PipelineLogger.write | CLEANUP REMOVE..........: C:\Setups\.work\wcffinanceiro\Release\bin\Xml\Movimento\NFSe\Betha\1.00\servico_consultar_nfse_rps_envio_v01.xsd
2026-09-10 12:04:49 | INFO    | PipelineLogger.write | CLEANUP REMOVE..........: C:\Setups\.work\wcffinanceiro\Release\bin\Xml\Movimento\NFSe\Betha\1.00\servico_consultar_nfse_rps_resposta_v01.xsd
2026-09-10 12:04:49 | INFO    | PipelineLogger.write | CLEANUP REMOVE..........: C:\Setups\.work\wcffinanceiro\Release\bin\Xml\Movimento\NFSe\Betha\1.00\servico_consultar_situacao_lote_rps_envio_v01.xsd
2026-09-10 12:04:49 | INFO    | PipelineLogger.write | CLEANUP REMOVE..........: C:\Setups\.work\wcffinanceiro\Release\bin\Xml\Movimento\NFSe\Betha\1.00\servico_consultar_situacao_lote_rps_resposta_v01.xsd
2026-09-10 12:04:49 | INFO    | PipelineLogger.write | CLEANUP REMOVE..........: C:\Setups\.work\wcffinanceiro\Release\bin\Xml\Movimento\NFSe\Betha\1.00\servico_enviar_lote_rps_envio_v01.xsd
2026-09-10 12:04:49 | INFO    | PipelineLogger.write | CLEANUP REMOVE..........: C:\Setups\.work\wcffinanceiro\Release\bin\Xml\Movimento\NFSe\Betha\1.00\servico_enviar_lote_rps_resposta_v01.xsd
2026-09-10 12:04:49 | INFO    | PipelineLogger.write | CLEANUP REMOVE..........: C:\Setups\.work\wcffinanceiro\Release\bin\Xml\Movimento\NFSe\Betha\1.00\TiposNFe_v01.xsd
2026-09-10 12:04:50 | INFO    | PipelineLogger.write | CLEANUP REMOVE..........: C:\Setups\.work\wcffinanceiro\Release\bin\Xml\Movimento\NFSe\Betha\1.00\xmldsig-core-schema_v01.xsd
2026-09-10 12:04:50 | INFO    | PipelineLogger.write | CLEANUP REMOVE..........: C:\Setups\.work\wcffinanceiro\Release\bin\Xml\Movimento\NFSe\Betha\2.02\nfse_v202.xsd
2026-09-10 12:04:50 | INFO    | PipelineLogger.write | CLEANUP REMOVE..........: C:\Setups\.work\wcffinanceiro\Release\bin\Xml\Movimento\NFSe\Betha\2.02\xmldsig-core-schema20020212.xsd
2026-09-10 12:04:50 | INFO    | PipelineLogger.write | CLEANUP REMOVE..........: C:\Setups\.work\wcffinanceiro\Release\bin\Xml\Movimento\NFSe\ABRASF\1.00\nfse.xsd
2026-09-10 12:04:50 | INFO    | PipelineLogger.write | CLEANUP REMOVE..........: C:\Setups\.work\wcffinanceiro\Release\bin\Xml\Movimento\NFSe\ABRASF\1.00\xmldsig-core-schema20020212.xsd
2026-09-10 12:04:50 | INFO    | PipelineLogger.write | CLEANUP REMOVE..........: C:\Setups\.work\wcffinanceiro\Release\bin\Xml\Movimento\NFSe\ABRASF\2.00\nfse v200.xsd
2026-09-10 12:04:50 | INFO    | PipelineLogger.write | CLEANUP REMOVE..........: C:\Setups\.work\wcffinanceiro\Release\bin\Xml\Movimento\NFSe\ABRASF\2.00\xmldsig-core-schema20020212.xsd
2026-09-10 12:04:50 | INFO    | PipelineLogger.write | CLEANUP REMOVE..........: C:\Setups\.work\wcffinanceiro\Release\bin\Xml\Movimento\NFSe\ABRASF\2.01\nfse v201.xsd
2026-09-10 12:04:51 | INFO    | PipelineLogger.write | CLEANUP REMOVE..........: C:\Setups\.work\wcffinanceiro\Release\bin\Xml\Movimento\NFSe\ABRASF\2.01\xmldsig-core-schema20020212.xsd
2026-09-10 12:04:51 | INFO    | PipelineLogger.write | CLEANUP REMOVE..........: C:\Setups\.work\wcffinanceiro\Release\bin\Xml\Movimento\NFSe\ABRASF\2.02\nfse v202.xsd
2026-09-10 12:04:51 | INFO    | PipelineLogger.write | CLEANUP REMOVE..........: C:\Setups\.work\wcffinanceiro\Release\bin\Xml\Movimento\NFSe\ABRASF\2.02\xmldsig-core-schema20020212.xsd
2026-09-10 12:04:51 | INFO    | PipelineLogger.write | CLEANUP REMOVE..........: C:\Setups\.work\wcffinanceiro\Release\bin\Xml\Movimento\NFSe\ABRASF\2.03\nfse_v203.xsd
2026-09-10 12:04:51 | INFO    | PipelineLogger.write | CLEANUP REMOVE..........: C:\Setups\.work\wcffinanceiro\Release\bin\Xml\Movimento\NFSe\ABRASF\2.03\xmldsig-core-schema20020212.xsd
2026-09-10 12:04:51 | INFO    | PipelineLogger.write | CLEANUP REMOVE..........: C:\Setups\.work\wcffinanceiro\Release\bin\Xml\Movimento\NFSe\ABRASF\2.04\nfse_v204.xsd
2026-09-10 12:04:52 | INFO    | PipelineLogger.write | CLEANUP REMOVE..........: C:\Setups\.work\wcffinanceiro\Release\bin\Xml\Movimento\NFSe\ABRASF\2.04\xmldsig-core-schema20020212.xsd
2026-09-10 12:04:52 | INFO    | PipelineLogger.write | CLEANUP REMOVE..........: C:\Setups\.work\wcffinanceiro\Release\bin\Xml\Movimento\NFSe\ABase\2.01\nfse.xsd
2026-09-10 12:04:52 | INFO    | PipelineLogger.write | CLEANUP REMOVE..........: C:\Setups\.work\wcffinanceiro\Release\bin\Xml\Movimento\NFSe\ABase\2.01\xmldsig-core-schema20020212.xsd
2026-09-10 12:04:52 | INFO    | PipelineLogger.write | CLEANUP REMOVE..........: C:\Setups\.work\wcffinanceiro\Release\bin\Xml\Movimento\NFSe\Abaco\1.00\nfse_v2010.xsd
2026-09-10 12:04:52 | INFO    | PipelineLogger.write | CLEANUP REMOVE..........: C:\Setups\.work\wcffinanceiro\Release\bin\Xml\Movimento\NFSe\Abaco\1.00\xmldsig-core-schema20020212.xsd
2026-09-10 12:04:52 | INFO    | PipelineLogger.write | CLEANUP REMOVE..........: C:\Setups\.work\wcffinanceiro\Release\bin\Xml\Movimento\NFSe\Abaco\1.01\nfse_v2010.xsd
2026-09-10 12:04:52 | INFO    | PipelineLogger.write | CLEANUP REMOVE..........: C:\Setups\.work\wcffinanceiro\Release\bin\Xml\Movimento\NFSe\Abaco\1.01\xmldsig-core-schema20020212.xsd
2026-09-10 12:04:52 | INFO    | PipelineLogger.write | CLEANUP REMOVE..........: C:\Setups\.work\wcffinanceiro\Release\bin\Xml\Movimento\NFSe\Abaco\2.04\nfse.xsd
2026-09-10 12:04:52 | INFO    | PipelineLogger.write | CLEANUP REMOVE..........: C:\Setups\.work\wcffinanceiro\Release\bin\Xml\Movimento\NFSe\Abaco\2.04\xmldsig-core-schema20020212.xsd
2026-09-10 12:04:52 | INFO    | PipelineLogger.write | CLEANUP REMOVE..........: C:\Setups\.work\wcffinanceiro\Release\bin\Xml\Movimento\NFe\Schemas\atuCadEmiDFe_v1.01.xsd
2026-09-10 12:04:52 | INFO    | PipelineLogger.write | CLEANUP REMOVE..........: C:\Setups\.work\wcffinanceiro\Release\bin\Xml\Movimento\NFe\Schemas\autorizacaoRetorno_v1.00.xsd
2026-09-10 12:04:52 | INFO    | PipelineLogger.write | CLEANUP REMOVE..........: C:\Setups\.work\wcffinanceiro\Release\bin\Xml\Movimento\NFe\Schemas\autorizacao_v1.00.xsd
2026-09-10 12:04:52 | INFO    | PipelineLogger.write | CLEANUP REMOVE..........: C:\Setups\.work\wcffinanceiro\Release\bin\Xml\Movimento\NFe\Schemas\Averb_v1.00.xsd
2026-09-10 12:04:53 | INFO    | PipelineLogger.write | CLEANUP REMOVE..........: C:\Setups\.work\wcffinanceiro\Release\bin\Xml\Movimento\NFe\Schemas\cabecMsg_v1.02.xsd
2026-09-10 12:04:53 | INFO    | PipelineLogger.write | CLEANUP REMOVE..........: C:\Setups\.work\wcffinanceiro\Release\bin\Xml\Movimento\NFe\Schemas\cadEmiDFe_v1.01.xsd
2026-09-10 12:04:53 | INFO    | PipelineLogger.write | CLEANUP REMOVE..........: C:\Setups\.work\wcffinanceiro\Release\bin\Xml\Movimento\NFe\Schemas\cancNFe_v2.00.xsd
2026-09-10 12:04:53 | INFO    | PipelineLogger.write | CLEANUP REMOVE..........: C:\Setups\.work\wcffinanceiro\Release\bin\Xml\Movimento\NFe\Schemas\CCe_v1.00.xsd
2026-09-10 12:04:53 | INFO    | PipelineLogger.write | CLEANUP REMOVE..........: C:\Setups\.work\wcffinanceiro\Release\bin\Xml\Movimento\NFe\Schemas\confRecebto_v1.00.xsd
2026-09-10 12:04:53 | INFO    | PipelineLogger.write | CLEANUP REMOVE..........: C:\Setups\.work\wcffinanceiro\Release\bin\Xml\Movimento\NFe\Schemas\consCad_v2.00.xsd
2026-09-10 12:04:53 | INFO    | PipelineLogger.write | CLEANUP REMOVE..........: C:\Setups\.work\wcffinanceiro\Release\bin\Xml\Movimento\NFe\Schemas\consCad_v3.10.xsd
2026-09-10 12:04:53 | INFO    | PipelineLogger.write | CLEANUP REMOVE..........: C:\Setups\.work\wcffinanceiro\Release\bin\Xml\Movimento\NFe\Schemas\consDPEC_v1.01.xsd
2026-09-10 12:04:53 | INFO    | PipelineLogger.write | CLEANUP REMOVE..........: C:\Setups\.work\wcffinanceiro\Release\bin\Xml\Movimento\NFe\Schemas\consGTIN_v1.00.xsd
2026-09-10 12:04:53 | INFO    | PipelineLogger.write | CLEANUP REMOVE..........: C:\Setups\.work\wcffinanceiro\Release\bin\Xml\Movimento\NFe\Schemas\consNFeDest_v1.01.xsd
2026-09-10 12:04:53 | INFO    | PipelineLogger.write | CLEANUP REMOVE..........: C:\Setups\.work\wcffinanceiro\Release\bin\Xml\Movimento\NFe\Schemas\consReciNFe_v2.00.xsd
2026-09-10 12:04:53 | INFO    | PipelineLogger.write | CLEANUP REMOVE..........: C:\Setups\.work\wcffinanceiro\Release\bin\Xml\Movimento\NFe\Schemas\consReciNFe_v3.10.xsd
2026-09-10 12:04:53 | INFO    | PipelineLogger.write | CLEANUP REMOVE..........: C:\Setups\.work\wcffinanceiro\Release\bin\Xml\Movimento\NFe\Schemas\consReciNFe_v4.00.xsd
2026-09-10 12:04:53 | INFO    | PipelineLogger.write | CLEANUP REMOVE..........: C:\Setups\.work\wcffinanceiro\Release\bin\Xml\Movimento\NFe\Schemas\consSitNFe_v2.00.xsd
2026-09-10 12:04:54 | INFO    | PipelineLogger.write | CLEANUP REMOVE..........: C:\Setups\.work\wcffinanceiro\Release\bin\Xml\Movimento\NFe\Schemas\consSitNFe_v2.01.xsd
2026-09-10 12:04:54 | INFO    | PipelineLogger.write | CLEANUP REMOVE..........: C:\Setups\.work\wcffinanceiro\Release\bin\Xml\Movimento\NFe\Schemas\consSitNFe_v3.10.xsd
2026-09-10 12:04:54 | INFO    | PipelineLogger.write | CLEANUP REMOVE..........: C:\Setups\.work\wcffinanceiro\Release\bin\Xml\Movimento\NFe\Schemas\consSitNFe_v4.00.xsd
2026-09-10 12:04:54 | INFO    | PipelineLogger.write | CLEANUP REMOVE..........: C:\Setups\.work\wcffinanceiro\Release\bin\Xml\Movimento\NFe\Schemas\consStatServ_v2.00.xsd
2026-09-10 12:04:54 | INFO    | PipelineLogger.write | CLEANUP REMOVE..........: C:\Setups\.work\wcffinanceiro\Release\bin\Xml\Movimento\NFe\Schemas\consStatServ_v3.10.xsd
2026-09-10 12:04:54 | INFO    | PipelineLogger.write | CLEANUP REMOVE..........: C:\Setups\.work\wcffinanceiro\Release\bin\Xml\Movimento\NFe\Schemas\consStatServ_v4.00.xsd
2026-09-10 12:04:54 | INFO    | PipelineLogger.write | CLEANUP REMOVE..........: C:\Setups\.work\wcffinanceiro\Release\bin\Xml\Movimento\NFe\Schemas\DFeTiposBasicos_v1.00.xsd
2026-09-10 12:04:54 | INFO    | PipelineLogger.write | CLEANUP REMOVE..........: C:\Setups\.work\wcffinanceiro\Release\bin\Xml\Movimento\NFe\Schemas\distDFeInt_v1.00.xsd
2026-09-10 12:04:54 | INFO    | PipelineLogger.write | CLEANUP REMOVE..........: C:\Setups\.work\wcffinanceiro\Release\bin\Xml\Movimento\NFe\Schemas\distDFeInt_v1.01.xsd
2026-09-10 12:04:54 | INFO    | PipelineLogger.write | CLEANUP REMOVE..........: C:\Setups\.work\wcffinanceiro\Release\bin\Xml\Movimento\NFe\Schemas\downloadNFe_v1.00.xsd
2026-09-10 12:04:54 | INFO    | PipelineLogger.write | CLEANUP REMOVE..........: C:\Setups\.work\wcffinanceiro\Release\bin\Xml\Movimento\NFe\Schemas\e110110_v1.00.xsd
2026-09-10 12:04:54 | INFO    | PipelineLogger.write | CLEANUP REMOVE..........: C:\Setups\.work\wcffinanceiro\Release\bin\Xml\Movimento\NFe\Schemas\e110111_v1.00.xsd
2026-09-10 12:04:54 | INFO    | PipelineLogger.write | CLEANUP REMOVE..........: C:\Setups\.work\wcffinanceiro\Release\bin\Xml\Movimento\NFe\Schemas\e110112_v1.00.xsd
2026-09-10 12:04:55 | INFO    | PipelineLogger.write | CLEANUP REMOVE..........: C:\Setups\.work\wcffinanceiro\Release\bin\Xml\Movimento\NFe\Schemas\e110130_v1.00.xsd
2026-09-10 12:04:55 | INFO    | PipelineLogger.write | CLEANUP REMOVE..........: C:\Setups\.work\wcffinanceiro\Release\bin\Xml\Movimento\NFe\Schemas\e110131_v1.00.xsd
2026-09-10 12:04:55 | INFO    | PipelineLogger.write | CLEANUP REMOVE..........: C:\Setups\.work\wcffinanceiro\Release\bin\Xml\Movimento\NFe\Schemas\e110140NFCe_v1.00.xsd
2026-09-10 12:04:55 | INFO    | PipelineLogger.write | CLEANUP REMOVE..........: C:\Setups\.work\wcffinanceiro\Release\bin\Xml\Movimento\NFe\Schemas\e110140NFe_v1.00.xsd
2026-09-10 12:04:55 | INFO    | PipelineLogger.write | CLEANUP REMOVE..........: C:\Setups\.work\wcffinanceiro\Release\bin\Xml\Movimento\NFe\Schemas\e110140_v1.00.xsd
2026-09-10 12:04:55 | INFO    | PipelineLogger.write | CLEANUP REMOVE..........: C:\Setups\.work\wcffinanceiro\Release\bin\Xml\Movimento\NFe\Schemas\e110150_v1.00.xsd
2026-09-10 12:04:56 | INFO    | PipelineLogger.write | CLEANUP REMOVE..........: C:\Setups\.work\wcffinanceiro\Release\bin\Xml\Movimento\NFe\Schemas\e110192_v1.00.xsd
2026-09-10 12:04:56 | INFO    | PipelineLogger.write | CLEANUP REMOVE..........: C:\Setups\.work\wcffinanceiro\Release\bin\Xml\Movimento\NFe\Schemas\e110193_v1.00.xsd
2026-09-10 12:04:56 | INFO    | PipelineLogger.write | CLEANUP REMOVE..........: C:\Setups\.work\wcffinanceiro\Release\bin\Xml\Movimento\NFe\Schemas\e110750_v1.00.xsd
2026-09-10 12:04:56 | INFO    | PipelineLogger.write | CLEANUP REMOVE..........: C:\Setups\.work\wcffinanceiro\Release\bin\Xml\Movimento\NFe\Schemas\e110751_v1.00.xsd
2026-09-10 12:04:56 | INFO    | PipelineLogger.write | CLEANUP REMOVE..........: C:\Setups\.work\wcffinanceiro\Release\bin\Xml\Movimento\NFe\Schemas\e111500_v1.00.xsd
2026-09-10 12:04:56 | INFO    | PipelineLogger.write | CLEANUP REMOVE..........: C:\Setups\.work\wcffinanceiro\Release\bin\Xml\Movimento\NFe\Schemas\e111501_v1.00.xsd
2026-09-10 12:04:57 | INFO    | PipelineLogger.write | CLEANUP REMOVE..........: C:\Setups\.work\wcffinanceiro\Release\bin\Xml\Movimento\NFe\Schemas\e111502_v1.00.xsd
2026-09-10 12:04:57 | INFO    | PipelineLogger.write | CLEANUP REMOVE..........: C:\Setups\.work\wcffinanceiro\Release\bin\Xml\Movimento\NFe\Schemas\e111503_v1.00.xsd
2026-09-10 12:04:57 | INFO    | PipelineLogger.write | CLEANUP REMOVE..........: C:\Setups\.work\wcffinanceiro\Release\bin\Xml\Movimento\NFe\Schemas\e210200_v1.00.xsd
2026-09-10 12:04:57 | INFO    | PipelineLogger.write | CLEANUP REMOVE..........: C:\Setups\.work\wcffinanceiro\Release\bin\Xml\Movimento\NFe\Schemas\e210210_v1.00.xsd
2026-09-10 12:04:57 | INFO    | PipelineLogger.write | CLEANUP REMOVE..........: C:\Setups\.work\wcffinanceiro\Release\bin\Xml\Movimento\NFe\Schemas\e210220_v1.00.xsd
2026-09-10 12:04:57 | INFO    | PipelineLogger.write | CLEANUP REMOVE..........: C:\Setups\.work\wcffinanceiro\Release\bin\Xml\Movimento\NFe\Schemas\e210240_v1.00.xsd
2026-09-10 12:04:57 | INFO    | PipelineLogger.write | CLEANUP REMOVE..........: C:\Setups\.work\wcffinanceiro\Release\bin\Xml\Movimento\NFe\Schemas\e411500_v1.00.xsd
2026-09-10 12:04:57 | INFO    | PipelineLogger.write | CLEANUP REMOVE..........: C:\Setups\.work\wcffinanceiro\Release\bin\Xml\Movimento\NFe\Schemas\e411501_v1.00.xsd
2026-09-10 12:04:57 | INFO    | PipelineLogger.write | CLEANUP REMOVE..........: C:\Setups\.work\wcffinanceiro\Release\bin\Xml\Movimento\NFe\Schemas\e411502_v1.00.xsd
2026-09-10 12:04:57 | INFO    | PipelineLogger.write | CLEANUP REMOVE..........: C:\Setups\.work\wcffinanceiro\Release\bin\Xml\Movimento\NFe\Schemas\e411503_v1.00.xsd
2026-09-10 12:04:57 | INFO    | PipelineLogger.write | CLEANUP REMOVE..........: C:\Setups\.work\wcffinanceiro\Release\bin\Xml\Movimento\NFe\Schemas\e610130_v1.00.xsd
2026-09-10 12:04:57 | INFO    | PipelineLogger.write | CLEANUP REMOVE..........: C:\Setups\.work\wcffinanceiro\Release\bin\Xml\Movimento\NFe\Schemas\e610131_v1.00.xsd
2026-09-10 12:04:57 | INFO    | PipelineLogger.write | CLEANUP REMOVE..........: C:\Setups\.work\wcffinanceiro\Release\bin\Xml\Movimento\NFe\Schemas\e790700_v1.00.xsd
2026-09-10 12:04:57 | INFO    | PipelineLogger.write | CLEANUP REMOVE..........: C:\Setups\.work\wcffinanceiro\Release\bin\Xml\Movimento\NFe\Schemas\e990900_v1.00.xsd
2026-09-10 12:04:58 | INFO    | PipelineLogger.write | CLEANUP REMOVE..........: C:\Setups\.work\wcffinanceiro\Release\bin\Xml\Movimento\NFe\Schemas\e990910_v1.00.xsd
2026-09-10 12:04:58 | INFO    | PipelineLogger.write | CLEANUP REMOVE..........: C:\Setups\.work\wcffinanceiro\Release\bin\Xml\Movimento\NFe\Schemas\envAverb_v1.00.xsd
2026-09-10 12:04:58 | INFO    | PipelineLogger.write | CLEANUP REMOVE..........: C:\Setups\.work\wcffinanceiro\Release\bin\Xml\Movimento\NFe\Schemas\envCancelPProrrogNFe_v1.0.xsd
2026-09-10 12:04:58 | INFO    | PipelineLogger.write | CLEANUP REMOVE..........: C:\Setups\.work\wcffinanceiro\Release\bin\Xml\Movimento\NFe\Schemas\envCCe_v1.00.xsd
2026-09-10 12:04:58 | INFO    | PipelineLogger.write | CLEANUP REMOVE..........: C:\Setups\.work\wcffinanceiro\Release\bin\Xml\Movimento\NFe\Schemas\envComprovanteEntregaNFe_v1.00.xsd
2026-09-10 12:04:58 | INFO    | PipelineLogger.write | CLEANUP REMOVE..........: C:\Setups\.work\wcffinanceiro\Release\bin\Xml\Movimento\NFe\Schemas\envConfRecebto_v1.00.xsd
2026-09-10 12:04:58 | INFO    | PipelineLogger.write | CLEANUP REMOVE..........: C:\Setups\.work\wcffinanceiro\Release\bin\Xml\Movimento\NFe\Schemas\envDPEC_v1.01.xsd
2026-09-10 12:04:58 | INFO    | PipelineLogger.write | CLEANUP REMOVE..........: C:\Setups\.work\wcffinanceiro\Release\bin\Xml\Movimento\NFe\Schemas\envEPEC_v1.00.xsd
2026-09-10 12:04:58 | INFO    | PipelineLogger.write | CLEANUP REMOVE..........: C:\Setups\.work\wcffinanceiro\Release\bin\Xml\Movimento\NFe\Schemas\envEventoAtorInteressado_v1.00.xsd
2026-09-10 12:04:58 | INFO    | PipelineLogger.write | CLEANUP REMOVE..........: C:\Setups\.work\wcffinanceiro\Release\bin\Xml\Movimento\NFe\Schemas\envEventoCancEConf_v1.00.xsd
2026-09-10 12:04:58 | INFO    | PipelineLogger.write | CLEANUP REMOVE..........: C:\Setups\.work\wcffinanceiro\Release\bin\Xml\Movimento\NFe\Schemas\envEventoCancEntregaNFe_v1.00.xsd
2026-09-10 12:04:58 | INFO    | PipelineLogger.write | CLEANUP REMOVE..........: C:\Setups\.work\wcffinanceiro\Release\bin\Xml\Movimento\NFe\Schemas\envEventoCancInsucessoNFe_v1.00.xsd
2026-09-10 12:04:58 | INFO    | PipelineLogger.write | CLEANUP REMOVE..........: C:\Setups\.work\wcffinanceiro\Release\bin\Xml\Movimento\NFe\Schemas\envEventoCancNFe_v1.00.xsd
2026-09-10 12:04:59 | INFO    | PipelineLogger.write | CLEANUP REMOVE..........: C:\Setups\.work\wcffinanceiro\Release\bin\Xml\Movimento\NFe\Schemas\envEventoCancSubst_v1.00.xsd
2026-09-10 12:04:59 | INFO    | PipelineLogger.write | CLEANUP REMOVE..........: C:\Setups\.work\wcffinanceiro\Release\bin\Xml\Movimento\NFe\Schemas\envEventoEConf_v1.00.xsd
2026-09-10 12:04:59 | INFO    | PipelineLogger.write | CLEANUP REMOVE..........: C:\Setups\.work\wcffinanceiro\Release\bin\Xml\Movimento\NFe\Schemas\envEventoEntregaNFe_v1.00.xsd
2026-09-10 12:04:59 | INFO    | PipelineLogger.write | CLEANUP REMOVE..........: C:\Setups\.work\wcffinanceiro\Release\bin\Xml\Movimento\NFe\Schemas\envEventoInsucessoNFe_v1.00.xsd
2026-09-10 12:04:59 | INFO    | PipelineLogger.write | CLEANUP REMOVE..........: C:\Setups\.work\wcffinanceiro\Release\bin\Xml\Movimento\NFe\Schemas\envEvento_v1.00.xsd
2026-09-10 12:04:59 | INFO    | PipelineLogger.write | CLEANUP REMOVE..........: C:\Setups\.work\wcffinanceiro\Release\bin\Xml\Movimento\NFe\Schemas\envFiscoNfe_v1.0.xsd
2026-09-10 12:04:59 | INFO    | PipelineLogger.write | CLEANUP REMOVE..........: C:\Setups\.work\wcffinanceiro\Release\bin\Xml\Movimento\NFe\Schemas\enviNFe_v2.00.xsd
2026-09-10 12:04:59 | INFO    | PipelineLogger.write | CLEANUP REMOVE..........: C:\Setups\.work\wcffinanceiro\Release\bin\Xml\Movimento\NFe\Schemas\enviNFe_v3.10.xsd
2026-09-10 12:04:59 | INFO    | PipelineLogger.write | CLEANUP REMOVE..........: C:\Setups\.work\wcffinanceiro\Release\bin\Xml\Movimento\NFe\Schemas\enviNFe_v4.00.xsd
2026-09-10 12:04:59 | INFO    | PipelineLogger.write | CLEANUP REMOVE..........: C:\Setups\.work\wcffinanceiro\Release\bin\Xml\Movimento\NFe\Schemas\envPProrrogNFe_v1.0.xsd
2026-09-10 12:04:59 | INFO    | PipelineLogger.write | CLEANUP REMOVE..........: C:\Setups\.work\wcffinanceiro\Release\bin\Xml\Movimento\NFe\Schemas\envRemIndus_v1.00.xsd
2026-09-10 12:04:59 | INFO    | PipelineLogger.write | CLEANUP REMOVE..........: C:\Setups\.work\wcffinanceiro\Release\bin\Xml\Movimento\NFe\Schemas\envSuframaInternaliza_v1.00.xsd
2026-09-10 12:04:59 | INFO    | PipelineLogger.write | CLEANUP REMOVE..........: C:\Setups\.work\wcffinanceiro\Release\bin\Xml\Movimento\NFe\Schemas\envSuframaVistoria_v1.00.xsd
2026-09-10 12:05:00 | INFO    | PipelineLogger.write | CLEANUP REMOVE..........: C:\Setups\.work\wcffinanceiro\Release\bin\Xml\Movimento\NFe\Schemas\EPEC_v1.00.xsd
2026-09-10 12:05:00 | INFO    | PipelineLogger.write | CLEANUP REMOVE..........: C:\Setups\.work\wcffinanceiro\Release\bin\Xml\Movimento\NFe\Schemas\eventoAtorInteressado_v1.00.xsd
2026-09-10 12:05:00 | INFO    | PipelineLogger.write | CLEANUP REMOVE..........: C:\Setups\.work\wcffinanceiro\Release\bin\Xml\Movimento\NFe\Schemas\EventoCancEConf_v1.00.xsd
2026-09-10 12:05:00 | INFO    | PipelineLogger.write | CLEANUP REMOVE..........: C:\Setups\.work\wcffinanceiro\Release\bin\Xml\Movimento\NFe\Schemas\eventoCancEntregaNFe_v1.00.xsd
2026-09-10 12:05:00 | INFO    | PipelineLogger.write | CLEANUP REMOVE..........: C:\Setups\.work\wcffinanceiro\Release\bin\Xml\Movimento\NFe\Schemas\EventoCancInsucessoNFe_v1.00.xsd
2026-09-10 12:05:00 | INFO    | PipelineLogger.write | CLEANUP REMOVE..........: C:\Setups\.work\wcffinanceiro\Release\bin\Xml\Movimento\NFe\Schemas\eventoCancNFe_v1.00.xsd
2026-09-10 12:05:00 | INFO    | PipelineLogger.write | CLEANUP REMOVE..........: C:\Setups\.work\wcffinanceiro\Release\bin\Xml\Movimento\NFe\Schemas\eventoCancSubst_v1.00.xsd
2026-09-10 12:05:01 | INFO    | PipelineLogger.write | CLEANUP REMOVE..........: C:\Setups\.work\wcffinanceiro\Release\bin\Xml\Movimento\NFe\Schemas\EventoEConf_v1.00.xsd
2026-09-10 12:05:02 | INFO    | PipelineLogger.write | CLEANUP REMOVE..........: C:\Setups\.work\wcffinanceiro\Release\bin\Xml\Movimento\NFe\Schemas\eventoEntregaNFe_v1.00.xsd
2026-09-10 12:05:02 | INFO    | PipelineLogger.write | CLEANUP REMOVE..........: C:\Setups\.work\wcffinanceiro\Release\bin\Xml\Movimento\NFe\Schemas\eventoEPEC_v0.01.xsd
2026-09-10 12:05:02 | INFO    | PipelineLogger.write | CLEANUP REMOVE..........: C:\Setups\.work\wcffinanceiro\Release\bin\Xml\Movimento\NFe\Schemas\eventoEPEC_v1.00.xsd
2026-09-10 12:05:02 | INFO    | PipelineLogger.write | CLEANUP REMOVE..........: C:\Setups\.work\wcffinanceiro\Release\bin\Xml\Movimento\NFe\Schemas\EventoInsucessoNFe_v1.00.xsd
2026-09-10 12:05:02 | INFO    | PipelineLogger.write | CLEANUP REMOVE..........: C:\Setups\.work\wcffinanceiro\Release\bin\Xml\Movimento\NFe\Schemas\eventoRemIndus_v1.00.xsd
2026-09-10 12:05:02 | INFO    | PipelineLogger.write | CLEANUP REMOVE..........: C:\Setups\.work\wcffinanceiro\Release\bin\Xml\Movimento\NFe\Schemas\inutNFe_v2.00.xsd
2026-09-10 12:05:02 | INFO    | PipelineLogger.write | CLEANUP REMOVE..........: C:\Setups\.work\wcffinanceiro\Release\bin\Xml\Movimento\NFe\Schemas\inutNFe_v3.10.xsd
2026-09-10 12:05:02 | INFO    | PipelineLogger.write | CLEANUP REMOVE..........: C:\Setups\.work\wcffinanceiro\Release\bin\Xml\Movimento\NFe\Schemas\inutNFe_v4.00.xsd
2026-09-10 12:05:02 | INFO    | PipelineLogger.write | CLEANUP REMOVE..........: C:\Setups\.work\wcffinanceiro\Release\bin\Xml\Movimento\NFe\Schemas\leiauteAverb_v1.00.xsd
2026-09-10 12:05:02 | INFO    | PipelineLogger.write | CLEANUP REMOVE..........: C:\Setups\.work\wcffinanceiro\Release\bin\Xml\Movimento\NFe\Schemas\LeiauteCadastroEmissorDFe_v1.01.xsd
2026-09-10 12:05:03 | INFO    | PipelineLogger.write | CLEANUP REMOVE..........: C:\Setups\.work\wcffinanceiro\Release\bin\Xml\Movimento\NFe\Schemas\leiauteCancNFe_v2.00.xsd
2026-09-10 12:05:03 | INFO    | PipelineLogger.write | CLEANUP REMOVE..........: C:\Setups\.work\wcffinanceiro\Release\bin\Xml\Movimento\NFe\Schemas\leiauteCCe_v1.00.xsd
2026-09-10 12:05:04 | INFO    | PipelineLogger.write | CLEANUP REMOVE..........: C:\Setups\.work\wcffinanceiro\Release\bin\Xml\Movimento\NFe\Schemas\leiauteCcgConsGTIN_v1.00.xsd
2026-09-10 12:05:04 | INFO    | PipelineLogger.write | CLEANUP REMOVE..........: C:\Setups\.work\wcffinanceiro\Release\bin\Xml\Movimento\NFe\Schemas\leiauteComprovanteEntregaNFe_v1.00.xsd
2026-09-10 12:05:04 | INFO    | PipelineLogger.write | CLEANUP REMOVE..........: C:\Setups\.work\wcffinanceiro\Release\bin\Xml\Movimento\NFe\Schemas\leiauteConfRecebto_v1.00.xsd
2026-09-10 12:05:04 | INFO    | PipelineLogger.write | CLEANUP REMOVE..........: C:\Setups\.work\wcffinanceiro\Release\bin\Xml\Movimento\NFe\Schemas\leiauteConsNFeDest_v1.01.xsd
2026-09-10 12:05:04 | INFO    | PipelineLogger.write | CLEANUP REMOVE..........: C:\Setups\.work\wcffinanceiro\Release\bin\Xml\Movimento\NFe\Schemas\leiauteConsSitNFe_v2.01.xsd
2026-09-10 12:05:04 | INFO    | PipelineLogger.write | CLEANUP REMOVE..........: C:\Setups\.work\wcffinanceiro\Release\bin\Xml\Movimento\NFe\Schemas\leiauteConsSitNFe_v3.10.xsd
2026-09-10 12:05:04 | INFO    | PipelineLogger.write | CLEANUP REMOVE..........: C:\Setups\.work\wcffinanceiro\Release\bin\Xml\Movimento\NFe\Schemas\leiauteConsSitNFe_v4.00.xsd
2026-09-10 12:05:04 | INFO    | PipelineLogger.write | CLEANUP REMOVE..........: C:\Setups\.work\wcffinanceiro\Release\bin\Xml\Movimento\NFe\Schemas\leiauteConsStatServ_v2.00.xsd
2026-09-10 12:05:04 | INFO    | PipelineLogger.write | CLEANUP REMOVE..........: C:\Setups\.work\wcffinanceiro\Release\bin\Xml\Movimento\NFe\Schemas\leiauteConsStatServ_v3.10.xsd
2026-09-10 12:05:04 | INFO    | PipelineLogger.write | CLEANUP REMOVE..........: C:\Setups\.work\wcffinanceiro\Release\bin\Xml\Movimento\NFe\Schemas\leiauteConsStatServ_v4.00.xsd
2026-09-10 12:05:04 | INFO    | PipelineLogger.write | CLEANUP REMOVE..........: C:\Setups\.work\wcffinanceiro\Release\bin\Xml\Movimento\NFe\Schemas\leiauteConsultaCadastro_v1.01.xsd
2026-09-10 12:05:04 | INFO    | PipelineLogger.write | CLEANUP REMOVE..........: C:\Setups\.work\wcffinanceiro\Release\bin\Xml\Movimento\NFe\Schemas\leiauteConsultaCadastro_v2.00.xsd
2026-09-10 12:05:04 | INFO    | PipelineLogger.write | CLEANUP REMOVE..........: C:\Setups\.work\wcffinanceiro\Release\bin\Xml\Movimento\NFe\Schemas\leiauteConsultaCadastro_v3.10.xsd
2026-09-10 12:05:05 | INFO    | PipelineLogger.write | CLEANUP REMOVE..........: C:\Setups\.work\wcffinanceiro\Release\bin\Xml\Movimento\NFe\Schemas\leiauteDownloadNFe_v1.00.xsd
2026-09-10 12:05:05 | INFO    | PipelineLogger.write | CLEANUP REMOVE..........: C:\Setups\.work\wcffinanceiro\Release\bin\Xml\Movimento\NFe\Schemas\leiauteDPEC_v1.01.xsd
2026-09-10 12:05:05 | INFO    | PipelineLogger.write | CLEANUP REMOVE..........: C:\Setups\.work\wcffinanceiro\Release\bin\Xml\Movimento\NFe\Schemas\leiauteEPEC_v1.00.xsd
2026-09-10 12:05:05 | INFO    | PipelineLogger.write | CLEANUP REMOVE..........: C:\Setups\.work\wcffinanceiro\Release\bin\Xml\Movimento\NFe\Schemas\leiauteEventoAtorInteressado_v1.00.xsd
2026-09-10 12:05:05 | INFO    | PipelineLogger.write | CLEANUP REMOVE..........: C:\Setups\.work\wcffinanceiro\Release\bin\Xml\Movimento\NFe\Schemas\leiauteEventoCancEConf_v1.00.xsd
2026-09-10 12:05:05 | INFO    | PipelineLogger.write | CLEANUP REMOVE..........: C:\Setups\.work\wcffinanceiro\Release\bin\Xml\Movimento\NFe\Schemas\leiauteEventoCancEntregaNFe_v1.00.xsd
2026-09-10 12:05:06 | INFO    | PipelineLogger.write | CLEANUP REMOVE..........: C:\Setups\.work\wcffinanceiro\Release\bin\Xml\Movimento\NFe\Schemas\leiauteEventoCancInsucessoNFe_v1.00.xsd
2026-09-10 12:05:06 | INFO    | PipelineLogger.write | CLEANUP REMOVE..........: C:\Setups\.work\wcffinanceiro\Release\bin\Xml\Movimento\NFe\Schemas\leiauteEventoCancNFe_v1.00.xsd
2026-09-10 12:05:06 | INFO    | PipelineLogger.write | CLEANUP REMOVE..........: C:\Setups\.work\wcffinanceiro\Release\bin\Xml\Movimento\NFe\Schemas\leiauteEventoCancSubst_v1.00.xsd
2026-09-10 12:05:06 | INFO    | PipelineLogger.write | CLEANUP REMOVE..........: C:\Setups\.work\wcffinanceiro\Release\bin\Xml\Movimento\NFe\Schemas\leiauteEventoEConf_v1.00.xsd
2026-09-10 12:05:06 | INFO    | PipelineLogger.write | CLEANUP REMOVE..........: C:\Setups\.work\wcffinanceiro\Release\bin\Xml\Movimento\NFe\Schemas\leiauteEventoEntregaNFe_v1.00.xsd
2026-09-10 12:05:06 | INFO    | PipelineLogger.write | CLEANUP REMOVE..........: C:\Setups\.work\wcffinanceiro\Release\bin\Xml\Movimento\NFe\Schemas\leiauteEventoInsucessoNFe_v1.00.xsd
2026-09-10 12:05:06 | INFO    | PipelineLogger.write | CLEANUP REMOVE..........: C:\Setups\.work\wcffinanceiro\Release\bin\Xml\Movimento\NFe\Schemas\leiauteEvento_v1.00.xsd
2026-09-10 12:05:06 | INFO    | PipelineLogger.write | CLEANUP REMOVE..........: C:\Setups\.work\wcffinanceiro\Release\bin\Xml\Movimento\NFe\Schemas\leiauteInutNFe_v2.00.xsd
2026-09-10 12:05:06 | INFO    | PipelineLogger.write | CLEANUP REMOVE..........: C:\Setups\.work\wcffinanceiro\Release\bin\Xml\Movimento\NFe\Schemas\leiauteInutNFe_v3.10.xsd
2026-09-10 12:05:06 | INFO    | PipelineLogger.write | CLEANUP REMOVE..........: C:\Setups\.work\wcffinanceiro\Release\bin\Xml\Movimento\NFe\Schemas\leiauteInutNFe_v4.00.xsd
2026-09-10 12:05:06 | INFO    | PipelineLogger.write | CLEANUP REMOVE..........: C:\Setups\.work\wcffinanceiro\Release\bin\Xml\Movimento\NFe\Schemas\leiauteLivroCombustivel_v1.00.xsd
2026-09-10 12:05:06 | INFO    | PipelineLogger.write | CLEANUP REMOVE..........: C:\Setups\.work\wcffinanceiro\Release\bin\Xml\Movimento\NFe\Schemas\leiauteLMCAutorizacaoRetorno_v1.00.xsd
2026-09-10 12:05:06 | INFO    | PipelineLogger.write | CLEANUP REMOVE..........: C:\Setups\.work\wcffinanceiro\Release\bin\Xml\Movimento\NFe\Schemas\leiauteLMCAutorizacao_v1.00.xsd
2026-09-10 12:05:07 | INFO    | PipelineLogger.write | CLEANUP REMOVE..........: C:\Setups\.work\wcffinanceiro\Release\bin\Xml\Movimento\NFe\Schemas\leiauteLMCStatusServico_v1.00.xsd
2026-09-10 12:05:07 | INFO    | PipelineLogger.write | CLEANUP REMOVE..........: C:\Setups\.work\wcffinanceiro\Release\bin\Xml\Movimento\NFe\Schemas\leiauteNFe_v2.00.xsd
2026-09-10 12:05:07 | INFO    | PipelineLogger.write | CLEANUP REMOVE..........: C:\Setups\.work\wcffinanceiro\Release\bin\Xml\Movimento\NFe\Schemas\leiauteNFe_v3.10.xsd
2026-09-10 12:05:07 | INFO    | PipelineLogger.write | CLEANUP REMOVE..........: C:\Setups\.work\wcffinanceiro\Release\bin\Xml\Movimento\NFe\Schemas\leiauteNFe_v4.00.xsd
2026-09-10 12:05:07 | INFO    | PipelineLogger.write | CLEANUP REMOVE..........: C:\Setups\.work\wcffinanceiro\Release\bin\Xml\Movimento\NFe\Schemas\leiauteNFe_v4.00_Homologacao.xsd
2026-09-10 12:05:07 | INFO    | PipelineLogger.write | CLEANUP REMOVE..........: C:\Setups\.work\wcffinanceiro\Release\bin\Xml\Movimento\NFe\Schemas\leiauteProtLivroCombustivel_v1.00.xsd
2026-09-10 12:05:08 | INFO    | PipelineLogger.write | CLEANUP REMOVE..........: C:\Setups\.work\wcffinanceiro\Release\bin\Xml\Movimento\NFe\Schemas\leiauteRemIndus_v1.00.xsd
2026-09-10 12:05:08 | INFO    | PipelineLogger.write | CLEANUP REMOVE..........: C:\Setups\.work\wcffinanceiro\Release\bin\Xml\Movimento\NFe\Schemas\leiauteSRE_v1.00.xsd
2026-09-10 12:05:08 | INFO    | PipelineLogger.write | CLEANUP REMOVE..........: C:\Setups\.work\wcffinanceiro\Release\bin\Xml\Movimento\NFe\Schemas\leiauteSuframaInternaliza_v1.00.xsd
2026-09-10 12:05:09 | INFO    | PipelineLogger.write | CLEANUP REMOVE..........: C:\Setups\.work\wcffinanceiro\Release\bin\Xml\Movimento\NFe\Schemas\leiauteSuframaVistoria_v1.00.xsd
2026-09-10 12:05:09 | INFO    | PipelineLogger.write | CLEANUP REMOVE..........: C:\Setups\.work\wcffinanceiro\Release\bin\Xml\Movimento\NFe\Schemas\livroCombustivel_v1.00.xsd
2026-09-10 12:05:09 | INFO    | PipelineLogger.write | CLEANUP REMOVE..........: C:\Setups\.work\wcffinanceiro\Release\bin\Xml\Movimento\NFe\Schemas\lmcComum_v1.00.xsd
2026-09-10 12:05:09 | INFO    | PipelineLogger.write | CLEANUP REMOVE..........: C:\Setups\.work\wcffinanceiro\Release\bin\Xml\Movimento\NFe\Schemas\nfe_v2.00.xsd
2026-09-10 12:05:09 | INFO    | PipelineLogger.write | CLEANUP REMOVE..........: C:\Setups\.work\wcffinanceiro\Release\bin\Xml\Movimento\NFe\Schemas\nfe_v3.10.xsd
2026-09-10 12:05:09 | INFO    | PipelineLogger.write | CLEANUP REMOVE..........: C:\Setups\.work\wcffinanceiro\Release\bin\Xml\Movimento\NFe\Schemas\nfe_v4.00.xsd
2026-09-10 12:05:09 | INFO    | PipelineLogger.write | CLEANUP REMOVE..........: C:\Setups\.work\wcffinanceiro\Release\bin\Xml\Movimento\NFe\Schemas\procAverbNFe_v1.00.xsd
2026-09-10 12:05:09 | INFO    | PipelineLogger.write | CLEANUP REMOVE..........: C:\Setups\.work\wcffinanceiro\Release\bin\Xml\Movimento\NFe\Schemas\procCancNFe_v2.00.xsd
2026-09-10 12:05:09 | INFO    | PipelineLogger.write | CLEANUP REMOVE..........: C:\Setups\.work\wcffinanceiro\Release\bin\Xml\Movimento\NFe\Schemas\procCCeNFe_v1.00.xsd
2026-09-10 12:05:09 | INFO    | PipelineLogger.write | CLEANUP REMOVE..........: C:\Setups\.work\wcffinanceiro\Release\bin\Xml\Movimento\NFe\Schemas\procComprovanteEntregaNFe_v1.00.xsd
2026-09-10 12:05:10 | INFO    | PipelineLogger.write | CLEANUP REMOVE..........: C:\Setups\.work\wcffinanceiro\Release\bin\Xml\Movimento\NFe\Schemas\procConfRecebtoNFe_v1.00.xsd
2026-09-10 12:05:10 | INFO    | PipelineLogger.write | CLEANUP REMOVE..........: C:\Setups\.work\wcffinanceiro\Release\bin\Xml\Movimento\NFe\Schemas\procEPEC_v1.00.xsd
2026-09-10 12:05:10 | INFO    | PipelineLogger.write | CLEANUP REMOVE..........: C:\Setups\.work\wcffinanceiro\Release\bin\Xml\Movimento\NFe\Schemas\procEventoAtorInteressado_v1.00.xsd
2026-09-10 12:05:10 | INFO    | PipelineLogger.write | CLEANUP REMOVE..........: C:\Setups\.work\wcffinanceiro\Release\bin\Xml\Movimento\NFe\Schemas\procEventoCancEConf_v1.00.xsd
2026-09-10 12:05:10 | INFO    | PipelineLogger.write | CLEANUP REMOVE..........: C:\Setups\.work\wcffinanceiro\Release\bin\Xml\Movimento\NFe\Schemas\procEventoCancEntregaNFe_v1.00.xsd
2026-09-10 12:05:10 | INFO    | PipelineLogger.write | CLEANUP REMOVE..........: C:\Setups\.work\wcffinanceiro\Release\bin\Xml\Movimento\NFe\Schemas\procEventoCancInsucessoNFe_v1.00.xsd
2026-09-10 12:05:10 | INFO    | PipelineLogger.write | CLEANUP REMOVE..........: C:\Setups\.work\wcffinanceiro\Release\bin\Xml\Movimento\NFe\Schemas\procEventoCancNFe_v1.00.xsd
2026-09-10 12:05:10 | INFO    | PipelineLogger.write | CLEANUP REMOVE..........: C:\Setups\.work\wcffinanceiro\Release\bin\Xml\Movimento\NFe\Schemas\procEventoCancSubst_v1.00.xsd
2026-09-10 12:05:10 | INFO    | PipelineLogger.write | CLEANUP REMOVE..........: C:\Setups\.work\wcffinanceiro\Release\bin\Xml\Movimento\NFe\Schemas\procEventoEConf_v1.00.xsd
2026-09-10 12:05:10 | INFO    | PipelineLogger.write | CLEANUP REMOVE..........: C:\Setups\.work\wcffinanceiro\Release\bin\Xml\Movimento\NFe\Schemas\procEventoEntregaNFe_v1.00.xsd
2026-09-10 12:05:11 | INFO    | PipelineLogger.write | CLEANUP REMOVE..........: C:\Setups\.work\wcffinanceiro\Release\bin\Xml\Movimento\NFe\Schemas\procEventoInsucessoNFe_v1.00.xsd
2026-09-10 12:05:11 | INFO    | PipelineLogger.write | CLEANUP REMOVE..........: C:\Setups\.work\wcffinanceiro\Release\bin\Xml\Movimento\NFe\Schemas\procEventoNFe_v1.00.xsd
2026-09-10 12:05:11 | INFO    | PipelineLogger.write | CLEANUP REMOVE..........: C:\Setups\.work\wcffinanceiro\Release\bin\Xml\Movimento\NFe\Schemas\procEventoNFe_v99.99.xsd
2026-09-10 12:05:11 | INFO    | PipelineLogger.write | CLEANUP REMOVE..........: C:\Setups\.work\wcffinanceiro\Release\bin\Xml\Movimento\NFe\Schemas\procInutNFe_v2.00.xsd
2026-09-10 12:05:11 | INFO    | PipelineLogger.write | CLEANUP REMOVE..........: C:\Setups\.work\wcffinanceiro\Release\bin\Xml\Movimento\NFe\Schemas\procInutNFe_v3.10.xsd
2026-09-10 12:05:11 | INFO    | PipelineLogger.write | CLEANUP REMOVE..........: C:\Setups\.work\wcffinanceiro\Release\bin\Xml\Movimento\NFe\Schemas\procInutNFe_v4.00.xsd
2026-09-10 12:05:11 | INFO    | PipelineLogger.write | CLEANUP REMOVE..........: C:\Setups\.work\wcffinanceiro\Release\bin\Xml\Movimento\NFe\Schemas\procNFe_v2.00.xsd
2026-09-10 12:05:11 | INFO    | PipelineLogger.write | CLEANUP REMOVE..........: C:\Setups\.work\wcffinanceiro\Release\bin\Xml\Movimento\NFe\Schemas\procNFe_v3.10.xsd
2026-09-10 12:05:11 | INFO    | PipelineLogger.write | CLEANUP REMOVE..........: C:\Setups\.work\wcffinanceiro\Release\bin\Xml\Movimento\NFe\Schemas\procNFe_v4.00.xsd
2026-09-10 12:05:11 | INFO    | PipelineLogger.write | CLEANUP REMOVE..........: C:\Setups\.work\wcffinanceiro\Release\bin\Xml\Movimento\NFe\Schemas\procRemIndus_v1.00.xsd
2026-09-10 12:05:11 | INFO    | PipelineLogger.write | CLEANUP REMOVE..........: C:\Setups\.work\wcffinanceiro\Release\bin\Xml\Movimento\NFe\Schemas\prod_leiauteNFe_v4.00.xsd
2026-09-10 12:05:11 | INFO    | PipelineLogger.write | CLEANUP REMOVE..........: C:\Setups\.work\wcffinanceiro\Release\bin\Xml\Movimento\NFe\Schemas\resEvento_v1.00.xsd
2026-09-10 12:05:12 | INFO    | PipelineLogger.write | CLEANUP REMOVE..........: C:\Setups\.work\wcffinanceiro\Release\bin\Xml\Movimento\NFe\Schemas\resEvento_v1.01.xsd
2026-09-10 12:05:12 | INFO    | PipelineLogger.write | CLEANUP REMOVE..........: C:\Setups\.work\wcffinanceiro\Release\bin\Xml\Movimento\NFe\Schemas\resNFe_v1.00.xsd
2026-09-10 12:05:12 | INFO    | PipelineLogger.write | CLEANUP REMOVE..........: C:\Setups\.work\wcffinanceiro\Release\bin\Xml\Movimento\NFe\Schemas\resNFe_v1.01.xsd
2026-09-10 12:05:12 | INFO    | PipelineLogger.write | CLEANUP REMOVE..........: C:\Setups\.work\wcffinanceiro\Release\bin\Xml\Movimento\NFe\Schemas\retAtuCadEmiDFe_v1.01.xsd
2026-09-10 12:05:12 | INFO    | PipelineLogger.write | CLEANUP REMOVE..........: C:\Setups\.work\wcffinanceiro\Release\bin\Xml\Movimento\NFe\Schemas\retCancNFe_v2.00.xsd
2026-09-10 12:05:12 | INFO    | PipelineLogger.write | CLEANUP REMOVE..........: C:\Setups\.work\wcffinanceiro\Release\bin\Xml\Movimento\NFe\Schemas\retComprovanteEntregaNFe_v1.00.xsd
2026-09-10 12:05:13 | INFO    | PipelineLogger.write | CLEANUP REMOVE..........: C:\Setups\.work\wcffinanceiro\Release\bin\Xml\Movimento\NFe\Schemas\retConsCad_v2.00.xsd
2026-09-10 12:05:13 | INFO    | PipelineLogger.write | CLEANUP REMOVE..........: C:\Setups\.work\wcffinanceiro\Release\bin\Xml\Movimento\NFe\Schemas\retConsDPEC_v1.01.xsd
2026-09-10 12:05:13 | INFO    | PipelineLogger.write | CLEANUP REMOVE..........: C:\Setups\.work\wcffinanceiro\Release\bin\Xml\Movimento\NFe\Schemas\retConsGTIN_v1.00.xsd
2026-09-10 12:05:13 | INFO    | PipelineLogger.write | CLEANUP REMOVE..........: C:\Setups\.work\wcffinanceiro\Release\bin\Xml\Movimento\NFe\Schemas\retconsNFeDest_v1.01.xsd
2026-09-10 12:05:13 | INFO    | PipelineLogger.write | CLEANUP REMOVE..........: C:\Setups\.work\wcffinanceiro\Release\bin\Xml\Movimento\NFe\Schemas\retConsReciNFe_v2.00.xsd
2026-09-10 12:05:13 | INFO    | PipelineLogger.write | CLEANUP REMOVE..........: C:\Setups\.work\wcffinanceiro\Release\bin\Xml\Movimento\NFe\Schemas\retConsReciNFe_v3.10.xsd
2026-09-10 12:05:13 | INFO    | PipelineLogger.write | CLEANUP REMOVE..........: C:\Setups\.work\wcffinanceiro\Release\bin\Xml\Movimento\NFe\Schemas\retConsReciNFe_v4.00.xsd
2026-09-10 12:05:13 | INFO    | PipelineLogger.write | CLEANUP REMOVE..........: C:\Setups\.work\wcffinanceiro\Release\bin\Xml\Movimento\NFe\Schemas\retConsSitNFe_v2.01.xsd
2026-09-10 12:05:13 | INFO    | PipelineLogger.write | CLEANUP REMOVE..........: C:\Setups\.work\wcffinanceiro\Release\bin\Xml\Movimento\NFe\Schemas\retConsSitNFe_v3.10.xsd
2026-09-10 12:05:14 | INFO    | PipelineLogger.write | CLEANUP REMOVE..........: C:\Setups\.work\wcffinanceiro\Release\bin\Xml\Movimento\NFe\Schemas\retConsSitNFe_v4.00.xsd
2026-09-10 12:05:14 | INFO    | PipelineLogger.write | CLEANUP REMOVE..........: C:\Setups\.work\wcffinanceiro\Release\bin\Xml\Movimento\NFe\Schemas\retConsStatServ_v2.00.xsd
2026-09-10 12:05:14 | INFO    | PipelineLogger.write | CLEANUP REMOVE..........: C:\Setups\.work\wcffinanceiro\Release\bin\Xml\Movimento\NFe\Schemas\retConsStatServ_v3.10.xsd
2026-09-10 12:05:14 | INFO    | PipelineLogger.write | CLEANUP REMOVE..........: C:\Setups\.work\wcffinanceiro\Release\bin\Xml\Movimento\NFe\Schemas\retConsStatServ_v4.00.xsd
2026-09-10 12:05:14 | INFO    | PipelineLogger.write | CLEANUP REMOVE..........: C:\Setups\.work\wcffinanceiro\Release\bin\Xml\Movimento\NFe\Schemas\retDistDFeInt_v1.00.xsd
2026-09-10 12:05:14 | INFO    | PipelineLogger.write | CLEANUP REMOVE..........: C:\Setups\.work\wcffinanceiro\Release\bin\Xml\Movimento\NFe\Schemas\retDistDFeInt_v1.01.xsd
2026-09-10 12:05:15 | INFO    | PipelineLogger.write | CLEANUP REMOVE..........: C:\Setups\.work\wcffinanceiro\Release\bin\Xml\Movimento\NFe\Schemas\retDownloadNFe_v1.00.xsd
2026-09-10 12:05:15 | INFO    | PipelineLogger.write | CLEANUP REMOVE..........: C:\Setups\.work\wcffinanceiro\Release\bin\Xml\Movimento\NFe\Schemas\retDPEC_v1.01.xsd
2026-09-10 12:05:15 | INFO    | PipelineLogger.write | CLEANUP REMOVE..........: C:\Setups\.work\wcffinanceiro\Release\bin\Xml\Movimento\NFe\Schemas\retEnvAverb_v1.00.xsd
2026-09-10 12:05:16 | INFO    | PipelineLogger.write | CLEANUP REMOVE..........: C:\Setups\.work\wcffinanceiro\Release\bin\Xml\Movimento\NFe\Schemas\retEnvCancelPProrrogNFe_v1.0.xsd
2026-09-10 12:05:16 | INFO    | PipelineLogger.write | CLEANUP REMOVE..........: C:\Setups\.work\wcffinanceiro\Release\bin\Xml\Movimento\NFe\Schemas\retEnvCCe_v1.00.xsd
2026-09-10 12:05:16 | INFO    | PipelineLogger.write | CLEANUP REMOVE..........: C:\Setups\.work\wcffinanceiro\Release\bin\Xml\Movimento\NFe\Schemas\retEnvConfRecebto_v1.00.xsd
2026-09-10 12:05:16 | INFO    | PipelineLogger.write | CLEANUP REMOVE..........: C:\Setups\.work\wcffinanceiro\Release\bin\Xml\Movimento\NFe\Schemas\retEnvEPEC_v1.00.xsd
2026-09-10 12:05:16 | INFO    | PipelineLogger.write | CLEANUP REMOVE..........: C:\Setups\.work\wcffinanceiro\Release\bin\Xml\Movimento\NFe\Schemas\retEnvEventoAtorInteressado_v1.00.xsd
2026-09-10 12:05:16 | INFO    | PipelineLogger.write | CLEANUP REMOVE..........: C:\Setups\.work\wcffinanceiro\Release\bin\Xml\Movimento\NFe\Schemas\retEnvEventoCancNFe_v1.00.xsd
2026-09-10 12:05:16 | INFO    | PipelineLogger.write | CLEANUP REMOVE..........: C:\Setups\.work\wcffinanceiro\Release\bin\Xml\Movimento\NFe\Schemas\retEnvEventoCancSubst_v1.00.xsd
2026-09-10 12:05:16 | INFO    | PipelineLogger.write | CLEANUP REMOVE..........: C:\Setups\.work\wcffinanceiro\Release\bin\Xml\Movimento\NFe\Schemas\retEnvEvento_v1.00.xsd
2026-09-10 12:05:16 | INFO    | PipelineLogger.write | CLEANUP REMOVE..........: C:\Setups\.work\wcffinanceiro\Release\bin\Xml\Movimento\NFe\Schemas\retEnvFiscoNFe_v1.0.xsd
2026-09-10 12:05:17 | INFO    | PipelineLogger.write | CLEANUP REMOVE..........: C:\Setups\.work\wcffinanceiro\Release\bin\Xml\Movimento\NFe\Schemas\retEnviNFe_v2.00.xsd
2026-09-10 12:05:18 | INFO    | PipelineLogger.write | CLEANUP REMOVE..........: C:\Setups\.work\wcffinanceiro\Release\bin\Xml\Movimento\NFe\Schemas\retEnviNFe_v3.10.xsd
2026-09-10 12:05:18 | INFO    | PipelineLogger.write | CLEANUP REMOVE..........: C:\Setups\.work\wcffinanceiro\Release\bin\Xml\Movimento\NFe\Schemas\retEnviNFe_v4.00.xsd
2026-09-10 12:05:18 | INFO    | PipelineLogger.write | CLEANUP REMOVE..........: C:\Setups\.work\wcffinanceiro\Release\bin\Xml\Movimento\NFe\Schemas\retEnvRemIndus_v1.00.xsd
2026-09-10 12:05:19 | INFO    | PipelineLogger.write | CLEANUP REMOVE..........: C:\Setups\.work\wcffinanceiro\Release\bin\Xml\Movimento\NFe\Schemas\retEnvSuframaInternaliza_v1.00.xsd
2026-09-10 12:05:19 | INFO    | PipelineLogger.write | CLEANUP REMOVE..........: C:\Setups\.work\wcffinanceiro\Release\bin\Xml\Movimento\NFe\Schemas\retEnvSuframaVistoria_v1.00.xsd
2026-09-10 12:05:19 | INFO    | PipelineLogger.write | CLEANUP REMOVE..........: C:\Setups\.work\wcffinanceiro\Release\bin\Xml\Movimento\NFe\Schemas\retEventoCancEConf_v1.00.xsd
2026-09-10 12:05:19 | INFO    | PipelineLogger.write | CLEANUP REMOVE..........: C:\Setups\.work\wcffinanceiro\Release\bin\Xml\Movimento\NFe\Schemas\retEventoCancEntregaNFe_v1.00.xsd
2026-09-10 12:05:19 | INFO    | PipelineLogger.write | CLEANUP REMOVE..........: C:\Setups\.work\wcffinanceiro\Release\bin\Xml\Movimento\NFe\Schemas\retEventoCancInsucessoNFe_v1.00.xsd
2026-09-10 12:05:19 | INFO    | PipelineLogger.write | CLEANUP REMOVE..........: C:\Setups\.work\wcffinanceiro\Release\bin\Xml\Movimento\NFe\Schemas\retEventoEConf_v1.00.xsd
2026-09-10 12:05:19 | INFO    | PipelineLogger.write | CLEANUP REMOVE..........: C:\Setups\.work\wcffinanceiro\Release\bin\Xml\Movimento\NFe\Schemas\retEventoEntregaNFe_v1.00.xsd
2026-09-10 12:05:19 | INFO    | PipelineLogger.write | CLEANUP REMOVE..........: C:\Setups\.work\wcffinanceiro\Release\bin\Xml\Movimento\NFe\Schemas\retEventoEPEC_v0.01.xsd
2026-09-10 12:05:19 | INFO    | PipelineLogger.write | CLEANUP REMOVE..........: C:\Setups\.work\wcffinanceiro\Release\bin\Xml\Movimento\NFe\Schemas\retEventoInsucessoNFe_v1.00.xsd
2026-09-10 12:05:20 | INFO    | PipelineLogger.write | CLEANUP REMOVE..........: C:\Setups\.work\wcffinanceiro\Release\bin\Xml\Movimento\NFe\Schemas\retInutNFe_v2.00.xsd
2026-09-10 12:05:20 | INFO    | PipelineLogger.write | CLEANUP REMOVE..........: C:\Setups\.work\wcffinanceiro\Release\bin\Xml\Movimento\NFe\Schemas\retInutNFe_v3.10.xsd
2026-09-10 12:05:20 | INFO    | PipelineLogger.write | CLEANUP REMOVE..........: C:\Setups\.work\wcffinanceiro\Release\bin\Xml\Movimento\NFe\Schemas\retInutNFe_v4.00.xsd
2026-09-10 12:05:20 | INFO    | PipelineLogger.write | CLEANUP REMOVE..........: C:\Setups\.work\wcffinanceiro\Release\bin\Xml\Movimento\NFe\Schemas\retPProrrogNFe_v1.0.xsd
2026-09-10 12:05:20 | INFO    | PipelineLogger.write | CLEANUP REMOVE..........: C:\Setups\.work\wcffinanceiro\Release\bin\Xml\Movimento\NFe\Schemas\statusServico_v1.00.xsd
2026-09-10 12:05:20 | INFO    | PipelineLogger.write | CLEANUP REMOVE..........: C:\Setups\.work\wcffinanceiro\Release\bin\Xml\Movimento\NFe\Schemas\SuframaInternaliza_v1.00.xsd
2026-09-10 12:05:20 | INFO    | PipelineLogger.write | CLEANUP REMOVE..........: C:\Setups\.work\wcffinanceiro\Release\bin\Xml\Movimento\NFe\Schemas\SuframaVistoria_v1.00.xsd
2026-09-10 12:05:20 | INFO    | PipelineLogger.write | CLEANUP REMOVE..........: C:\Setups\.work\wcffinanceiro\Release\bin\Xml\Movimento\NFe\Schemas\tiposBasicosCcgConsGTIN_v1.00.xsd
2026-09-10 12:05:21 | INFO    | PipelineLogger.write | CLEANUP REMOVE..........: C:\Setups\.work\wcffinanceiro\Release\bin\Xml\Movimento\NFe\Schemas\tiposBasico_v1.00.xsd
2026-09-10 12:05:21 | INFO    | PipelineLogger.write | CLEANUP REMOVE..........: C:\Setups\.work\wcffinanceiro\Release\bin\Xml\Movimento\NFe\Schemas\tiposBasico_v1.03.xsd
2026-09-10 12:05:21 | INFO    | PipelineLogger.write | CLEANUP REMOVE..........: C:\Setups\.work\wcffinanceiro\Release\bin\Xml\Movimento\NFe\Schemas\tiposBasico_v1.03_OPENSSL.xsd
2026-09-10 12:05:21 | INFO    | PipelineLogger.write | CLEANUP REMOVE..........: C:\Setups\.work\wcffinanceiro\Release\bin\Xml\Movimento\NFe\Schemas\tiposBasico_v3.10.xsd
2026-09-10 12:05:21 | INFO    | PipelineLogger.write | CLEANUP REMOVE..........: C:\Setups\.work\wcffinanceiro\Release\bin\Xml\Movimento\NFe\Schemas\tiposBasico_v3.10_OPENSSL.xsd
2026-09-10 12:05:21 | INFO    | PipelineLogger.write | CLEANUP REMOVE..........: C:\Setups\.work\wcffinanceiro\Release\bin\Xml\Movimento\NFe\Schemas\tiposBasico_v4.00.xsd
2026-09-10 12:05:21 | INFO    | PipelineLogger.write | CLEANUP REMOVE..........: C:\Setups\.work\wcffinanceiro\Release\bin\Xml\Movimento\NFe\Schemas\tiposDistDFe_v1.00.xsd
2026-09-10 12:05:21 | INFO    | PipelineLogger.write | CLEANUP REMOVE..........: C:\Setups\.work\wcffinanceiro\Release\bin\Xml\Movimento\NFe\Schemas\tiposDistDFe_v1.01.xsd
2026-09-10 12:05:21 | INFO    | PipelineLogger.write | CLEANUP REMOVE..........: C:\Setups\.work\wcffinanceiro\Release\bin\Xml\Movimento\NFe\Schemas\xmldsig-core-schema_v1.01.xsd
2026-09-10 12:05:21 | INFO    | PipelineLogger.write | CLEANUP REMOVE..........: C:\Setups\.work\wcffinanceiro\Release\bin\Xml\Movimento\Cte\Schemas\2.00\cancCTeTiposBasico_v2.00.xsd
2026-09-10 12:05:21 | INFO    | PipelineLogger.write | CLEANUP REMOVE..........: C:\Setups\.work\wcffinanceiro\Release\bin\Xml\Movimento\Cte\Schemas\2.00\consReciCTeTiposBasico_v2.00.xsd
2026-09-10 12:05:21 | INFO    | PipelineLogger.write | CLEANUP REMOVE..........: C:\Setups\.work\wcffinanceiro\Release\bin\Xml\Movimento\Cte\Schemas\2.00\consReciCTe_v2.00.xsd
2026-09-10 12:05:22 | INFO    | PipelineLogger.write | CLEANUP REMOVE..........: C:\Setups\.work\wcffinanceiro\Release\bin\Xml\Movimento\Cte\Schemas\2.00\consSitCTeTiposBasico_v2.00.xsd
2026-09-10 12:05:22 | INFO    | PipelineLogger.write | CLEANUP REMOVE..........: C:\Setups\.work\wcffinanceiro\Release\bin\Xml\Movimento\Cte\Schemas\2.00\consSitCTe_v2.00.xsd
2026-09-10 12:05:22 | INFO    | PipelineLogger.write | CLEANUP REMOVE..........: C:\Setups\.work\wcffinanceiro\Release\bin\Xml\Movimento\Cte\Schemas\2.00\consStatServCTe_v2.00.xsd
2026-09-10 12:05:22 | INFO    | PipelineLogger.write | CLEANUP REMOVE..........: C:\Setups\.work\wcffinanceiro\Release\bin\Xml\Movimento\Cte\Schemas\2.00\consStatServTiposBasico_v2.00.xsd
2026-09-10 12:05:22 | INFO    | PipelineLogger.write | CLEANUP REMOVE..........: C:\Setups\.work\wcffinanceiro\Release\bin\Xml\Movimento\Cte\Schemas\2.00\cteModalAereo_v2.00.xsd
2026-09-10 12:05:22 | INFO    | PipelineLogger.write | CLEANUP REMOVE..........: C:\Setups\.work\wcffinanceiro\Release\bin\Xml\Movimento\Cte\Schemas\2.00\cteModalAquaviario_v2.00.xsd
2026-09-10 12:05:22 | INFO    | PipelineLogger.write | CLEANUP REMOVE..........: C:\Setups\.work\wcffinanceiro\Release\bin\Xml\Movimento\Cte\Schemas\2.00\cteModalDutoviario_v2.00.xsd
2026-09-10 12:05:23 | INFO    | PipelineLogger.write | CLEANUP REMOVE..........: C:\Setups\.work\wcffinanceiro\Release\bin\Xml\Movimento\Cte\Schemas\2.00\cteModalFerroviario_v2.00.xsd
2026-09-10 12:05:23 | INFO    | PipelineLogger.write | CLEANUP REMOVE..........: C:\Setups\.work\wcffinanceiro\Release\bin\Xml\Movimento\Cte\Schemas\2.00\cteModalRodoviario_v2.00.xsd
2026-09-10 12:05:23 | INFO    | PipelineLogger.write | CLEANUP REMOVE..........: C:\Setups\.work\wcffinanceiro\Release\bin\Xml\Movimento\Cte\Schemas\2.00\cteMultiModal_v2.00.xsd
2026-09-10 12:05:23 | INFO    | PipelineLogger.write | CLEANUP REMOVE..........: C:\Setups\.work\wcffinanceiro\Release\bin\Xml\Movimento\Cte\Schemas\2.00\cteTiposBasico_v2.00.xsd
2026-09-10 12:05:24 | INFO    | PipelineLogger.write | CLEANUP REMOVE..........: C:\Setups\.work\wcffinanceiro\Release\bin\Xml\Movimento\Cte\Schemas\2.00\cte_v2.00.xsd
2026-09-10 12:05:24 | INFO    | PipelineLogger.write | CLEANUP REMOVE..........: C:\Setups\.work\wcffinanceiro\Release\bin\Xml\Movimento\Cte\Schemas\2.00\enviCTe_v2.00.xsd
2026-09-10 12:05:24 | INFO    | PipelineLogger.write | CLEANUP REMOVE..........: C:\Setups\.work\wcffinanceiro\Release\bin\Xml\Movimento\Cte\Schemas\2.00\evCancCTe_v2.00.xsd
2026-09-10 12:05:24 | INFO    | PipelineLogger.write | CLEANUP REMOVE..........: C:\Setups\.work\wcffinanceiro\Release\bin\Xml\Movimento\Cte\Schemas\2.00\evCCeCTe_v2.00.xsd
2026-09-10 12:05:24 | INFO    | PipelineLogger.write | CLEANUP REMOVE..........: C:\Setups\.work\wcffinanceiro\Release\bin\Xml\Movimento\Cte\Schemas\2.00\eventoCTeTiposBasico_v2.00.xsd
2026-09-10 12:05:24 | INFO    | PipelineLogger.write | CLEANUP REMOVE..........: C:\Setups\.work\wcffinanceiro\Release\bin\Xml\Movimento\Cte\Schemas\2.00\eventoCTe_v2.00.xsd
2026-09-10 12:05:25 | INFO    | PipelineLogger.write | CLEANUP REMOVE..........: C:\Setups\.work\wcffinanceiro\Release\bin\Xml\Movimento\Cte\Schemas\2.00\evEPECCTe_v2.00.xsd
2026-09-10 12:05:25 | INFO    | PipelineLogger.write | CLEANUP REMOVE..........: C:\Setups\.work\wcffinanceiro\Release\bin\Xml\Movimento\Cte\Schemas\2.00\evRegMultimodal_v2.00.xsd
2026-09-10 12:05:25 | INFO    | PipelineLogger.write | CLEANUP REMOVE..........: C:\Setups\.work\wcffinanceiro\Release\bin\Xml\Movimento\Cte\Schemas\2.00\inutCTeTiposBasico_v2.00.xsd
2026-09-10 12:05:25 | INFO    | PipelineLogger.write | CLEANUP REMOVE..........: C:\Setups\.work\wcffinanceiro\Release\bin\Xml\Movimento\Cte\Schemas\2.00\inutCTe_v2.00.xsd
2026-09-10 12:05:26 | INFO    | PipelineLogger.write | CLEANUP REMOVE..........: C:\Setups\.work\wcffinanceiro\Release\bin\Xml\Movimento\Cte\Schemas\2.00\procCTe_v2.00.xsd
2026-09-10 12:05:26 | INFO    | PipelineLogger.write | CLEANUP REMOVE..........: C:\Setups\.work\wcffinanceiro\Release\bin\Xml\Movimento\Cte\Schemas\2.00\procEventoCTe_v2.00.xsd
2026-09-10 12:05:26 | INFO    | PipelineLogger.write | CLEANUP REMOVE..........: C:\Setups\.work\wcffinanceiro\Release\bin\Xml\Movimento\Cte\Schemas\2.00\procInutCTe_v2.00.xsd
2026-09-10 12:05:26 | INFO    | PipelineLogger.write | CLEANUP REMOVE..........: C:\Setups\.work\wcffinanceiro\Release\bin\Xml\Movimento\Cte\Schemas\2.00\retConsReciCTe_v2.00.xsd
2026-09-10 12:05:26 | INFO    | PipelineLogger.write | CLEANUP REMOVE..........: C:\Setups\.work\wcffinanceiro\Release\bin\Xml\Movimento\Cte\Schemas\2.00\retConsSitCTe_v2.00.xsd
2026-09-10 12:05:26 | INFO    | PipelineLogger.write | CLEANUP REMOVE..........: C:\Setups\.work\wcffinanceiro\Release\bin\Xml\Movimento\Cte\Schemas\2.00\retConsStatServCTe_v2.00.xsd
2026-09-10 12:05:27 | INFO    | PipelineLogger.write | CLEANUP REMOVE..........: C:\Setups\.work\wcffinanceiro\Release\bin\Xml\Movimento\Cte\Schemas\2.00\retEnviCTe_v2.00.xsd
2026-09-10 12:05:27 | INFO    | PipelineLogger.write | CLEANUP REMOVE..........: C:\Setups\.work\wcffinanceiro\Release\bin\Xml\Movimento\Cte\Schemas\2.00\retEventoCTe_v2.00.xsd
2026-09-10 12:05:27 | INFO    | PipelineLogger.write | CLEANUP REMOVE..........: C:\Setups\.work\wcffinanceiro\Release\bin\Xml\Movimento\Cte\Schemas\2.00\retInutCTe_v2.00.xsd
2026-09-10 12:05:27 | INFO    | PipelineLogger.write | CLEANUP REMOVE..........: C:\Setups\.work\wcffinanceiro\Release\bin\Xml\Movimento\Cte\Schemas\2.00\tiposGeralCTe_v2.00.xsd
2026-09-10 12:05:27 | INFO    | PipelineLogger.write | CLEANUP REMOVE..........: C:\Setups\.work\wcffinanceiro\Release\bin\Xml\Movimento\Cte\Schemas\2.00\xmldsig-core-schema_v1.01.xsd
2026-09-10 12:05:27 | INFO    | PipelineLogger.write | CLEANUP REMOVE..........: C:\Setups\.work\wcffinanceiro\Release\bin\Xml\Movimento\Cte\Schemas\3.00\consReciCTeTiposBasico_v3.00.xsd
2026-09-10 12:05:27 | INFO    | PipelineLogger.write | CLEANUP REMOVE..........: C:\Setups\.work\wcffinanceiro\Release\bin\Xml\Movimento\Cte\Schemas\3.00\consReciCTe_v3.00.xsd
2026-09-10 12:05:27 | INFO    | PipelineLogger.write | CLEANUP REMOVE..........: C:\Setups\.work\wcffinanceiro\Release\bin\Xml\Movimento\Cte\Schemas\3.00\consSitCTeTiposBasico_v3.00.xsd
2026-09-10 12:05:28 | INFO    | PipelineLogger.write | CLEANUP REMOVE..........: C:\Setups\.work\wcffinanceiro\Release\bin\Xml\Movimento\Cte\Schemas\3.00\consSitCTe_v3.00.xsd
2026-09-10 12:05:28 | INFO    | PipelineLogger.write | CLEANUP REMOVE..........: C:\Setups\.work\wcffinanceiro\Release\bin\Xml\Movimento\Cte\Schemas\3.00\consStatServCTe_v3.00.xsd
2026-09-10 12:05:28 | INFO    | PipelineLogger.write | CLEANUP REMOVE..........: C:\Setups\.work\wcffinanceiro\Release\bin\Xml\Movimento\Cte\Schemas\3.00\consStatServTiposBasico_v3.00.xsd
2026-09-10 12:05:28 | INFO    | PipelineLogger.write | CLEANUP REMOVE..........: C:\Setups\.work\wcffinanceiro\Release\bin\Xml\Movimento\Cte\Schemas\3.00\cteModalAereo_v3.00.xsd
2026-09-10 12:05:28 | INFO    | PipelineLogger.write | CLEANUP REMOVE..........: C:\Setups\.work\wcffinanceiro\Release\bin\Xml\Movimento\Cte\Schemas\3.00\cteModalAquaviario_v3.00.xsd
2026-09-10 12:05:28 | INFO    | PipelineLogger.write | CLEANUP REMOVE..........: C:\Setups\.work\wcffinanceiro\Release\bin\Xml\Movimento\Cte\Schemas\3.00\cteModalDutoviario_v3.00.xsd
2026-09-10 12:05:28 | INFO    | PipelineLogger.write | CLEANUP REMOVE..........: C:\Setups\.work\wcffinanceiro\Release\bin\Xml\Movimento\Cte\Schemas\3.00\cteModalFerroviario_v3.00.xsd
2026-09-10 12:05:29 | INFO    | PipelineLogger.write | CLEANUP REMOVE..........: C:\Setups\.work\wcffinanceiro\Release\bin\Xml\Movimento\Cte\Schemas\3.00\cteModalRodoviarioOS_v3.00.xsd
2026-09-10 12:05:29 | INFO    | PipelineLogger.write | CLEANUP REMOVE..........: C:\Setups\.work\wcffinanceiro\Release\bin\Xml\Movimento\Cte\Schemas\3.00\cteModalRodoviario_v3.00.xsd
2026-09-10 12:05:29 | INFO    | PipelineLogger.write | CLEANUP REMOVE..........: C:\Setups\.work\wcffinanceiro\Release\bin\Xml\Movimento\Cte\Schemas\3.00\cteMultiModal_v3.00.xsd
2026-09-10 12:05:29 | INFO    | PipelineLogger.write | CLEANUP REMOVE..........: C:\Setups\.work\wcffinanceiro\Release\bin\Xml\Movimento\Cte\Schemas\3.00\cteOS_v3.00.xsd
2026-09-10 12:05:29 | INFO    | PipelineLogger.write | CLEANUP REMOVE..........: C:\Setups\.work\wcffinanceiro\Release\bin\Xml\Movimento\Cte\Schemas\3.00\cteTiposBasico_v3.00.xsd
2026-09-10 12:05:29 | INFO    | PipelineLogger.write | CLEANUP REMOVE..........: C:\Setups\.work\wcffinanceiro\Release\bin\Xml\Movimento\Cte\Schemas\3.00\cte_v3.00.xsd
2026-09-10 12:05:29 | INFO    | PipelineLogger.write | CLEANUP REMOVE..........: C:\Setups\.work\wcffinanceiro\Release\bin\Xml\Movimento\Cte\Schemas\3.00\enviCTe_v3.00.xsd
2026-09-10 12:05:30 | INFO    | PipelineLogger.write | CLEANUP REMOVE..........: C:\Setups\.work\wcffinanceiro\Release\bin\Xml\Movimento\Cte\Schemas\3.00\evCancCECTe_v3.00.xsd
2026-09-10 12:05:30 | INFO    | PipelineLogger.write | CLEANUP REMOVE..........: C:\Setups\.work\wcffinanceiro\Release\bin\Xml\Movimento\Cte\Schemas\3.00\evCancCTe_v3.00.xsd
2026-09-10 12:05:30 | INFO    | PipelineLogger.write | CLEANUP REMOVE..........: C:\Setups\.work\wcffinanceiro\Release\bin\Xml\Movimento\Cte\Schemas\3.00\evCCeCTe_v3.00.xsd
2026-09-10 12:05:31 | INFO    | PipelineLogger.write | CLEANUP REMOVE..........: C:\Setups\.work\wcffinanceiro\Release\bin\Xml\Movimento\Cte\Schemas\3.00\evCECTe_v3.00.xsd
2026-09-10 12:05:31 | INFO    | PipelineLogger.write | CLEANUP REMOVE..........: C:\Setups\.work\wcffinanceiro\Release\bin\Xml\Movimento\Cte\Schemas\3.00\eventoCTeTiposBasico_v3.00.xsd
2026-09-10 12:05:31 | INFO    | PipelineLogger.write | CLEANUP REMOVE..........: C:\Setups\.work\wcffinanceiro\Release\bin\Xml\Movimento\Cte\Schemas\3.00\eventoCTe_v3.00.xsd
2026-09-10 12:05:31 | INFO    | PipelineLogger.write | CLEANUP REMOVE..........: C:\Setups\.work\wcffinanceiro\Release\bin\Xml\Movimento\Cte\Schemas\3.00\evEPECCTe_v3.00.xsd
2026-09-10 12:05:31 | INFO    | PipelineLogger.write | CLEANUP REMOVE..........: C:\Setups\.work\wcffinanceiro\Release\bin\Xml\Movimento\Cte\Schemas\3.00\evGTV_v3.00.xsd
2026-09-10 12:05:31 | INFO    | PipelineLogger.write | CLEANUP REMOVE..........: C:\Setups\.work\wcffinanceiro\Release\bin\Xml\Movimento\Cte\Schemas\3.00\evPrestDesacordo_v3.00.xsd
2026-09-10 12:05:31 | INFO    | PipelineLogger.write | CLEANUP REMOVE..........: C:\Setups\.work\wcffinanceiro\Release\bin\Xml\Movimento\Cte\Schemas\3.00\evRegMultimodal_v3.00.xsd
2026-09-10 12:05:31 | INFO    | PipelineLogger.write | CLEANUP REMOVE..........: C:\Setups\.work\wcffinanceiro\Release\bin\Xml\Movimento\Cte\Schemas\3.00\GTVe_v3.00.xsd
2026-09-10 12:05:31 | INFO    | PipelineLogger.write | CLEANUP REMOVE..........: C:\Setups\.work\wcffinanceiro\Release\bin\Xml\Movimento\Cte\Schemas\3.00\inutCTeTiposBasico_v3.00.xsd
2026-09-10 12:05:31 | INFO    | PipelineLogger.write | CLEANUP REMOVE..........: C:\Setups\.work\wcffinanceiro\Release\bin\Xml\Movimento\Cte\Schemas\3.00\inutCTe_v3.00.xsd
2026-09-10 12:05:31 | INFO    | PipelineLogger.write | CLEANUP REMOVE..........: C:\Setups\.work\wcffinanceiro\Release\bin\Xml\Movimento\Cte\Schemas\3.00\procCTeOS_v3.00.xsd
2026-09-10 12:05:31 | INFO    | PipelineLogger.write | CLEANUP REMOVE..........: C:\Setups\.work\wcffinanceiro\Release\bin\Xml\Movimento\Cte\Schemas\3.00\procCTe_v3.00.xsd
2026-09-10 12:05:31 | INFO    | PipelineLogger.write | CLEANUP REMOVE..........: C:\Setups\.work\wcffinanceiro\Release\bin\Xml\Movimento\Cte\Schemas\3.00\procEventoCTe_v3.00.xsd
2026-09-10 12:05:31 | INFO    | PipelineLogger.write | CLEANUP REMOVE..........: C:\Setups\.work\wcffinanceiro\Release\bin\Xml\Movimento\Cte\Schemas\3.00\procGTVe_v3.00.xsd
2026-09-10 12:05:32 | INFO    | PipelineLogger.write | CLEANUP REMOVE..........: C:\Setups\.work\wcffinanceiro\Release\bin\Xml\Movimento\Cte\Schemas\3.00\procInutCTe_v3.00.xsd
2026-09-10 12:05:32 | INFO    | PipelineLogger.write | CLEANUP REMOVE..........: C:\Setups\.work\wcffinanceiro\Release\bin\Xml\Movimento\Cte\Schemas\3.00\retConsReciCTe_v3.00.xsd
2026-09-10 12:05:32 | INFO    | PipelineLogger.write | CLEANUP REMOVE..........: C:\Setups\.work\wcffinanceiro\Release\bin\Xml\Movimento\Cte\Schemas\3.00\retConsSitCTe_v3.00.xsd
2026-09-10 12:05:32 | INFO    | PipelineLogger.write | CLEANUP REMOVE..........: C:\Setups\.work\wcffinanceiro\Release\bin\Xml\Movimento\Cte\Schemas\3.00\retConsStatServCTe_v3.00.xsd
2026-09-10 12:05:32 | INFO    | PipelineLogger.write | CLEANUP REMOVE..........: C:\Setups\.work\wcffinanceiro\Release\bin\Xml\Movimento\Cte\Schemas\3.00\retCTeOS_v3.00.xsd
2026-09-10 12:05:32 | INFO    | PipelineLogger.write | CLEANUP REMOVE..........: C:\Setups\.work\wcffinanceiro\Release\bin\Xml\Movimento\Cte\Schemas\3.00\retCTe_v3.00.xsd
2026-09-10 12:05:32 | INFO    | PipelineLogger.write | CLEANUP REMOVE..........: C:\Setups\.work\wcffinanceiro\Release\bin\Xml\Movimento\Cte\Schemas\3.00\retEnviCTe_v3.00.xsd
2026-09-10 12:05:32 | INFO    | PipelineLogger.write | CLEANUP REMOVE..........: C:\Setups\.work\wcffinanceiro\Release\bin\Xml\Movimento\Cte\Schemas\3.00\retEventoCTe_v3.00.xsd
2026-09-10 12:05:32 | INFO    | PipelineLogger.write | CLEANUP REMOVE..........: C:\Setups\.work\wcffinanceiro\Release\bin\Xml\Movimento\Cte\Schemas\3.00\retGTVe_v3.00.xsd
2026-09-10 12:05:32 | INFO    | PipelineLogger.write | CLEANUP REMOVE..........: C:\Setups\.work\wcffinanceiro\Release\bin\Xml\Movimento\Cte\Schemas\3.00\retInutCTe_v3.00.xsd
2026-09-10 12:05:32 | INFO    | PipelineLogger.write | CLEANUP REMOVE..........: C:\Setups\.work\wcffinanceiro\Release\bin\Xml\Movimento\Cte\Schemas\3.00\tiposGeralCTe_v3.00.xsd
2026-09-10 12:05:32 | INFO    | PipelineLogger.write | CLEANUP REMOVE..........: C:\Setups\.work\wcffinanceiro\Release\bin\Xml\Movimento\Cte\Schemas\3.00\xmldsig-core-schema_v1.01.xsd
2026-09-10 12:05:32 | INFO    | PipelineLogger.write | CLEANUP REMOVE..........: C:\Setups\.work\wcffinanceiro\Release\bin\Xml\Movimento\Cte\Schemas\4.00\consSitCTeTiposBasico_v4.00.xsd
2026-09-10 12:05:32 | INFO    | PipelineLogger.write | CLEANUP REMOVE..........: C:\Setups\.work\wcffinanceiro\Release\bin\Xml\Movimento\Cte\Schemas\4.00\consSitCTe_v4.00.xsd
2026-09-10 12:05:33 | INFO    | PipelineLogger.write | CLEANUP REMOVE..........: C:\Setups\.work\wcffinanceiro\Release\bin\Xml\Movimento\Cte\Schemas\4.00\consStatServCTe_v4.00.xsd
2026-09-10 12:05:33 | INFO    | PipelineLogger.write | CLEANUP REMOVE..........: C:\Setups\.work\wcffinanceiro\Release\bin\Xml\Movimento\Cte\Schemas\4.00\consStatServTiposBasico_v4.00.xsd
2026-09-10 12:05:33 | INFO    | PipelineLogger.write | CLEANUP REMOVE..........: C:\Setups\.work\wcffinanceiro\Release\bin\Xml\Movimento\Cte\Schemas\4.00\cteModalAereo_v4.00.xsd
2026-09-10 12:05:33 | INFO    | PipelineLogger.write | CLEANUP REMOVE..........: C:\Setups\.work\wcffinanceiro\Release\bin\Xml\Movimento\Cte\Schemas\4.00\cteModalAquaviario_v4.00.xsd
2026-09-10 12:05:33 | INFO    | PipelineLogger.write | CLEANUP REMOVE..........: C:\Setups\.work\wcffinanceiro\Release\bin\Xml\Movimento\Cte\Schemas\4.00\cteModalDutoviario_v4.00.xsd
2026-09-10 12:05:33 | INFO    | PipelineLogger.write | CLEANUP REMOVE..........: C:\Setups\.work\wcffinanceiro\Release\bin\Xml\Movimento\Cte\Schemas\4.00\cteModalFerroviario_v4.00.xsd
2026-09-10 12:05:33 | INFO    | PipelineLogger.write | CLEANUP REMOVE..........: C:\Setups\.work\wcffinanceiro\Release\bin\Xml\Movimento\Cte\Schemas\4.00\cteModalRodoviarioOS_v4.00.xsd
2026-09-10 12:05:33 | INFO    | PipelineLogger.write | CLEANUP REMOVE..........: C:\Setups\.work\wcffinanceiro\Release\bin\Xml\Movimento\Cte\Schemas\4.00\cteModalRodoviario_v4.00.xsd
2026-09-10 12:05:33 | INFO    | PipelineLogger.write | CLEANUP REMOVE..........: C:\Setups\.work\wcffinanceiro\Release\bin\Xml\Movimento\Cte\Schemas\4.00\cteMultiModal_v4.00.xsd
2026-09-10 12:05:33 | INFO    | PipelineLogger.write | CLEANUP REMOVE..........: C:\Setups\.work\wcffinanceiro\Release\bin\Xml\Movimento\Cte\Schemas\4.00\cteOS_v4.00.xsd
2026-09-10 12:05:33 | INFO    | PipelineLogger.write | CLEANUP REMOVE..........: C:\Setups\.work\wcffinanceiro\Release\bin\Xml\Movimento\Cte\Schemas\4.00\cteTiposBasico_v4.00.xsd
2026-09-10 12:05:33 | INFO    | PipelineLogger.write | CLEANUP REMOVE..........: C:\Setups\.work\wcffinanceiro\Release\bin\Xml\Movimento\Cte\Schemas\4.00\cte_v4.00.xsd
2026-09-10 12:05:33 | INFO    | PipelineLogger.write | CLEANUP REMOVE..........: C:\Setups\.work\wcffinanceiro\Release\bin\Xml\Movimento\Cte\Schemas\4.00\evCancCECTe_v4.00.xsd
2026-09-10 12:05:34 | INFO    | PipelineLogger.write | CLEANUP REMOVE..........: C:\Setups\.work\wcffinanceiro\Release\bin\Xml\Movimento\Cte\Schemas\4.00\evCancCTe_v4.00.xsd
2026-09-10 12:05:34 | INFO    | PipelineLogger.write | CLEANUP REMOVE..........: C:\Setups\.work\wcffinanceiro\Release\bin\Xml\Movimento\Cte\Schemas\4.00\evCancIECTe_v4.00.xsd
2026-09-10 12:05:34 | INFO    | PipelineLogger.write | CLEANUP REMOVE..........: C:\Setups\.work\wcffinanceiro\Release\bin\Xml\Movimento\Cte\Schemas\4.00\evCancPrestDesacordo_v4.00.xsd
2026-09-10 12:05:34 | INFO    | PipelineLogger.write | CLEANUP REMOVE..........: C:\Setups\.work\wcffinanceiro\Release\bin\Xml\Movimento\Cte\Schemas\4.00\evCCeCTe_v4.00.xsd
2026-09-10 12:05:34 | INFO    | PipelineLogger.write | CLEANUP REMOVE..........: C:\Setups\.work\wcffinanceiro\Release\bin\Xml\Movimento\Cte\Schemas\4.00\evCECTe_v4.00.xsd
2026-09-10 12:05:34 | INFO    | PipelineLogger.write | CLEANUP REMOVE..........: C:\Setups\.work\wcffinanceiro\Release\bin\Xml\Movimento\Cte\Schemas\4.00\eventoCTeTiposBasico_v4.00.xsd
2026-09-10 12:05:35 | INFO    | PipelineLogger.write | CLEANUP REMOVE..........: C:\Setups\.work\wcffinanceiro\Release\bin\Xml\Movimento\Cte\Schemas\4.00\eventoCTe_v4.00.xsd
2026-09-10 12:05:35 | INFO    | PipelineLogger.write | CLEANUP REMOVE..........: C:\Setups\.work\wcffinanceiro\Release\bin\Xml\Movimento\Cte\Schemas\4.00\evEPECCTe_v4.00.xsd
2026-09-10 12:05:35 | INFO    | PipelineLogger.write | CLEANUP REMOVE..........: C:\Setups\.work\wcffinanceiro\Release\bin\Xml\Movimento\Cte\Schemas\4.00\evGTV_v4.00.xsd
2026-09-10 12:05:35 | INFO    | PipelineLogger.write | CLEANUP REMOVE..........: C:\Setups\.work\wcffinanceiro\Release\bin\Xml\Movimento\Cte\Schemas\4.00\evIECTe_v4.00.xsd
2026-09-10 12:05:35 | INFO    | PipelineLogger.write | CLEANUP REMOVE..........: C:\Setups\.work\wcffinanceiro\Release\bin\Xml\Movimento\Cte\Schemas\4.00\evPrestDesacordo_v4.00.xsd
2026-09-10 12:05:35 | INFO    | PipelineLogger.write | CLEANUP REMOVE..........: C:\Setups\.work\wcffinanceiro\Release\bin\Xml\Movimento\Cte\Schemas\4.00\evRegMultimodal_v4.00.xsd
2026-09-10 12:05:35 | INFO    | PipelineLogger.write | CLEANUP REMOVE..........: C:\Setups\.work\wcffinanceiro\Release\bin\Xml\Movimento\Cte\Schemas\4.00\GTVe_v4.00.xsd
2026-09-10 12:05:35 | INFO    | PipelineLogger.write | CLEANUP REMOVE..........: C:\Setups\.work\wcffinanceiro\Release\bin\Xml\Movimento\Cte\Schemas\4.00\inutCTeTiposBasico_v4.00.xsd
2026-09-10 12:05:35 | INFO    | PipelineLogger.write | CLEANUP REMOVE..........: C:\Setups\.work\wcffinanceiro\Release\bin\Xml\Movimento\Cte\Schemas\4.00\inutCTe_v4.00.xsd
2026-09-10 12:05:35 | INFO    | PipelineLogger.write | CLEANUP REMOVE..........: C:\Setups\.work\wcffinanceiro\Release\bin\Xml\Movimento\Cte\Schemas\4.00\procCTeOS_v4.00.xsd
2026-09-10 12:05:36 | INFO    | PipelineLogger.write | CLEANUP REMOVE..........: C:\Setups\.work\wcffinanceiro\Release\bin\Xml\Movimento\Cte\Schemas\4.00\procCTe_v4.00.xsd
2026-09-10 12:05:36 | INFO    | PipelineLogger.write | CLEANUP REMOVE..........: C:\Setups\.work\wcffinanceiro\Release\bin\Xml\Movimento\Cte\Schemas\4.00\procEventoCTe_v4.00.xsd
2026-09-10 12:05:36 | INFO    | PipelineLogger.write | CLEANUP REMOVE..........: C:\Setups\.work\wcffinanceiro\Release\bin\Xml\Movimento\Cte\Schemas\4.00\procGTVe_v4.00.xsd
2026-09-10 12:05:36 | INFO    | PipelineLogger.write | CLEANUP REMOVE..........: C:\Setups\.work\wcffinanceiro\Release\bin\Xml\Movimento\Cte\Schemas\4.00\procInutCTe_v4.00.xsd
2026-09-10 12:05:36 | INFO    | PipelineLogger.write | CLEANUP REMOVE..........: C:\Setups\.work\wcffinanceiro\Release\bin\Xml\Movimento\Cte\Schemas\4.00\retConsSitCTe_v4.00.xsd
2026-09-10 12:05:36 | INFO    | PipelineLogger.write | CLEANUP REMOVE..........: C:\Setups\.work\wcffinanceiro\Release\bin\Xml\Movimento\Cte\Schemas\4.00\retConsStatServCTe_v4.00.xsd
2026-09-10 12:05:36 | INFO    | PipelineLogger.write | CLEANUP REMOVE..........: C:\Setups\.work\wcffinanceiro\Release\bin\Xml\Movimento\Cte\Schemas\4.00\retCTeOS_v4.00.xsd
2026-09-10 12:05:36 | INFO    | PipelineLogger.write | CLEANUP REMOVE..........: C:\Setups\.work\wcffinanceiro\Release\bin\Xml\Movimento\Cte\Schemas\4.00\retCTe_v4.00.xsd
2026-09-10 12:05:36 | INFO    | PipelineLogger.write | CLEANUP REMOVE..........: C:\Setups\.work\wcffinanceiro\Release\bin\Xml\Movimento\Cte\Schemas\4.00\retEventoCTe_v4.00.xsd
2026-09-10 12:05:36 | INFO    | PipelineLogger.write | CLEANUP REMOVE..........: C:\Setups\.work\wcffinanceiro\Release\bin\Xml\Movimento\Cte\Schemas\4.00\retGTVe_v4.00.xsd
2026-09-10 12:05:36 | INFO    | PipelineLogger.write | CLEANUP REMOVE..........: C:\Setups\.work\wcffinanceiro\Release\bin\Xml\Movimento\Cte\Schemas\4.00\retInutCTe_v4.00.xsd
2026-09-10 12:05:36 | INFO    | PipelineLogger.write | CLEANUP REMOVE..........: C:\Setups\.work\wcffinanceiro\Release\bin\Xml\Movimento\Cte\Schemas\4.00\tiposGeralCTe_v4.00.xsd
2026-09-10 12:05:36 | INFO    | PipelineLogger.write | CLEANUP REMOVE..........: C:\Setups\.work\wcffinanceiro\Release\bin\Xml\Movimento\Cte\Schemas\4.00\xmldsig-core-schema_v1.01.xsd
2026-09-10 12:05:36 | INFO    | PipelineLogger.write | CLEANUP PRESERVE........: C:\Setups\.work\wcffinanceiro\Release\connectionStrings.config
2026-09-10 12:05:37 | INFO    | PipelineLogger.write | CLEANUP PRESERVE........: C:\Setups\.work\wcffinanceiro\Release\custom.configuration.server.config
2026-09-10 12:05:37 | INFO    | PipelineLogger.write | CLEANUP PRESERVE........: C:\Setups\.work\wcffinanceiro\Release\Financial.svc
2026-09-10 12:05:37 | INFO    | PipelineLogger.write | CLEANUP PRESERVE........: C:\Setups\.work\wcffinanceiro\Release\packages.config
2026-09-10 12:05:37 | INFO    | PipelineLogger.write | CLEANUP PRESERVE........: C:\Setups\.work\wcffinanceiro\Release\Web.config
2026-09-10 12:05:37 | INFO    | PipelineLogger.write | CLEANUP PRESERVE........: C:\Setups\.work\wcffinanceiro\Release\bin\ADODB.dll
2026-09-10 12:05:37 | INFO    | PipelineLogger.write | CLEANUP PRESERVE........: C:\Setups\.work\wcffinanceiro\Release\bin\Aspose.HTML.dll
2026-09-10 12:05:37 | INFO    | PipelineLogger.write | CLEANUP PRESERVE........: C:\Setups\.work\wcffinanceiro\Release\bin\Aspose.Words.dll
2026-09-10 12:05:37 | INFO    | PipelineLogger.write | CLEANUP PRESERVE........: C:\Setups\.work\wcffinanceiro\Release\bin\BouncyCastle.Crypto.dll
2026-09-10 12:05:37 | INFO    | PipelineLogger.write | CLEANUP PRESERVE........: C:\Setups\.work\wcffinanceiro\Release\bin\BouncyCastle.Cryptography.dll
2026-09-10 12:05:37 | INFO    | PipelineLogger.write | CLEANUP PRESERVE........: C:\Setups\.work\wcffinanceiro\Release\bin\connectionStrings.config
2026-09-10 12:05:37 | INFO    | PipelineLogger.write | CLEANUP PRESERVE........: C:\Setups\.work\wcffinanceiro\Release\bin\Custom.Business.dll
2026-09-10 12:05:37 | INFO    | PipelineLogger.write | CLEANUP PRESERVE........: C:\Setups\.work\wcffinanceiro\Release\bin\custom.configuration.server.config
2026-09-10 12:05:37 | INFO    | PipelineLogger.write | CLEANUP PRESERVE........: C:\Setups\.work\wcffinanceiro\Release\bin\Custom.DataAccess.dll
2026-09-10 12:05:38 | INFO    | PipelineLogger.write | CLEANUP PRESERVE........: C:\Setups\.work\wcffinanceiro\Release\bin\Custom.Framework.CommonFileDialogs.dll
2026-09-10 12:05:38 | INFO    | PipelineLogger.write | CLEANUP PRESERVE........: C:\Setups\.work\wcffinanceiro\Release\bin\Custom.Framework.Data.dll
2026-09-10 12:05:38 | INFO    | PipelineLogger.write | CLEANUP PRESERVE........: C:\Setups\.work\wcffinanceiro\Release\bin\Custom.Framework.Diagnostics.dll
2026-09-10 12:05:38 | INFO    | PipelineLogger.write | CLEANUP PRESERVE........: C:\Setups\.work\wcffinanceiro\Release\bin\Custom.Framework.dll
2026-09-10 12:05:38 | INFO    | PipelineLogger.write | CLEANUP PRESERVE........: C:\Setups\.work\wcffinanceiro\Release\bin\Custom.Framework.Entities.dll
2026-09-10 12:05:38 | INFO    | PipelineLogger.write | CLEANUP PRESERVE........: C:\Setups\.work\wcffinanceiro\Release\bin\Custom.Framework.Server.dll
2026-09-10 12:05:39 | INFO    | PipelineLogger.write | CLEANUP PRESERVE........: C:\Setups\.work\wcffinanceiro\Release\bin\Custom.Framework.Services.dll
2026-09-10 12:05:39 | INFO    | PipelineLogger.write | CLEANUP PRESERVE........: C:\Setups\.work\wcffinanceiro\Release\bin\Custom.Integration.NFSe.Municipal.dll
2026-09-10 12:05:39 | INFO    | PipelineLogger.write | CLEANUP PRESERVE........: C:\Setups\.work\wcffinanceiro\Release\bin\Custom.Integration.PharmaLinkDistributors.Library.dll
2026-09-10 12:05:39 | INFO    | PipelineLogger.write | CLEANUP PRESERVE........: C:\Setups\.work\wcffinanceiro\Release\bin\Custom.OuroNet.Library.Core.Layer.AcessData.V20.dll
2026-09-10 12:05:39 | INFO    | PipelineLogger.write | CLEANUP PRESERVE........: C:\Setups\.work\wcffinanceiro\Release\bin\Custom.OuroNet.Library.Core.Layer.Exception.V20.dll
2026-09-10 12:05:39 | INFO    | PipelineLogger.write | CLEANUP PRESERVE........: C:\Setups\.work\wcffinanceiro\Release\bin\Custom.Services.dll
2026-09-10 12:05:39 | INFO    | PipelineLogger.write | CLEANUP PRESERVE........: C:\Setups\.work\wcffinanceiro\Release\bin\Custom.Utilities.Security.EncryptionCOM.dll
2026-09-10 12:05:39 | INFO    | PipelineLogger.write | CLEANUP PRESERVE........: C:\Setups\.work\wcffinanceiro\Release\bin\Custom.Utilities.Security.EncryptionNET.dll
2026-09-10 12:05:39 | INFO    | PipelineLogger.write | CLEANUP PRESERVE........: C:\Setups\.work\wcffinanceiro\Release\bin\DevExpress.Charts.v23.2.Core.dll
2026-09-10 12:05:39 | INFO    | PipelineLogger.write | CLEANUP PRESERVE........: C:\Setups\.work\wcffinanceiro\Release\bin\DevExpress.CodeParser.v23.2.dll
2026-09-10 12:05:39 | INFO    | PipelineLogger.write | CLEANUP PRESERVE........: C:\Setups\.work\wcffinanceiro\Release\bin\DevExpress.Data.Desktop.v23.2.dll
2026-09-10 12:05:39 | INFO    | PipelineLogger.write | CLEANUP PRESERVE........: C:\Setups\.work\wcffinanceiro\Release\bin\DevExpress.Data.v11.2.dll
2026-09-10 12:05:39 | INFO    | PipelineLogger.write | CLEANUP PRESERVE........: C:\Setups\.work\wcffinanceiro\Release\bin\DevExpress.Data.v23.2.dll
2026-09-10 12:05:39 | INFO    | PipelineLogger.write | CLEANUP PRESERVE........: C:\Setups\.work\wcffinanceiro\Release\bin\DevExpress.DataAccess.v23.2.dll
2026-09-10 12:05:40 | INFO    | PipelineLogger.write | CLEANUP PRESERVE........: C:\Setups\.work\wcffinanceiro\Release\bin\DevExpress.DataVisualization.v23.2.Core.dll
2026-09-10 12:05:40 | INFO    | PipelineLogger.write | CLEANUP PRESERVE........: C:\Setups\.work\wcffinanceiro\Release\bin\DevExpress.Dialogs.v23.2.Core.dll
2026-09-10 12:05:40 | INFO    | PipelineLogger.write | CLEANUP PRESERVE........: C:\Setups\.work\wcffinanceiro\Release\bin\DevExpress.Drawing.v23.2.dll
2026-09-10 12:05:40 | INFO    | PipelineLogger.write | CLEANUP PRESERVE........: C:\Setups\.work\wcffinanceiro\Release\bin\DevExpress.Office.v23.2.Core.dll
2026-09-10 12:05:40 | INFO    | PipelineLogger.write | CLEANUP PRESERVE........: C:\Setups\.work\wcffinanceiro\Release\bin\DevExpress.Pdf.v23.2.Core.dll
2026-09-10 12:05:41 | INFO    | PipelineLogger.write | CLEANUP PRESERVE........: C:\Setups\.work\wcffinanceiro\Release\bin\DevExpress.Pdf.v23.2.Drawing.dll
2026-09-10 12:05:41 | INFO    | PipelineLogger.write | CLEANUP PRESERVE........: C:\Setups\.work\wcffinanceiro\Release\bin\DevExpress.PivotGrid.v23.2.Core.dll
2026-09-10 12:05:41 | INFO    | PipelineLogger.write | CLEANUP PRESERVE........: C:\Setups\.work\wcffinanceiro\Release\bin\DevExpress.Printing.v11.2.Core.dll
2026-09-10 12:05:41 | INFO    | PipelineLogger.write | CLEANUP PRESERVE........: C:\Setups\.work\wcffinanceiro\Release\bin\DevExpress.Printing.v23.2.Core.dll
2026-09-10 12:05:41 | INFO    | PipelineLogger.write | CLEANUP PRESERVE........: C:\Setups\.work\wcffinanceiro\Release\bin\DevExpress.RichEdit.v23.2.Core.dll
2026-09-10 12:05:41 | INFO    | PipelineLogger.write | CLEANUP PRESERVE........: C:\Setups\.work\wcffinanceiro\Release\bin\DevExpress.Sparkline.v23.2.Core.dll
2026-09-10 12:05:41 | INFO    | PipelineLogger.write | CLEANUP PRESERVE........: C:\Setups\.work\wcffinanceiro\Release\bin\DevExpress.Utils.v11.2.dll
2026-09-10 12:05:42 | INFO    | PipelineLogger.write | CLEANUP PRESERVE........: C:\Setups\.work\wcffinanceiro\Release\bin\DevExpress.Utils.v23.2.dll
2026-09-10 12:05:42 | INFO    | PipelineLogger.write | CLEANUP PRESERVE........: C:\Setups\.work\wcffinanceiro\Release\bin\DevExpress.Xpo.v23.2.dll
2026-09-10 12:05:42 | INFO    | PipelineLogger.write | CLEANUP PRESERVE........: C:\Setups\.work\wcffinanceiro\Release\bin\DevExpress.XtraBars.v23.2.dll
2026-09-10 12:05:42 | INFO    | PipelineLogger.write | CLEANUP PRESERVE........: C:\Setups\.work\wcffinanceiro\Release\bin\DevExpress.XtraCharts.v23.2.dll
2026-09-10 12:05:42 | INFO    | PipelineLogger.write | CLEANUP PRESERVE........: C:\Setups\.work\wcffinanceiro\Release\bin\DevExpress.XtraDialogs.v23.2.dll
2026-09-10 12:05:42 | INFO    | PipelineLogger.write | CLEANUP PRESERVE........: C:\Setups\.work\wcffinanceiro\Release\bin\DevExpress.XtraEditors.v11.2.dll
2026-09-10 12:05:42 | INFO    | PipelineLogger.write | CLEANUP PRESERVE........: C:\Setups\.work\wcffinanceiro\Release\bin\DevExpress.XtraEditors.v23.2.dll
2026-09-10 12:05:42 | INFO    | PipelineLogger.write | CLEANUP PRESERVE........: C:\Setups\.work\wcffinanceiro\Release\bin\DevExpress.XtraGauges.v23.2.Core.dll
2026-09-10 12:05:42 | INFO    | PipelineLogger.write | CLEANUP PRESERVE........: C:\Setups\.work\wcffinanceiro\Release\bin\DevExpress.XtraGrid.v23.2.dll
2026-09-10 12:05:42 | INFO    | PipelineLogger.write | CLEANUP PRESERVE........: C:\Setups\.work\wcffinanceiro\Release\bin\DevExpress.XtraLayout.v23.2.dll
2026-09-10 12:05:42 | INFO    | PipelineLogger.write | CLEANUP PRESERVE........: C:\Setups\.work\wcffinanceiro\Release\bin\DevExpress.XtraPrinting.v23.2.dll
2026-09-10 12:05:42 | INFO    | PipelineLogger.write | CLEANUP PRESERVE........: C:\Setups\.work\wcffinanceiro\Release\bin\DevExpress.XtraReports.v23.2.dll
2026-09-10 12:05:42 | INFO    | PipelineLogger.write | CLEANUP PRESERVE........: C:\Setups\.work\wcffinanceiro\Release\bin\DevExpress.XtraTreeList.v23.2.dll
2026-09-10 12:05:42 | INFO    | PipelineLogger.write | CLEANUP PRESERVE........: C:\Setups\.work\wcffinanceiro\Release\bin\FileHelpers.dll
2026-09-10 12:05:43 | INFO    | PipelineLogger.write | CLEANUP PRESERVE........: C:\Setups\.work\wcffinanceiro\Release\bin\Framawork.DFe.Classes.dll
2026-09-10 12:05:44 | INFO    | PipelineLogger.write | CLEANUP PRESERVE........: C:\Setups\.work\wcffinanceiro\Release\bin\Framawork.DFe.Utils.dll
2026-09-10 12:05:44 | INFO    | PipelineLogger.write | CLEANUP PRESERVE........: C:\Setups\.work\wcffinanceiro\Release\bin\Framawork.DFe.Wsdl.dll
2026-09-10 12:05:44 | INFO    | PipelineLogger.write | CLEANUP PRESERVE........: C:\Setups\.work\wcffinanceiro\Release\bin\Framework.BoletoNet.dll
2026-09-10 12:05:44 | INFO    | PipelineLogger.write | CLEANUP PRESERVE........: C:\Setups\.work\wcffinanceiro\Release\bin\Framework.NFe.Classes.dll
2026-09-10 12:05:44 | INFO    | PipelineLogger.write | CLEANUP PRESERVE........: C:\Setups\.work\wcffinanceiro\Release\bin\Framework.NFe.Print.dll
2026-09-10 12:05:44 | INFO    | PipelineLogger.write | CLEANUP PRESERVE........: C:\Setups\.work\wcffinanceiro\Release\bin\Framework.NFe.Servicos.dll
2026-09-10 12:05:44 | INFO    | PipelineLogger.write | CLEANUP PRESERVE........: C:\Setups\.work\wcffinanceiro\Release\bin\Framework.NFe.Utils.dll
2026-09-10 12:05:44 | INFO    | PipelineLogger.write | CLEANUP PRESERVE........: C:\Setups\.work\wcffinanceiro\Release\bin\Framework.NFe.Wsdl.dll
2026-09-10 12:05:44 | INFO    | PipelineLogger.write | CLEANUP PRESERVE........: C:\Setups\.work\wcffinanceiro\Release\bin\MailKit.dll
2026-09-10 12:05:44 | INFO    | PipelineLogger.write | CLEANUP PRESERVE........: C:\Setups\.work\wcffinanceiro\Release\bin\Microsoft.Bcl.AsyncInterfaces.dll
2026-09-10 12:05:44 | INFO    | PipelineLogger.write | CLEANUP PRESERVE........: C:\Setups\.work\wcffinanceiro\Release\bin\Microsoft.Practices.EnterpriseLibrary.Common.dll
2026-09-10 12:05:44 | INFO    | PipelineLogger.write | CLEANUP PRESERVE........: C:\Setups\.work\wcffinanceiro\Release\bin\Microsoft.Practices.EnterpriseLibrary.Data.dll
2026-09-10 12:05:44 | INFO    | PipelineLogger.write | CLEANUP PRESERVE........: C:\Setups\.work\wcffinanceiro\Release\bin\Microsoft.Practices.ServiceLocation.dll
2026-09-10 12:05:45 | INFO    | PipelineLogger.write | CLEANUP PRESERVE........: C:\Setups\.work\wcffinanceiro\Release\bin\Microsoft.Practices.Unity.dll
2026-09-10 12:05:45 | INFO    | PipelineLogger.write | CLEANUP PRESERVE........: C:\Setups\.work\wcffinanceiro\Release\bin\Microsoft.Practices.Unity.Interception.dll
2026-09-10 12:05:45 | INFO    | PipelineLogger.write | CLEANUP PRESERVE........: C:\Setups\.work\wcffinanceiro\Release\bin\MimeKit.dll
2026-09-10 12:05:45 | INFO    | PipelineLogger.write | CLEANUP PRESERVE........: C:\Setups\.work\wcffinanceiro\Release\bin\Newtonsoft.Json.dll
2026-09-10 12:05:45 | INFO    | PipelineLogger.write | CLEANUP PRESERVE........: C:\Setups\.work\wcffinanceiro\Release\bin\NPOI.dll
2026-09-10 12:05:45 | INFO    | PipelineLogger.write | CLEANUP PRESERVE........: C:\Setups\.work\wcffinanceiro\Release\bin\NPOI.OOXML.dll
2026-09-10 12:05:45 | INFO    | PipelineLogger.write | CLEANUP PRESERVE........: C:\Setups\.work\wcffinanceiro\Release\bin\NPOI.OpenXml4Net.dll
2026-09-10 12:05:45 | INFO    | PipelineLogger.write | CLEANUP PRESERVE........: C:\Setups\.work\wcffinanceiro\Release\bin\NPOI.OpenXmlFormats.dll
2026-09-10 12:05:45 | INFO    | PipelineLogger.write | CLEANUP PRESERVE........: C:\Setups\.work\wcffinanceiro\Release\bin\NReco.PdfGenerator.dll
2026-09-10 12:05:45 | INFO    | PipelineLogger.write | CLEANUP PRESERVE........: C:\Setups\.work\wcffinanceiro\Release\bin\OpenAC.Net.Core.dll
2026-09-10 12:05:45 | INFO    | PipelineLogger.write | CLEANUP PRESERVE........: C:\Setups\.work\wcffinanceiro\Release\bin\OpenAC.Net.DFe.Core.dll
2026-09-10 12:05:45 | INFO    | PipelineLogger.write | CLEANUP PRESERVE........: C:\Setups\.work\wcffinanceiro\Release\bin\OuroNet.Server.Business.dll
2026-09-10 12:05:45 | INFO    | PipelineLogger.write | CLEANUP PRESERVE........: C:\Setups\.work\wcffinanceiro\Release\bin\OuroNet.Server.Business.XmlSerializers.dll
2026-09-10 12:05:46 | INFO    | PipelineLogger.write | CLEANUP PRESERVE........: C:\Setups\.work\wcffinanceiro\Release\bin\OuroNet.Server.Common.dll
2026-09-10 12:05:46 | INFO    | PipelineLogger.write | CLEANUP PRESERVE........: C:\Setups\.work\wcffinanceiro\Release\bin\OuroNet.Server.DataAccess.dll
2026-09-10 12:05:46 | INFO    | PipelineLogger.write | CLEANUP PRESERVE........: C:\Setups\.work\wcffinanceiro\Release\bin\OuroNet.Server.Entities.dll
2026-09-10 12:05:46 | INFO    | PipelineLogger.write | CLEANUP PRESERVE........: C:\Setups\.work\wcffinanceiro\Release\bin\OuroNet.Server.ServiceInterfaces.dll
2026-09-10 12:05:46 | INFO    | PipelineLogger.write | CLEANUP PRESERVE........: C:\Setups\.work\wcffinanceiro\Release\bin\OuroNet.Server.Services.dll
2026-09-10 12:05:46 | INFO    | PipelineLogger.write | CLEANUP PRESERVE........: C:\Setups\.work\wcffinanceiro\Release\bin\OuroNet.Server.WCF.Financial.dll
2026-09-10 12:05:46 | INFO    | PipelineLogger.write | CLEANUP PRESERVE........: C:\Setups\.work\wcffinanceiro\Release\bin\protobuf-net.dll
2026-09-10 12:05:46 | INFO    | PipelineLogger.write | CLEANUP PRESERVE........: C:\Setups\.work\wcffinanceiro\Release\bin\QRCoder.dll
2026-09-10 12:05:46 | INFO    | PipelineLogger.write | CLEANUP PRESERVE........: C:\Setups\.work\wcffinanceiro\Release\bin\RestSharp.dll
2026-09-10 12:05:46 | INFO    | PipelineLogger.write | CLEANUP PRESERVE........: C:\Setups\.work\wcffinanceiro\Release\bin\SkiaSharp.dll
2026-09-10 12:05:46 | INFO    | PipelineLogger.write | CLEANUP PRESERVE........: C:\Setups\.work\wcffinanceiro\Release\bin\System.Buffers.dll
2026-09-10 12:05:46 | INFO    | PipelineLogger.write | CLEANUP PRESERVE........: C:\Setups\.work\wcffinanceiro\Release\bin\System.Formats.Asn1.dll
2026-09-10 12:05:46 | INFO    | PipelineLogger.write | CLEANUP PRESERVE........: C:\Setups\.work\wcffinanceiro\Release\bin\System.IO.Pipelines.dll
2026-09-10 12:05:46 | INFO    | PipelineLogger.write | CLEANUP PRESERVE........: C:\Setups\.work\wcffinanceiro\Release\bin\System.Memory.dll
2026-09-10 12:05:47 | INFO    | PipelineLogger.write | CLEANUP PRESERVE........: C:\Setups\.work\wcffinanceiro\Release\bin\System.Net.Http.Json.dll
2026-09-10 12:05:47 | INFO    | PipelineLogger.write | CLEANUP PRESERVE........: C:\Setups\.work\wcffinanceiro\Release\bin\System.Numerics.Vectors.dll
2026-09-10 12:05:47 | INFO    | PipelineLogger.write | CLEANUP PRESERVE........: C:\Setups\.work\wcffinanceiro\Release\bin\System.Runtime.CompilerServices.Unsafe.dll
2026-09-10 12:05:47 | INFO    | PipelineLogger.write | CLEANUP PRESERVE........: C:\Setups\.work\wcffinanceiro\Release\bin\System.Text.Encodings.Web.dll
2026-09-10 12:05:47 | INFO    | PipelineLogger.write | CLEANUP PRESERVE........: C:\Setups\.work\wcffinanceiro\Release\bin\System.Text.Json.dll
2026-09-10 12:05:47 | INFO    | PipelineLogger.write | CLEANUP PRESERVE........: C:\Setups\.work\wcffinanceiro\Release\bin\System.Threading.Tasks.Extensions.dll
2026-09-10 12:05:47 | INFO    | PipelineLogger.write | CLEANUP PRESERVE........: C:\Setups\.work\wcffinanceiro\Release\bin\arm64\libSkiaSharp.dll
2026-09-10 12:05:47 | INFO    | PipelineLogger.write | CLEANUP PRESERVE........: C:\Setups\.work\wcffinanceiro\Release\bin\x64\libSkiaSharp.dll
2026-09-10 12:05:47 | INFO    | PipelineLogger.write | CLEANUP PRESERVE........: C:\Setups\.work\wcffinanceiro\Release\bin\x64\SQLite.Interop.dll
2026-09-10 12:05:47 | INFO    | PipelineLogger.write | CLEANUP PRESERVE........: C:\Setups\.work\wcffinanceiro\Release\bin\x86\libSkiaSharp.dll
2026-09-10 12:05:47 | INFO    | PipelineLogger.write | CLEANUP PRESERVE........: C:\Setups\.work\wcffinanceiro\Release\bin\x86\SQLite.Interop.dll
2026-09-10 12:05:47 | INFO    | PipelineLogger.write | CLEANUP DIR REMOVE......: C:\Setups\.work\wcffinanceiro\Release\bin\Xml\Movimento\NFSe\Abaco\1.00
2026-09-10 12:05:48 | INFO    | PipelineLogger.write | CLEANUP DIR REMOVE......: C:\Setups\.work\wcffinanceiro\Release\bin\Xml\Movimento\NFSe\Abaco\1.01
2026-09-10 12:05:48 | INFO    | PipelineLogger.write | CLEANUP DIR REMOVE......: C:\Setups\.work\wcffinanceiro\Release\bin\Xml\Movimento\NFSe\Abaco\2.04
2026-09-10 12:05:48 | INFO    | PipelineLogger.write | CLEANUP DIR REMOVE......: C:\Setups\.work\wcffinanceiro\Release\bin\Xml\Movimento\NFSe\ABase\2.01
2026-09-10 12:05:48 | INFO    | PipelineLogger.write | CLEANUP DIR REMOVE......: C:\Setups\.work\wcffinanceiro\Release\bin\Xml\Movimento\NFSe\ABRASF\1.00
2026-09-10 12:05:48 | INFO    | PipelineLogger.write | CLEANUP DIR REMOVE......: C:\Setups\.work\wcffinanceiro\Release\bin\Xml\Movimento\NFSe\ABRASF\2.00
2026-09-10 12:05:48 | INFO    | PipelineLogger.write | CLEANUP DIR REMOVE......: C:\Setups\.work\wcffinanceiro\Release\bin\Xml\Movimento\NFSe\ABRASF\2.01
2026-09-10 12:05:48 | INFO    | PipelineLogger.write | CLEANUP DIR REMOVE......: C:\Setups\.work\wcffinanceiro\Release\bin\Xml\Movimento\NFSe\ABRASF\2.02
2026-09-10 12:05:48 | INFO    | PipelineLogger.write | CLEANUP DIR REMOVE......: C:\Setups\.work\wcffinanceiro\Release\bin\Xml\Movimento\NFSe\ABRASF\2.03
2026-09-10 12:05:48 | INFO    | PipelineLogger.write | CLEANUP DIR REMOVE......: C:\Setups\.work\wcffinanceiro\Release\bin\Xml\Movimento\NFSe\ABRASF\2.04
2026-09-10 12:05:48 | INFO    | PipelineLogger.write | CLEANUP DIR REMOVE......: C:\Setups\.work\wcffinanceiro\Release\bin\Xml\Movimento\NFSe\Betha\1.00
2026-09-10 12:05:48 | INFO    | PipelineLogger.write | CLEANUP DIR REMOVE......: C:\Setups\.work\wcffinanceiro\Release\bin\Xml\Movimento\NFSe\Betha\2.02
2026-09-10 12:05:48 | INFO    | PipelineLogger.write | CLEANUP DIR REMOVE......: C:\Setups\.work\wcffinanceiro\Release\bin\Xml\Movimento\NFSe\Citta\2.03
2026-09-10 12:05:48 | INFO    | PipelineLogger.write | CLEANUP DIR REMOVE......: C:\Setups\.work\wcffinanceiro\Release\bin\Xml\Movimento\NFSe\Conam\1.00
2026-09-10 12:05:48 | INFO    | PipelineLogger.write | CLEANUP DIR REMOVE......: C:\Setups\.work\wcffinanceiro\Release\bin\Xml\Movimento\NFSe\Coplan\2.01
2026-09-10 12:05:48 | INFO    | PipelineLogger.write | CLEANUP DIR REMOVE......: C:\Setups\.work\wcffinanceiro\Release\bin\Xml\Movimento\NFSe\DBSeller\1.00
2026-09-10 12:05:49 | INFO    | PipelineLogger.write | CLEANUP DIR REMOVE......: C:\Setups\.work\wcffinanceiro\Release\bin\Xml\Movimento\NFSe\DBSeller\2.04
2026-09-10 12:05:49 | INFO    | PipelineLogger.write | CLEANUP DIR REMOVE......: C:\Setups\.work\wcffinanceiro\Release\bin\Xml\Movimento\NFSe\DSF\1.00
2026-09-10 12:05:49 | INFO    | PipelineLogger.write | CLEANUP DIR REMOVE......: C:\Setups\.work\wcffinanceiro\Release\bin\Xml\Movimento\NFSe\DSF\2.00
2026-09-10 12:05:49 | INFO    | PipelineLogger.write | CLEANUP DIR REMOVE......: C:\Setups\.work\wcffinanceiro\Release\bin\Xml\Movimento\NFSe\DSF\2.03
2026-09-10 12:05:49 | INFO    | PipelineLogger.write | CLEANUP DIR REMOVE......: C:\Setups\.work\wcffinanceiro\Release\bin\Xml\Movimento\NFSe\Equiplano\1.00
2026-09-10 12:05:49 | INFO    | PipelineLogger.write | CLEANUP DIR REMOVE......: C:\Setups\.work\wcffinanceiro\Release\bin\Xml\Movimento\NFSe\Fiorilli\2.00
2026-09-10 12:05:49 | INFO    | PipelineLogger.write | CLEANUP DIR REMOVE......: C:\Setups\.work\wcffinanceiro\Release\bin\Xml\Movimento\NFSe\Fiorilli\2.01
2026-09-10 12:05:49 | INFO    | PipelineLogger.write | CLEANUP DIR REMOVE......: C:\Setups\.work\wcffinanceiro\Release\bin\Xml\Movimento\NFSe\Fisco\2.03
2026-09-10 12:05:49 | INFO    | PipelineLogger.write | CLEANUP DIR REMOVE......: C:\Setups\.work\wcffinanceiro\Release\bin\Xml\Movimento\NFSe\FissLex\1.00
2026-09-10 12:05:49 | INFO    | PipelineLogger.write | CLEANUP DIR REMOVE......: C:\Setups\.work\wcffinanceiro\Release\bin\Xml\Movimento\NFSe\Ginfes\1.00
2026-09-10 12:05:49 | INFO    | PipelineLogger.write | CLEANUP DIR REMOVE......: C:\Setups\.work\wcffinanceiro\Release\bin\Xml\Movimento\NFSe\IPM\2.04
2026-09-10 12:05:49 | INFO    | PipelineLogger.write | CLEANUP DIR REMOVE......: C:\Setups\.work\wcffinanceiro\Release\bin\Xml\Movimento\NFSe\ISSCuritiba\1.00
2026-09-10 12:05:49 | INFO    | PipelineLogger.write | CLEANUP DIR REMOVE......: C:\Setups\.work\wcffinanceiro\Release\bin\Xml\Movimento\NFSe\ISSDSF\1.00
2026-09-10 12:05:50 | INFO    | PipelineLogger.write | CLEANUP DIR REMOVE......: C:\Setups\.work\wcffinanceiro\Release\bin\Xml\Movimento\NFSe\ISSDSF\1.01
2026-09-10 12:05:50 | INFO    | PipelineLogger.write | CLEANUP DIR REMOVE......: C:\Setups\.work\wcffinanceiro\Release\bin\Xml\Movimento\NFSe\ISSNet\1.00
2026-09-10 12:05:50 | INFO    | PipelineLogger.write | CLEANUP DIR REMOVE......: C:\Setups\.work\wcffinanceiro\Release\bin\Xml\Movimento\NFSe\ISSNet\2.04
2026-09-10 12:05:51 | INFO    | PipelineLogger.write | CLEANUP DIR REMOVE......: C:\Setups\.work\wcffinanceiro\Release\bin\Xml\Movimento\Cte\Schemas\2.00
2026-09-10 12:05:51 | INFO    | PipelineLogger.write | CLEANUP DIR REMOVE......: C:\Setups\.work\wcffinanceiro\Release\bin\Xml\Movimento\Cte\Schemas\3.00
2026-09-10 12:05:51 | INFO    | PipelineLogger.write | CLEANUP DIR REMOVE......: C:\Setups\.work\wcffinanceiro\Release\bin\Xml\Movimento\Cte\Schemas\4.00
2026-09-10 12:05:52 | INFO    | PipelineLogger.write | CLEANUP DIR REMOVE......: C:\Setups\.work\wcffinanceiro\Release\bin\Xml\Movimento\Cte\Schemas
2026-09-10 12:05:53 | INFO    | PipelineLogger.write | CLEANUP DIR REMOVE......: C:\Setups\.work\wcffinanceiro\Release\bin\Xml\Movimento\NFe\Schemas
2026-09-10 12:05:53 | INFO    | PipelineLogger.write | CLEANUP DIR REMOVE......: C:\Setups\.work\wcffinanceiro\Release\bin\Xml\Movimento\NFSe\Abaco
2026-09-10 12:05:53 | INFO    | PipelineLogger.write | CLEANUP DIR REMOVE......: C:\Setups\.work\wcffinanceiro\Release\bin\Xml\Movimento\NFSe\ABase
2026-09-10 12:05:53 | INFO    | PipelineLogger.write | CLEANUP DIR REMOVE......: C:\Setups\.work\wcffinanceiro\Release\bin\Xml\Movimento\NFSe\ABRASF
2026-09-10 12:05:53 | INFO    | PipelineLogger.write | CLEANUP DIR REMOVE......: C:\Setups\.work\wcffinanceiro\Release\bin\Xml\Movimento\NFSe\Betha
2026-09-10 12:05:53 | INFO    | PipelineLogger.write | CLEANUP DIR REMOVE......: C:\Setups\.work\wcffinanceiro\Release\bin\Xml\Movimento\NFSe\BHISS
2026-09-10 12:05:53 | INFO    | PipelineLogger.write | CLEANUP DIR REMOVE......: C:\Setups\.work\wcffinanceiro\Release\bin\Xml\Movimento\NFSe\Citta
2026-09-10 12:05:53 | INFO    | PipelineLogger.write | CLEANUP DIR REMOVE......: C:\Setups\.work\wcffinanceiro\Release\bin\Xml\Movimento\NFSe\Conam
2026-09-10 12:05:53 | INFO    | PipelineLogger.write | CLEANUP DIR REMOVE......: C:\Setups\.work\wcffinanceiro\Release\bin\Xml\Movimento\NFSe\Coplan
2026-09-10 12:05:53 | INFO    | PipelineLogger.write | CLEANUP DIR REMOVE......: C:\Setups\.work\wcffinanceiro\Release\bin\Xml\Movimento\NFSe\DBSeller
2026-09-10 12:05:53 | INFO    | PipelineLogger.write | CLEANUP DIR REMOVE......: C:\Setups\.work\wcffinanceiro\Release\bin\Xml\Movimento\NFSe\DSF
2026-09-10 12:05:53 | INFO    | PipelineLogger.write | CLEANUP DIR REMOVE......: C:\Setups\.work\wcffinanceiro\Release\bin\Xml\Movimento\NFSe\Equiplano
2026-09-10 12:05:54 | INFO    | PipelineLogger.write | CLEANUP DIR REMOVE......: C:\Setups\.work\wcffinanceiro\Release\bin\Xml\Movimento\NFSe\Fiorilli
2026-09-10 12:05:54 | INFO    | PipelineLogger.write | CLEANUP DIR REMOVE......: C:\Setups\.work\wcffinanceiro\Release\bin\Xml\Movimento\NFSe\Fisco
2026-09-10 12:05:54 | INFO    | PipelineLogger.write | CLEANUP DIR REMOVE......: C:\Setups\.work\wcffinanceiro\Release\bin\Xml\Movimento\NFSe\FissLex
2026-09-10 12:05:54 | INFO    | PipelineLogger.write | CLEANUP DIR REMOVE......: C:\Setups\.work\wcffinanceiro\Release\bin\Xml\Movimento\NFSe\Ginfes
2026-09-10 12:05:54 | INFO    | PipelineLogger.write | CLEANUP DIR REMOVE......: C:\Setups\.work\wcffinanceiro\Release\bin\Xml\Movimento\NFSe\IPM
2026-09-10 12:05:54 | INFO    | PipelineLogger.write | CLEANUP DIR REMOVE......: C:\Setups\.work\wcffinanceiro\Release\bin\Xml\Movimento\NFSe\ISSCuritiba
2026-09-10 12:05:54 | INFO    | PipelineLogger.write | CLEANUP DIR REMOVE......: C:\Setups\.work\wcffinanceiro\Release\bin\Xml\Movimento\NFSe\ISSDSF
2026-09-10 12:05:54 | INFO    | PipelineLogger.write | CLEANUP DIR REMOVE......: C:\Setups\.work\wcffinanceiro\Release\bin\Xml\Movimento\NFSe\ISSNet
2026-09-10 12:05:54 | INFO    | PipelineLogger.write | CLEANUP DIR REMOVE......: C:\Setups\.work\wcffinanceiro\Release\bin\Xml\Movimento\Cte
2026-09-10 12:05:54 | INFO    | PipelineLogger.write | CLEANUP DIR REMOVE......: C:\Setups\.work\wcffinanceiro\Release\bin\Xml\Movimento\NFe
2026-09-10 12:05:54 | INFO    | PipelineLogger.write | CLEANUP DIR REMOVE......: C:\Setups\.work\wcffinanceiro\Release\bin\Xml\Movimento\NFSe
2026-09-10 12:05:54 | INFO    | PipelineLogger.write | CLEANUP DIR REMOVE......: C:\Setups\.work\wcffinanceiro\Release\bin\Xml\Movimento
2026-09-10 12:05:54 | INFO    | PipelineLogger.write | CLEANUP DIR REMOVE......: C:\Setups\.work\wcffinanceiro\Release\bin\arm
2026-09-10 12:05:55 | INFO    | PipelineLogger.write | CLEANUP DIR REMOVE......: C:\Setups\.work\wcffinanceiro\Release\bin\arm64
2026-09-10 12:05:55 | INFO    | PipelineLogger.write | CLEANUP DIR REMOVE......: C:\Setups\.work\wcffinanceiro\Release\bin\loongarch64
2026-09-10 12:05:55 | INFO    | PipelineLogger.write | CLEANUP DIR REMOVE......: C:\Setups\.work\wcffinanceiro\Release\bin\musl-arm
2026-09-10 12:05:55 | INFO    | PipelineLogger.write | CLEANUP DIR REMOVE......: C:\Setups\.work\wcffinanceiro\Release\bin\musl-arm64
2026-09-10 12:05:55 | INFO    | PipelineLogger.write | CLEANUP DIR REMOVE......: C:\Setups\.work\wcffinanceiro\Release\bin\musl-loongarch64
2026-09-10 12:05:55 | INFO    | PipelineLogger.write | CLEANUP DIR REMOVE......: C:\Setups\.work\wcffinanceiro\Release\bin\musl-riscv64
2026-09-10 12:05:55 | INFO    | PipelineLogger.write | CLEANUP DIR REMOVE......: C:\Setups\.work\wcffinanceiro\Release\bin\musl-x64
2026-09-10 12:05:55 | INFO    | PipelineLogger.write | CLEANUP DIR REMOVE......: C:\Setups\.work\wcffinanceiro\Release\bin\riscv64
2026-09-10 12:05:55 | INFO    | PipelineLogger.write | CLEANUP DIR REMOVE......: C:\Setups\.work\wcffinanceiro\Release\bin\x64
2026-09-10 12:05:55 | INFO    | PipelineLogger.write | CLEANUP DIR REMOVE......: C:\Setups\.work\wcffinanceiro\Release\bin\x86
2026-09-10 12:05:55 | INFO    | PipelineLogger.write | CLEANUP DIR REMOVE......: C:\Setups\.work\wcffinanceiro\Release\bin\Xml
2026-09-10 12:05:56 | INFO    | PipelineLogger.write | CLEANUP DIR PRESERVE....: C:\Setups\.work\wcffinanceiro\Release\bin
2026-09-10 12:05:56 | INFO    | PipelineLogger.write | ================================================================================
2026-09-10 12:05:56 | INFO    | PipelineLogger.write | WORKSPACE - APOS CLEANUP
2026-09-10 12:05:56 | INFO    | PipelineLogger.write | Diretorio.............: C:\Setups\.work\wcffinanceiro\Release
2026-09-10 12:05:56 | INFO    | PipelineLogger.write | Diretorio existe......: True
2026-09-10 12:05:56 | INFO    | PipelineLogger.write | Arquivos..............: 107
2026-09-10 12:05:56 | INFO    | PipelineLogger.write | ARQUIVO...............: bin\ADODB.dll
2026-09-10 12:05:56 | INFO    | PipelineLogger.write | ARQUIVO...............: bin\Aspose.HTML.dll
2026-09-10 12:05:56 | INFO    | PipelineLogger.write | ARQUIVO...............: bin\Aspose.Words.dll
2026-09-10 12:05:56 | INFO    | PipelineLogger.write | ARQUIVO...............: bin\BouncyCastle.Crypto.dll
2026-09-10 12:05:56 | INFO    | PipelineLogger.write | ARQUIVO...............: bin\BouncyCastle.Cryptography.dll
2026-09-10 12:05:56 | INFO    | PipelineLogger.write | ARQUIVO...............: bin\connectionStrings.config
2026-09-10 12:05:56 | INFO    | PipelineLogger.write | ARQUIVO...............: bin\Custom.Business.dll
2026-09-10 12:05:57 | INFO    | PipelineLogger.write | ARQUIVO...............: bin\custom.configuration.server.config
2026-09-10 12:05:57 | INFO    | PipelineLogger.write | ARQUIVO...............: bin\Custom.DataAccess.dll
2026-09-10 12:05:57 | INFO    | PipelineLogger.write | ARQUIVO...............: bin\Custom.Framework.CommonFileDialogs.dll
2026-09-10 12:05:57 | INFO    | PipelineLogger.write | ARQUIVO...............: bin\Custom.Framework.Data.dll
2026-09-10 12:05:57 | INFO    | PipelineLogger.write | ARQUIVO...............: bin\Custom.Framework.Diagnostics.dll
2026-09-10 12:05:57 | INFO    | PipelineLogger.write | ARQUIVO...............: bin\Custom.Framework.dll
2026-09-10 12:05:57 | INFO    | PipelineLogger.write | ARQUIVO...............: bin\Custom.Framework.Entities.dll
2026-09-10 12:05:57 | INFO    | PipelineLogger.write | ARQUIVO...............: bin\Custom.Framework.Server.dll
2026-09-10 12:05:58 | INFO    | PipelineLogger.write | ARQUIVO...............: bin\Custom.Framework.Services.dll
2026-09-10 12:05:58 | INFO    | PipelineLogger.write | ARQUIVO...............: bin\Custom.Integration.NFSe.Municipal.dll
2026-09-10 12:05:59 | INFO    | PipelineLogger.write | ARQUIVO...............: bin\Custom.Integration.PharmaLinkDistributors.Library.dll
2026-09-10 12:05:59 | INFO    | PipelineLogger.write | ARQUIVO...............: bin\Custom.OuroNet.Library.Core.Layer.AcessData.V20.dll
2026-09-10 12:05:59 | INFO    | PipelineLogger.write | ARQUIVO...............: bin\Custom.OuroNet.Library.Core.Layer.Exception.V20.dll
2026-09-10 12:05:59 | INFO    | PipelineLogger.write | ARQUIVO...............: bin\Custom.Services.dll
2026-09-10 12:05:59 | INFO    | PipelineLogger.write | ARQUIVO...............: bin\Custom.Utilities.Security.EncryptionCOM.dll
2026-09-10 12:05:59 | INFO    | PipelineLogger.write | ARQUIVO...............: bin\Custom.Utilities.Security.EncryptionNET.dll
2026-09-10 12:05:59 | INFO    | PipelineLogger.write | ARQUIVO...............: bin\DevExpress.Charts.v23.2.Core.dll
2026-09-10 12:05:59 | INFO    | PipelineLogger.write | ARQUIVO...............: bin\DevExpress.CodeParser.v23.2.dll
2026-09-10 12:05:59 | INFO    | PipelineLogger.write | ARQUIVO...............: bin\DevExpress.Data.Desktop.v23.2.dll
2026-09-10 12:05:59 | INFO    | PipelineLogger.write | ARQUIVO...............: bin\DevExpress.Data.v11.2.dll
2026-09-10 12:05:59 | INFO    | PipelineLogger.write | ARQUIVO...............: bin\DevExpress.Data.v23.2.dll
2026-09-10 12:05:59 | INFO    | PipelineLogger.write | ARQUIVO...............: bin\DevExpress.DataAccess.v23.2.dll
2026-09-10 12:05:59 | INFO    | PipelineLogger.write | ARQUIVO...............: bin\DevExpress.DataVisualization.v23.2.Core.dll
2026-09-10 12:06:00 | INFO    | PipelineLogger.write | ARQUIVO...............: bin\DevExpress.Dialogs.v23.2.Core.dll
2026-09-10 12:06:00 | INFO    | PipelineLogger.write | ARQUIVO...............: bin\DevExpress.Drawing.v23.2.dll
2026-09-10 12:06:00 | INFO    | PipelineLogger.write | ARQUIVO...............: bin\DevExpress.Office.v23.2.Core.dll
2026-09-10 12:06:00 | INFO    | PipelineLogger.write | ARQUIVO...............: bin\DevExpress.Pdf.v23.2.Core.dll
2026-09-10 12:06:00 | INFO    | PipelineLogger.write | ARQUIVO...............: bin\DevExpress.Pdf.v23.2.Drawing.dll
2026-09-10 12:06:00 | INFO    | PipelineLogger.write | ARQUIVO...............: bin\DevExpress.PivotGrid.v23.2.Core.dll
2026-09-10 12:06:00 | INFO    | PipelineLogger.write | ARQUIVO...............: bin\DevExpress.Printing.v11.2.Core.dll
2026-09-10 12:06:00 | INFO    | PipelineLogger.write | ARQUIVO...............: bin\DevExpress.Printing.v23.2.Core.dll
2026-09-10 12:06:00 | INFO    | PipelineLogger.write | ARQUIVO...............: bin\DevExpress.RichEdit.v23.2.Core.dll
2026-09-10 12:06:00 | INFO    | PipelineLogger.write | ARQUIVO...............: bin\DevExpress.Sparkline.v23.2.Core.dll
2026-09-10 12:06:00 | INFO    | PipelineLogger.write | ARQUIVO...............: bin\DevExpress.Utils.v11.2.dll
2026-09-10 12:06:01 | INFO    | PipelineLogger.write | ARQUIVO...............: bin\DevExpress.Utils.v23.2.dll
2026-09-10 12:06:01 | INFO    | PipelineLogger.write | ARQUIVO...............: bin\DevExpress.Xpo.v23.2.dll
2026-09-10 12:06:01 | INFO    | PipelineLogger.write | ARQUIVO...............: bin\DevExpress.XtraBars.v23.2.dll
2026-09-10 12:06:01 | INFO    | PipelineLogger.write | ARQUIVO...............: bin\DevExpress.XtraCharts.v23.2.dll
2026-09-10 12:06:01 | INFO    | PipelineLogger.write | ARQUIVO...............: bin\DevExpress.XtraDialogs.v23.2.dll
2026-09-10 12:06:01 | INFO    | PipelineLogger.write | ARQUIVO...............: bin\DevExpress.XtraEditors.v11.2.dll
2026-09-10 12:06:01 | INFO    | PipelineLogger.write | ARQUIVO...............: bin\DevExpress.XtraEditors.v23.2.dll
2026-09-10 12:06:01 | INFO    | PipelineLogger.write | ARQUIVO...............: bin\DevExpress.XtraGauges.v23.2.Core.dll
2026-09-10 12:06:01 | INFO    | PipelineLogger.write | ARQUIVO...............: bin\DevExpress.XtraGrid.v23.2.dll
2026-09-10 12:06:01 | INFO    | PipelineLogger.write | ARQUIVO...............: bin\DevExpress.XtraLayout.v23.2.dll
2026-09-10 12:06:01 | INFO    | PipelineLogger.write | ARQUIVO...............: bin\DevExpress.XtraPrinting.v23.2.dll
2026-09-10 12:06:01 | INFO    | PipelineLogger.write | ARQUIVO...............: bin\DevExpress.XtraReports.v23.2.dll
2026-09-10 12:06:01 | INFO    | PipelineLogger.write | ARQUIVO...............: bin\DevExpress.XtraTreeList.v23.2.dll
2026-09-10 12:06:01 | INFO    | PipelineLogger.write | ARQUIVO...............: bin\FileHelpers.dll
2026-09-10 12:06:02 | INFO    | PipelineLogger.write | ARQUIVO...............: bin\Framawork.DFe.Classes.dll
2026-09-10 12:06:02 | INFO    | PipelineLogger.write | ARQUIVO...............: bin\Framawork.DFe.Utils.dll
2026-09-10 12:06:02 | INFO    | PipelineLogger.write | ARQUIVO...............: bin\Framawork.DFe.Wsdl.dll
2026-09-10 12:06:02 | INFO    | PipelineLogger.write | ARQUIVO...............: bin\Framework.BoletoNet.dll
2026-09-10 12:06:02 | INFO    | PipelineLogger.write | ARQUIVO...............: bin\Framework.NFe.Classes.dll
2026-09-10 12:06:02 | INFO    | PipelineLogger.write | ARQUIVO...............: bin\Framework.NFe.Print.dll
2026-09-10 12:06:02 | INFO    | PipelineLogger.write | ARQUIVO...............: bin\Framework.NFe.Servicos.dll
2026-09-10 12:06:02 | INFO    | PipelineLogger.write | ARQUIVO...............: bin\Framework.NFe.Utils.dll
2026-09-10 12:06:02 | INFO    | PipelineLogger.write | ARQUIVO...............: bin\Framework.NFe.Wsdl.dll
2026-09-10 12:06:02 | INFO    | PipelineLogger.write | ARQUIVO...............: bin\MailKit.dll
2026-09-10 12:06:02 | INFO    | PipelineLogger.write | ARQUIVO...............: bin\Microsoft.Bcl.AsyncInterfaces.dll
2026-09-10 12:06:02 | INFO    | PipelineLogger.write | ARQUIVO...............: bin\Microsoft.Practices.EnterpriseLibrary.Common.dll
2026-09-10 12:06:02 | INFO    | PipelineLogger.write | ARQUIVO...............: bin\Microsoft.Practices.EnterpriseLibrary.Data.dll
2026-09-10 12:06:02 | INFO    | PipelineLogger.write | ARQUIVO...............: bin\Microsoft.Practices.ServiceLocation.dll
2026-09-10 12:06:03 | INFO    | PipelineLogger.write | ARQUIVO...............: bin\Microsoft.Practices.Unity.dll
2026-09-10 12:06:03 | INFO    | PipelineLogger.write | ARQUIVO...............: bin\Microsoft.Practices.Unity.Interception.dll
2026-09-10 12:06:03 | INFO    | PipelineLogger.write | ARQUIVO...............: bin\MimeKit.dll
2026-09-10 12:06:03 | INFO    | PipelineLogger.write | ARQUIVO...............: bin\Newtonsoft.Json.dll
2026-09-10 12:06:03 | INFO    | PipelineLogger.write | ARQUIVO...............: bin\NPOI.dll
2026-09-10 12:06:03 | INFO    | PipelineLogger.write | ARQUIVO...............: bin\NPOI.OOXML.dll
2026-09-10 12:06:03 | INFO    | PipelineLogger.write | ARQUIVO...............: bin\NPOI.OpenXml4Net.dll
2026-09-10 12:06:03 | INFO    | PipelineLogger.write | ARQUIVO...............: bin\NPOI.OpenXmlFormats.dll
2026-09-10 12:06:03 | INFO    | PipelineLogger.write | ARQUIVO...............: bin\NReco.PdfGenerator.dll
2026-09-10 12:06:04 | INFO    | PipelineLogger.write | ARQUIVO...............: bin\OpenAC.Net.Core.dll
2026-09-10 12:06:04 | INFO    | PipelineLogger.write | ARQUIVO...............: bin\OpenAC.Net.DFe.Core.dll
2026-09-10 12:06:04 | INFO    | PipelineLogger.write | ARQUIVO...............: bin\OuroNet.Server.Business.dll
2026-09-10 12:06:04 | INFO    | PipelineLogger.write | ARQUIVO...............: bin\OuroNet.Server.Business.XmlSerializers.dll
2026-09-10 12:06:04 | INFO    | PipelineLogger.write | ARQUIVO...............: bin\OuroNet.Server.Common.dll
2026-09-10 12:06:04 | INFO    | PipelineLogger.write | ARQUIVO...............: bin\OuroNet.Server.DataAccess.dll
2026-09-10 12:06:04 | INFO    | PipelineLogger.write | ARQUIVO...............: bin\OuroNet.Server.Entities.dll
2026-09-10 12:06:04 | INFO    | PipelineLogger.write | ARQUIVO...............: bin\OuroNet.Server.ServiceInterfaces.dll
2026-09-10 12:06:04 | INFO    | PipelineLogger.write | ARQUIVO...............: bin\OuroNet.Server.Services.dll
2026-09-10 12:06:04 | INFO    | PipelineLogger.write | ARQUIVO...............: bin\OuroNet.Server.WCF.Financial.dll
2026-09-10 12:06:04 | INFO    | PipelineLogger.write | ARQUIVO...............: bin\protobuf-net.dll
2026-09-10 12:06:04 | INFO    | PipelineLogger.write | ARQUIVO...............: bin\QRCoder.dll
2026-09-10 12:06:05 | INFO    | PipelineLogger.write | ARQUIVO...............: bin\RestSharp.dll
2026-09-10 12:06:05 | INFO    | PipelineLogger.write | ARQUIVO...............: bin\SkiaSharp.dll
2026-09-10 12:06:05 | INFO    | PipelineLogger.write | ARQUIVO...............: bin\System.Buffers.dll
2026-09-10 12:06:05 | INFO    | PipelineLogger.write | ARQUIVO...............: bin\System.Formats.Asn1.dll
2026-09-10 12:06:06 | INFO    | PipelineLogger.write | ARQUIVO...............: bin\System.IO.Pipelines.dll
2026-09-10 12:06:06 | INFO    | PipelineLogger.write | ARQUIVO...............: bin\System.Memory.dll
2026-09-10 12:06:06 | INFO    | PipelineLogger.write | ARQUIVO...............: bin\System.Net.Http.Json.dll
2026-09-10 12:06:06 | INFO    | PipelineLogger.write | ARQUIVO...............: bin\System.Numerics.Vectors.dll
2026-09-10 12:06:06 | INFO    | PipelineLogger.write | ARQUIVO...............: bin\System.Runtime.CompilerServices.Unsafe.dll
2026-09-10 12:06:06 | INFO    | PipelineLogger.write | ARQUIVO...............: bin\System.Text.Encodings.Web.dll
2026-09-10 12:06:06 | INFO    | PipelineLogger.write | ARQUIVO...............: bin\System.Text.Json.dll
2026-09-10 12:06:06 | INFO    | PipelineLogger.write | ARQUIVO...............: bin\System.Threading.Tasks.Extensions.dll
2026-09-10 12:06:06 | INFO    | PipelineLogger.write | ARQUIVO...............: connectionStrings.config
2026-09-10 12:06:07 | INFO    | PipelineLogger.write | ARQUIVO...............: custom.configuration.server.config
2026-09-10 12:06:07 | INFO    | PipelineLogger.write | ARQUIVO...............: Financial.svc
2026-09-10 12:06:07 | INFO    | PipelineLogger.write | ARQUIVO...............: packages.config
2026-09-10 12:06:07 | INFO    | PipelineLogger.write | ARQUIVO...............: Web.config
2026-09-10 12:06:07 | INFO    | PipelineLogger.write | ================================================================================
2026-09-10 12:06:07 | INFO    | PipelineLogger.write | SETUP DIAGNOSTICO - SOURCEPATH DO AIP ATUALIZADO
2026-09-10 12:06:07 | INFO    | PipelineLogger.write | AIP...................: C:\Setups\.work\wcffinanceiro\AIP\OuroNet.Server.Financial.Setup.aip
2026-09-10 12:06:07 | INFO    | PipelineLogger.write | SourcePath...........: C:\Setups\.work\wcffinanceiro\Release
