2026-09-10 12:06:58 | INFO    | PipelineLogger.write | PIPELINE EXECUTE | project_id=wcfmovimento | environment_id=production | version='10.4.8' | revision=0 | publication_mode='network'
2026-09-10 12:06:58 | INFO    | PipelineLogger.write | PIPELINE USE CASE | project_id=wcfmovimento | environment_id=production | version='10.4.8' | revision=0 | publication_mode='network'
2026-09-10 12:06:58 | INFO    | PipelineLogger.write | ================================================================================
2026-09-10 12:06:58 | INFO    | PipelineLogger.write | PIPELINE RUNNER - INICIO
2026-09-10 12:06:58 | INFO    | PipelineLogger.write | ================================================================================
2026-09-10 12:06:58 | INFO    | PipelineLogger.write | Arquivo........: C:\Custom\ourobuild\app\pipeline\runner\pipeline_runner.py
2026-09-10 12:06:59 | INFO    | PipelineLogger.write | Pipeline.......: Build Pipeline
2026-09-10 12:06:59 | INFO    | PipelineLogger.write | Quantidade Steps: 4
2026-09-10 12:06:59 | INFO    | PipelineLogger.write | ================================================================================
2026-09-10 12:06:59 | INFO    | PipelineLogger.write | 
2026-09-10 12:06:59 | INFO    | PipelineLogger.write | ================================================================================
2026-09-10 12:06:59 | INFO    | PipelineLogger.write | EXECUTANDO STEP: Restore
2026-09-10 12:06:59 | INFO    | PipelineLogger.write | STEP CLASS.....: RestoreStep
2026-09-10 12:06:59 | INFO    | PipelineLogger.write | ================================================================================
2026-09-10 12:07:02 | INFO    | PipelineLogger.write | 
2026-09-10 12:07:02 | INFO    | PipelineLogger.write | ================================================================================
2026-09-10 12:07:03 | INFO    | PipelineLogger.write | PIPELINE RUNNER - STEP RESULT
2026-09-10 12:07:03 | INFO    | PipelineLogger.write | ================================================================================
2026-09-10 12:07:04 | INFO    | PipelineLogger.write | Step............: Restore
2026-09-10 12:07:04 | INFO    | PipelineLogger.write | Status..........: StepStatus.SUCCESS
2026-09-10 12:07:05 | INFO    | PipelineLogger.write | Analysis........: <class 'NoneType'>
2026-09-10 12:07:05 | INFO    | PipelineLogger.write | 
2026-09-10 12:07:05 | INFO    | PipelineLogger.write | ================================================================================
2026-09-10 12:07:06 | INFO    | PipelineLogger.write | EXECUTANDO STEP: Clean
2026-09-10 12:07:06 | INFO    | PipelineLogger.write | STEP CLASS.....: CleanStep
2026-09-10 12:07:06 | INFO    | PipelineLogger.write | ================================================================================
2026-09-10 12:07:10 | INFO    | PipelineLogger.write | 
2026-09-10 12:07:10 | INFO    | PipelineLogger.write | ================================================================================
2026-09-10 12:07:11 | INFO    | PipelineLogger.write | PIPELINE RUNNER - STEP RESULT
2026-09-10 12:07:12 | INFO    | PipelineLogger.write | ================================================================================
2026-09-10 12:07:12 | INFO    | PipelineLogger.write | Step............: Clean
2026-09-10 12:07:13 | INFO    | PipelineLogger.write | Status..........: StepStatus.SUCCESS
2026-09-10 12:07:14 | INFO    | PipelineLogger.write | Analysis........: <class 'NoneType'>
2026-09-10 12:07:14 | INFO    | PipelineLogger.write | 
2026-09-10 12:07:14 | INFO    | PipelineLogger.write | ================================================================================
2026-09-10 12:07:15 | INFO    | PipelineLogger.write | EXECUTANDO STEP: Build
2026-09-10 12:07:16 | INFO    | PipelineLogger.write | STEP CLASS.....: BuildStep
2026-09-10 12:07:16 | INFO    | PipelineLogger.write | ================================================================================
2026-09-10 12:07:17 | INFO    | PipelineLogger.write | MSBUILD CONFIGURATION
2026-09-10 12:07:17 | INFO    | PipelineLogger.write | Project........: Ouro Net Server Movimento
2026-09-10 12:07:17 | INFO    | PipelineLogger.write | Project File...: C:\DvpLocal\WorkSpaceTFS\OuroNet\Scc\Producao\OuroNet\02-Source\02-Server\OuroNet.Server.WCF.Movement\OuroNet.Server.WCF.Movement.csproj
2026-09-10 12:07:17 | INFO    | PipelineLogger.write | Configuration..: Release
2026-09-10 12:07:17 | INFO    | PipelineLogger.write | Platform.......: AnyCPU
2026-09-10 12:07:17 | INFO    | PipelineLogger.write | Normalized.....: AnyCPU
2026-09-10 12:07:17 | INFO    | PipelineLogger.write | MSBuild........: C:\Program Files\Microsoft Visual Studio\18\Professional\MSBuild\Current\Bin\MSBuild.exe
2026-09-10 12:07:18 | INFO    | PipelineLogger.write | MSBUILD ARGUMENTS
2026-09-10 12:07:18 | INFO    | PipelineLogger.write | Project........: C:\DvpLocal\WorkSpaceTFS\OuroNet\Scc\Producao\OuroNet\02-Source\02-Server\OuroNet.Server.WCF.Movement\OuroNet.Server.WCF.Movement.csproj
2026-09-10 12:07:18 | INFO    | PipelineLogger.write | Configuration..: /p:Configuration=Release
2026-09-10 12:07:18 | INFO    | PipelineLogger.write | Platform.......: /p:Platform=AnyCPU
2026-09-10 12:08:12 | INFO    | PipelineLogger.write | 
2026-09-10 12:08:13 | INFO    | PipelineLogger.write | ================================================================================
2026-09-10 12:08:13 | INFO    | PipelineLogger.write | PIPELINE RUNNER - STEP RESULT
2026-09-10 12:08:13 | INFO    | PipelineLogger.write | ================================================================================
2026-09-10 12:08:14 | INFO    | PipelineLogger.write | Step............: Build
2026-09-10 12:08:14 | INFO    | PipelineLogger.write | Status..........: StepStatus.SUCCESS
2026-09-10 12:08:14 | INFO    | PipelineLogger.write | Analysis........: <class 'app.models.build.build_execution.BuildExecution'>
2026-09-10 12:08:14 | INFO    | PipelineLogger.write | Warnings........: 0
2026-09-10 12:08:14 | INFO    | PipelineLogger.write | Errors..........: 0
2026-09-10 12:08:14 | INFO    | PipelineLogger.write | 
2026-09-10 12:08:14 | INFO    | PipelineLogger.write | ================================================================================
2026-09-10 12:08:14 | INFO    | PipelineLogger.write | BUILD EXECUTION
2026-09-10 12:08:14 | INFO    | PipelineLogger.write | ================================================================================
2026-09-10 12:08:14 | INFO    | PipelineLogger.write | Warnings........: 0
2026-09-10 12:08:14 | INFO    | PipelineLogger.write | Errors..........: 0
2026-09-10 12:08:14 | INFO    | PipelineLogger.write | BUILD ARMAZENADO EM PipelineResult
2026-09-10 12:08:15 | INFO    | PipelineLogger.write | ================================================================================
2026-09-10 12:08:15 | INFO    | PipelineLogger.write | 
2026-09-10 12:08:15 | INFO    | PipelineLogger.write | ================================================================================
2026-09-10 12:08:15 | INFO    | PipelineLogger.write | EXECUTANDO STEP: Publish
2026-09-10 12:08:15 | INFO    | PipelineLogger.write | STEP CLASS.....: PublishStep
2026-09-10 12:08:15 | INFO    | PipelineLogger.write | ================================================================================
2026-09-10 12:08:42 | INFO    | PipelineLogger.write | 
2026-09-10 12:08:43 | INFO    | PipelineLogger.write | ================================================================================
2026-09-10 12:08:43 | INFO    | PipelineLogger.write | PIPELINE RUNNER - STEP RESULT
2026-09-10 12:08:44 | INFO    | PipelineLogger.write | ================================================================================
2026-09-10 12:08:44 | INFO    | PipelineLogger.write | Step............: Publish
2026-09-10 12:08:45 | INFO    | PipelineLogger.write | Status..........: StepStatus.SUCCESS
2026-09-10 12:08:45 | INFO    | PipelineLogger.write | Analysis........: <class 'NoneType'>
2026-09-10 12:08:46 | INFO    | PipelineLogger.write | 
2026-09-10 12:08:47 | INFO    | PipelineLogger.write | ================================================================================
2026-09-10 12:08:47 | INFO    | PipelineLogger.write | PIPELINE RESULT
2026-09-10 12:08:48 | INFO    | PipelineLogger.write | ================================================================================
2026-09-10 12:08:48 | INFO    | PipelineLogger.write | Success.........: True
2026-09-10 12:08:48 | INFO    | PipelineLogger.write | Failed Step.....: 
2026-09-10 12:08:48 | INFO    | PipelineLogger.write | Elapsed.........: 108.074274
2026-09-10 12:08:48 | INFO    | PipelineLogger.write | Build Warnings..: 0
2026-09-10 12:08:48 | INFO    | PipelineLogger.write | Build Errors....: 0
2026-09-10 12:08:48 | INFO    | PipelineLogger.write | Publish.........: None
2026-09-10 12:08:48 | INFO    | PipelineLogger.write | Steps executadas: 4
2026-09-10 12:08:48 | INFO    | PipelineLogger.write | ================================================================================
2026-09-10 12:08:48 | INFO    | PipelineLogger.write | SALVANDO EXECUÇÃO
2026-09-10 12:08:48 | INFO    | PipelineLogger.write | ================================================================================
2026-09-10 12:08:49 | INFO    | PipelineLogger.write | EXECUÇÃO SALVA
2026-09-10 12:08:49 | INFO    | PipelineLogger.write | ================================================================================
2026-09-10 12:08:49 | INFO    | PipelineLogger.write | 
2026-09-10 12:08:49 | INFO    | PipelineLogger.write | ================================================================================
2026-09-10 12:08:49 | INFO    | PipelineLogger.write | PIPELINE RUNNER - FINAL
2026-09-10 12:08:49 | INFO    | PipelineLogger.write | ================================================================================
2026-09-10 12:08:49 | INFO    | PipelineLogger.write | PipelineResult...: <class 'app.models.pipeline.pipeline_result.PipelineResult'>
2026-09-10 12:08:49 | INFO    | PipelineLogger.write | Build............: <class 'app.models.build.build_execution.BuildExecution'>
2026-09-10 12:08:49 | INFO    | PipelineLogger.write | Publish..........: <class 'NoneType'>
2026-09-10 12:08:49 | INFO    | PipelineLogger.write | Steps............: 4
2026-09-10 12:08:49 | INFO    | PipelineLogger.write | ================================================================================
2026-09-10 12:08:50 | INFO    | PipelineLogger.write | WORKSPACE RESOLVER DIAGNOSTICO - PARAMETROS RECEBIDOS
2026-09-10 12:08:50 | INFO    | PipelineLogger.write | project_id.............: 'wcfmovimento'
2026-09-10 12:08:50 | INFO    | PipelineLogger.write | environment_id.........: 'production'
2026-09-10 12:08:51 | INFO    | PipelineLogger.write | version................: '10.4.8'
2026-09-10 12:08:51 | INFO    | PipelineLogger.write | revision...............: 0
2026-09-10 12:08:52 | INFO    | PipelineLogger.write | WORKSPACE RESOLVER DIAGNOSTICO - AMBIENTE
2026-09-10 12:08:52 | INFO    | PipelineLogger.write | environment.resolver...: 'production'
2026-09-10 12:08:53 | INFO    | PipelineLogger.write | environment.root_path..: WindowsPath('C:/DvpLocal/WorkSpaceTFS/OuroNet/Scc/Producao/OuroNet')
2026-09-10 12:08:53 | INFO    | PipelineLogger.write | workspace_root..........: C:\DvpLocal\WorkSpaceTFS\OuroNet\Scc\Producao\OuroNet
2026-09-10 12:08:53 | INFO    | PipelineLogger.write | project_file............: C:\DvpLocal\WorkSpaceTFS\OuroNet\Scc\Producao\OuroNet\02-Source\02-Server\OuroNet.Server.WCF.Movement\OuroNet.Server.WCF.Movement.csproj
2026-09-10 12:08:53 | INFO    | PipelineLogger.write | SETUP DIAGNOSTICO - PUBLISH DE ORIGEM
2026-09-10 12:08:53 | INFO    | PipelineLogger.write | Projeto...............: wcfmovimento
2026-09-10 12:08:53 | INFO    | PipelineLogger.write | Ambiente..............: production
2026-09-10 12:08:54 | INFO    | PipelineLogger.write | Versao................: 10.4.8
2026-09-10 12:08:54 | INFO    | PipelineLogger.write | Revisao................: 0
2026-09-10 12:08:54 | INFO    | PipelineLogger.write | PublishPath............: C:\DvpLocal\WorkSpaceTFS\OuroNet\Scc\Producao\OuroNet\02-Source\02-Server\OuroNet.Server.WCF.Movement\bin\app.publish
2026-09-10 12:08:54 | INFO    | PipelineLogger.write | PublishPath existe.....: True
2026-09-10 12:08:54 | INFO    | PipelineLogger.write | ================================================================================
2026-09-10 12:08:54 | INFO    | PipelineLogger.write | ORIGEM - ANTES DA COPIA
2026-09-10 12:08:54 | INFO    | PipelineLogger.write | Diretorio.............: C:\DvpLocal\WorkSpaceTFS\OuroNet\Scc\Producao\OuroNet\02-Source\02-Server\OuroNet.Server.WCF.Movement\bin\app.publish
2026-09-10 12:08:54 | INFO    | PipelineLogger.write | Diretorio existe......: True
2026-09-10 12:08:54 | INFO    | PipelineLogger.write | Arquivos..............: 660
2026-09-10 12:08:54 | INFO    | PipelineLogger.write | ARQUIVO...............: bin\ADODB.dll
2026-09-10 12:08:54 | INFO    | PipelineLogger.write | ARQUIVO...............: bin\arm64\libSkiaSharp.dll
2026-09-10 12:08:54 | INFO    | PipelineLogger.write | ARQUIVO...............: bin\arm64\libSkiaSharp.so
2026-09-10 12:08:54 | INFO    | PipelineLogger.write | ARQUIVO...............: bin\arm\libSkiaSharp.so
2026-09-10 12:08:54 | INFO    | PipelineLogger.write | ARQUIVO...............: bin\Aspose.HTML.dll
2026-09-10 12:08:54 | INFO    | PipelineLogger.write | ARQUIVO...............: bin\Aspose.Words.dll
2026-09-10 12:08:55 | INFO    | PipelineLogger.write | ARQUIVO...............: bin\BouncyCastle.Crypto.dll
2026-09-10 12:08:55 | INFO    | PipelineLogger.write | ARQUIVO...............: bin\BouncyCastle.Cryptography.dll
2026-09-10 12:08:55 | INFO    | PipelineLogger.write | ARQUIVO...............: bin\connectionStrings.config
2026-09-10 12:08:55 | INFO    | PipelineLogger.write | ARQUIVO...............: bin\Custom.Business.dll
2026-09-10 12:08:55 | INFO    | PipelineLogger.write | ARQUIVO...............: bin\custom.configuration.server.config
2026-09-10 12:08:55 | INFO    | PipelineLogger.write | ARQUIVO...............: bin\Custom.DataAccess.dll
2026-09-10 12:08:55 | INFO    | PipelineLogger.write | ARQUIVO...............: bin\Custom.Framework.CommonFileDialogs.dll
2026-09-10 12:08:55 | INFO    | PipelineLogger.write | ARQUIVO...............: bin\Custom.Framework.Data.dll
2026-09-10 12:08:55 | INFO    | PipelineLogger.write | ARQUIVO...............: bin\Custom.Framework.Diagnostics.dll
2026-09-10 12:08:55 | INFO    | PipelineLogger.write | ARQUIVO...............: bin\Custom.Framework.dll
2026-09-10 12:08:55 | INFO    | PipelineLogger.write | ARQUIVO...............: bin\Custom.Framework.Entities.dll
2026-09-10 12:08:55 | INFO    | PipelineLogger.write | ARQUIVO...............: bin\Custom.Framework.Server.dll
2026-09-10 12:08:55 | INFO    | PipelineLogger.write | ARQUIVO...............: bin\Custom.Framework.Services.dll
2026-09-10 12:08:55 | INFO    | PipelineLogger.write | ARQUIVO...............: bin\Custom.Integration.NFSe.Municipal.dll
2026-09-10 12:08:55 | INFO    | PipelineLogger.write | ARQUIVO...............: bin\Custom.Integration.PharmaLinkDistributors.Library.dll
2026-09-10 12:08:55 | INFO    | PipelineLogger.write | ARQUIVO...............: bin\Custom.OuroNet.Library.Core.Layer.AcessData.V20.dll
2026-09-10 12:08:55 | INFO    | PipelineLogger.write | ARQUIVO...............: bin\Custom.OuroNet.Library.Core.Layer.Exception.V20.dll
2026-09-10 12:08:56 | INFO    | PipelineLogger.write | ARQUIVO...............: bin\Custom.Services.dll
2026-09-10 12:08:56 | INFO    | PipelineLogger.write | ARQUIVO...............: bin\Custom.Utilities.Security.EncryptionCOM.dll
2026-09-10 12:08:56 | INFO    | PipelineLogger.write | ARQUIVO...............: bin\Custom.Utilities.Security.EncryptionNET.dll
2026-09-10 12:08:56 | INFO    | PipelineLogger.write | ARQUIVO...............: bin\DevExpress.Charts.v23.2.Core.dll
2026-09-10 12:08:58 | INFO    | PipelineLogger.write | ARQUIVO...............: bin\DevExpress.CodeParser.v23.2.dll
2026-09-10 12:08:58 | INFO    | PipelineLogger.write | ARQUIVO...............: bin\DevExpress.Data.Desktop.v23.2.dll
2026-09-10 12:08:58 | INFO    | PipelineLogger.write | ARQUIVO...............: bin\DevExpress.Data.v11.2.dll
2026-09-10 12:08:58 | INFO    | PipelineLogger.write | ARQUIVO...............: bin\DevExpress.Data.v23.2.dll
2026-09-10 12:08:59 | INFO    | PipelineLogger.write | ARQUIVO...............: bin\DevExpress.DataAccess.v23.2.dll
2026-09-10 12:08:59 | INFO    | PipelineLogger.write | ARQUIVO...............: bin\DevExpress.DataVisualization.v23.2.Core.dll
2026-09-10 12:08:59 | INFO    | PipelineLogger.write | ARQUIVO...............: bin\DevExpress.Dialogs.v23.2.Core.dll
2026-09-10 12:09:00 | INFO    | PipelineLogger.write | ARQUIVO...............: bin\DevExpress.Drawing.v23.2.dll
2026-09-10 12:09:00 | INFO    | PipelineLogger.write | ARQUIVO...............: bin\DevExpress.Office.v23.2.Core.dll
2026-09-10 12:09:00 | INFO    | PipelineLogger.write | ARQUIVO...............: bin\DevExpress.Pdf.v23.2.Core.dll
2026-09-10 12:09:00 | INFO    | PipelineLogger.write | ARQUIVO...............: bin\DevExpress.Pdf.v23.2.Drawing.dll
2026-09-10 12:09:00 | INFO    | PipelineLogger.write | ARQUIVO...............: bin\DevExpress.PivotGrid.v23.2.Core.dll
2026-09-10 12:09:00 | INFO    | PipelineLogger.write | ARQUIVO...............: bin\DevExpress.Printing.v11.2.Core.dll
2026-09-10 12:09:01 | INFO    | PipelineLogger.write | ARQUIVO...............: bin\DevExpress.Printing.v23.2.Core.dll
2026-09-10 12:09:02 | INFO    | PipelineLogger.write | ARQUIVO...............: bin\DevExpress.RichEdit.v23.2.Core.dll
2026-09-10 12:09:02 | INFO    | PipelineLogger.write | ARQUIVO...............: bin\DevExpress.Sparkline.v23.2.Core.dll
2026-09-10 12:09:03 | INFO    | PipelineLogger.write | ARQUIVO...............: bin\DevExpress.Utils.v11.2.dll
2026-09-10 12:09:03 | INFO    | PipelineLogger.write | ARQUIVO...............: bin\DevExpress.Utils.v23.2.dll
2026-09-10 12:09:03 | INFO    | PipelineLogger.write | ARQUIVO...............: bin\DevExpress.Xpo.v23.2.dll
2026-09-10 12:09:04 | INFO    | PipelineLogger.write | ARQUIVO...............: bin\DevExpress.XtraBars.v23.2.dll
2026-09-10 12:09:04 | INFO    | PipelineLogger.write | ARQUIVO...............: bin\DevExpress.XtraCharts.v23.2.dll
2026-09-10 12:09:04 | INFO    | PipelineLogger.write | ARQUIVO...............: bin\DevExpress.XtraDialogs.v23.2.dll
2026-09-10 12:09:04 | INFO    | PipelineLogger.write | ARQUIVO...............: bin\DevExpress.XtraEditors.v11.2.dll
2026-09-10 12:09:04 | INFO    | PipelineLogger.write | ARQUIVO...............: bin\DevExpress.XtraEditors.v23.2.dll
2026-09-10 12:09:04 | INFO    | PipelineLogger.write | ARQUIVO...............: bin\DevExpress.XtraGauges.v23.2.Core.dll
2026-09-10 12:09:04 | INFO    | PipelineLogger.write | ARQUIVO...............: bin\DevExpress.XtraGrid.v23.2.dll
2026-09-10 12:09:05 | INFO    | PipelineLogger.write | ARQUIVO...............: bin\DevExpress.XtraLayout.v23.2.dll
2026-09-10 12:09:05 | INFO    | PipelineLogger.write | ARQUIVO...............: bin\DevExpress.XtraPrinting.v23.2.dll
2026-09-10 12:09:05 | INFO    | PipelineLogger.write | ARQUIVO...............: bin\DevExpress.XtraReports.v23.2.dll
2026-09-10 12:09:06 | INFO    | PipelineLogger.write | ARQUIVO...............: bin\DevExpress.XtraTreeList.v23.2.dll
2026-09-10 12:09:06 | INFO    | PipelineLogger.write | ARQUIVO...............: bin\FileHelpers.dll
2026-09-10 12:09:06 | INFO    | PipelineLogger.write | ARQUIVO...............: bin\Framawork.DFe.Classes.dll
2026-09-10 12:09:06 | INFO    | PipelineLogger.write | ARQUIVO...............: bin\Framawork.DFe.Utils.dll
2026-09-10 12:09:07 | INFO    | PipelineLogger.write | ARQUIVO...............: bin\Framawork.DFe.Wsdl.dll
2026-09-10 12:09:07 | INFO    | PipelineLogger.write | ARQUIVO...............: bin\Framework.BoletoNet.dll
2026-09-10 12:09:07 | INFO    | PipelineLogger.write | ARQUIVO...............: bin\Framework.NFe.Classes.dll
2026-09-10 12:09:08 | INFO    | PipelineLogger.write | ARQUIVO...............: bin\Framework.NFe.Print.dll
2026-09-10 12:09:08 | INFO    | PipelineLogger.write | ARQUIVO...............: bin\Framework.NFe.Servicos.dll
2026-09-10 12:09:09 | INFO    | PipelineLogger.write | ARQUIVO...............: bin\Framework.NFe.Utils.dll
2026-09-10 12:09:09 | INFO    | PipelineLogger.write | ARQUIVO...............: bin\Framework.NFe.Wsdl.dll
2026-09-10 12:09:09 | INFO    | PipelineLogger.write | ARQUIVO...............: bin\loongarch64\libSkiaSharp.so
2026-09-10 12:09:10 | INFO    | PipelineLogger.write | ARQUIVO...............: bin\MailKit.dll
2026-09-10 12:09:10 | INFO    | PipelineLogger.write | ARQUIVO...............: bin\MailKit.dll.config
2026-09-10 12:09:10 | INFO    | PipelineLogger.write | ARQUIVO...............: bin\MailKit.pdb
2026-09-10 12:09:10 | INFO    | PipelineLogger.write | ARQUIVO...............: bin\Microsoft.Bcl.AsyncInterfaces.dll
2026-09-10 12:09:10 | INFO    | PipelineLogger.write | ARQUIVO...............: bin\Microsoft.Practices.EnterpriseLibrary.Common.dll
2026-09-10 12:09:10 | INFO    | PipelineLogger.write | ARQUIVO...............: bin\Microsoft.Practices.EnterpriseLibrary.Data.dll
2026-09-10 12:09:10 | INFO    | PipelineLogger.write | ARQUIVO...............: bin\Microsoft.Practices.ServiceLocation.dll
2026-09-10 12:09:10 | INFO    | PipelineLogger.write | ARQUIVO...............: bin\Microsoft.Practices.Unity.dll
2026-09-10 12:09:10 | INFO    | PipelineLogger.write | ARQUIVO...............: bin\Microsoft.Practices.Unity.Interception.dll
2026-09-10 12:09:10 | INFO    | PipelineLogger.write | ARQUIVO...............: bin\MimeKit.dll
2026-09-10 12:09:10 | INFO    | PipelineLogger.write | ARQUIVO...............: bin\MimeKit.pdb
2026-09-10 12:09:10 | INFO    | PipelineLogger.write | ARQUIVO...............: bin\musl-arm64\libSkiaSharp.so
2026-09-10 12:09:10 | INFO    | PipelineLogger.write | ARQUIVO...............: bin\musl-arm\libSkiaSharp.so
2026-09-10 12:09:10 | INFO    | PipelineLogger.write | ARQUIVO...............: bin\musl-loongarch64\libSkiaSharp.so
2026-09-10 12:09:11 | INFO    | PipelineLogger.write | ARQUIVO...............: bin\musl-riscv64\libSkiaSharp.so
2026-09-10 12:09:11 | INFO    | PipelineLogger.write | ARQUIVO...............: bin\musl-x64\libSkiaSharp.so
2026-09-10 12:09:11 | INFO    | PipelineLogger.write | ARQUIVO...............: bin\Newtonsoft.Json.dll
2026-09-10 12:09:11 | INFO    | PipelineLogger.write | ARQUIVO...............: bin\NPOI.dll
2026-09-10 12:09:11 | INFO    | PipelineLogger.write | ARQUIVO...............: bin\NPOI.OOXML.dll
2026-09-10 12:09:11 | INFO    | PipelineLogger.write | ARQUIVO...............: bin\NPOI.OOXML.pdb
2026-09-10 12:09:11 | INFO    | PipelineLogger.write | ARQUIVO...............: bin\NPOI.OpenXml4Net.dll
2026-09-10 12:09:11 | INFO    | PipelineLogger.write | ARQUIVO...............: bin\NPOI.OpenXml4Net.pdb
2026-09-10 12:09:11 | INFO    | PipelineLogger.write | ARQUIVO...............: bin\NPOI.OpenXmlFormats.dll
2026-09-10 12:09:11 | INFO    | PipelineLogger.write | ARQUIVO...............: bin\NPOI.OpenXmlFormats.pdb
2026-09-10 12:09:11 | INFO    | PipelineLogger.write | ARQUIVO...............: bin\NPOI.pdb
2026-09-10 12:09:11 | INFO    | PipelineLogger.write | ARQUIVO...............: bin\NReco.PdfGenerator.dll
2026-09-10 12:09:11 | INFO    | PipelineLogger.write | ARQUIVO...............: bin\OpenAC.Net.Core.dll
2026-09-10 12:09:11 | INFO    | PipelineLogger.write | ARQUIVO...............: bin\OpenAC.Net.DFe.Core.dll
2026-09-10 12:09:12 | INFO    | PipelineLogger.write | ARQUIVO...............: bin\OuroNet.Server.Business.dll
2026-09-10 12:09:12 | INFO    | PipelineLogger.write | ARQUIVO...............: bin\OuroNet.Server.Business.dll.config
2026-09-10 12:09:13 | INFO    | PipelineLogger.write | ARQUIVO...............: bin\OuroNet.Server.Business.pdb
2026-09-10 12:09:13 | INFO    | PipelineLogger.write | ARQUIVO...............: bin\OuroNet.Server.Business.XmlSerializers.dll
2026-09-10 12:09:14 | INFO    | PipelineLogger.write | ARQUIVO...............: bin\OuroNet.Server.Common.dll
2026-09-10 12:09:14 | INFO    | PipelineLogger.write | ARQUIVO...............: bin\OuroNet.Server.Common.dll.config
2026-09-10 12:09:15 | INFO    | PipelineLogger.write | ARQUIVO...............: bin\OuroNet.Server.Common.pdb
2026-09-10 12:09:15 | INFO    | PipelineLogger.write | ARQUIVO...............: bin\OuroNet.Server.DataAccess.dll
2026-09-10 12:09:16 | INFO    | PipelineLogger.write | ARQUIVO...............: bin\OuroNet.Server.DataAccess.dll.config
2026-09-10 12:09:16 | INFO    | PipelineLogger.write | ARQUIVO...............: bin\OuroNet.Server.DataAccess.pdb
2026-09-10 12:09:16 | INFO    | PipelineLogger.write | ARQUIVO...............: bin\OuroNet.Server.Entities.dll
2026-09-10 12:09:16 | INFO    | PipelineLogger.write | ARQUIVO...............: bin\OuroNet.Server.Entities.dll.config
2026-09-10 12:09:17 | INFO    | PipelineLogger.write | ARQUIVO...............: bin\OuroNet.Server.Entities.pdb
2026-09-10 12:09:18 | INFO    | PipelineLogger.write | ARQUIVO...............: bin\OuroNet.Server.ServiceInterfaces.dll
2026-09-10 12:09:18 | INFO    | PipelineLogger.write | ARQUIVO...............: bin\OuroNet.Server.ServiceInterfaces.dll.config
2026-09-10 12:09:18 | INFO    | PipelineLogger.write | ARQUIVO...............: bin\OuroNet.Server.ServiceInterfaces.pdb
2026-09-10 12:09:19 | INFO    | PipelineLogger.write | ARQUIVO...............: bin\OuroNet.Server.Services.dll
2026-09-10 12:09:19 | INFO    | PipelineLogger.write | ARQUIVO...............: bin\OuroNet.Server.Services.dll.config
2026-09-10 12:09:19 | INFO    | PipelineLogger.write | ARQUIVO...............: bin\OuroNet.Server.Services.pdb
2026-09-10 12:09:21 | INFO    | PipelineLogger.write | ARQUIVO...............: bin\OuroNet.Server.WCF.Movement.dll
2026-09-10 12:09:21 | INFO    | PipelineLogger.write | ARQUIVO...............: bin\OuroNet.Server.WCF.Movement.pdb
2026-09-10 12:09:22 | INFO    | PipelineLogger.write | ARQUIVO...............: bin\protobuf-net.dll
2026-09-10 12:09:22 | INFO    | PipelineLogger.write | ARQUIVO...............: bin\QRCoder.dll
2026-09-10 12:09:22 | INFO    | PipelineLogger.write | ARQUIVO...............: bin\RestSharp.dll
2026-09-10 12:09:23 | INFO    | PipelineLogger.write | ARQUIVO...............: bin\riscv64\libSkiaSharp.so
2026-09-10 12:09:23 | INFO    | PipelineLogger.write | ARQUIVO...............: bin\SkiaSharp.dll
2026-09-10 12:09:23 | INFO    | PipelineLogger.write | ARQUIVO...............: bin\SkiaSharp.pdb
2026-09-10 12:09:23 | INFO    | PipelineLogger.write | ARQUIVO...............: bin\System.Buffers.dll
2026-09-10 12:09:23 | INFO    | PipelineLogger.write | ARQUIVO...............: bin\System.Formats.Asn1.dll
2026-09-10 12:09:23 | INFO    | PipelineLogger.write | ARQUIVO...............: bin\System.IO.Pipelines.dll
2026-09-10 12:09:23 | INFO    | PipelineLogger.write | ARQUIVO...............: bin\System.Memory.dll
2026-09-10 12:09:23 | INFO    | PipelineLogger.write | ARQUIVO...............: bin\System.Net.Http.Json.dll
2026-09-10 12:09:23 | INFO    | PipelineLogger.write | ARQUIVO...............: bin\System.Numerics.Vectors.dll
2026-09-10 12:09:23 | INFO    | PipelineLogger.write | ARQUIVO...............: bin\System.Runtime.CompilerServices.Unsafe.dll
2026-09-10 12:09:23 | INFO    | PipelineLogger.write | ARQUIVO...............: bin\System.Text.Encodings.Web.dll
2026-09-10 12:09:24 | INFO    | PipelineLogger.write | ARQUIVO...............: bin\System.Text.Json.dll
2026-09-10 12:09:24 | INFO    | PipelineLogger.write | ARQUIVO...............: bin\System.Threading.Tasks.Extensions.dll
2026-09-10 12:09:24 | INFO    | PipelineLogger.write | ARQUIVO...............: bin\x64\libSkiaSharp.dll
2026-09-10 12:09:24 | INFO    | PipelineLogger.write | ARQUIVO...............: bin\x64\libSkiaSharp.so
2026-09-10 12:09:24 | INFO    | PipelineLogger.write | ARQUIVO...............: bin\x64\SQLite.Interop.dll
2026-09-10 12:09:24 | INFO    | PipelineLogger.write | ARQUIVO...............: bin\x86\libSkiaSharp.dll
2026-09-10 12:09:24 | INFO    | PipelineLogger.write | ARQUIVO...............: bin\x86\libSkiaSharp.so
2026-09-10 12:09:24 | INFO    | PipelineLogger.write | ARQUIVO...............: bin\x86\SQLite.Interop.dll
2026-09-10 12:09:24 | INFO    | PipelineLogger.write | ARQUIVO...............: bin\Xml\Movimento\Cte\Schemas\2.00\cancCTeTiposBasico_v2.00.xsd
2026-09-10 12:09:24 | INFO    | PipelineLogger.write | ARQUIVO...............: bin\Xml\Movimento\Cte\Schemas\2.00\consReciCTe_v2.00.xsd
2026-09-10 12:09:25 | INFO    | PipelineLogger.write | ARQUIVO...............: bin\Xml\Movimento\Cte\Schemas\2.00\consReciCTeTiposBasico_v2.00.xsd
2026-09-10 12:09:26 | INFO    | PipelineLogger.write | ARQUIVO...............: bin\Xml\Movimento\Cte\Schemas\2.00\consSitCTe_v2.00.xsd
2026-09-10 12:09:26 | INFO    | PipelineLogger.write | ARQUIVO...............: bin\Xml\Movimento\Cte\Schemas\2.00\consSitCTeTiposBasico_v2.00.xsd
2026-09-10 12:09:26 | INFO    | PipelineLogger.write | ARQUIVO...............: bin\Xml\Movimento\Cte\Schemas\2.00\consStatServCTe_v2.00.xsd
2026-09-10 12:09:26 | INFO    | PipelineLogger.write | ARQUIVO...............: bin\Xml\Movimento\Cte\Schemas\2.00\consStatServTiposBasico_v2.00.xsd
2026-09-10 12:09:26 | INFO    | PipelineLogger.write | ARQUIVO...............: bin\Xml\Movimento\Cte\Schemas\2.00\cte_v2.00.xsd
2026-09-10 12:09:27 | INFO    | PipelineLogger.write | ARQUIVO...............: bin\Xml\Movimento\Cte\Schemas\2.00\cteModalAereo_v2.00.xsd
2026-09-10 12:09:27 | INFO    | PipelineLogger.write | ARQUIVO...............: bin\Xml\Movimento\Cte\Schemas\2.00\cteModalAquaviario_v2.00.xsd
2026-09-10 12:09:27 | INFO    | PipelineLogger.write | ARQUIVO...............: bin\Xml\Movimento\Cte\Schemas\2.00\cteModalDutoviario_v2.00.xsd
2026-09-10 12:09:27 | INFO    | PipelineLogger.write | ARQUIVO...............: bin\Xml\Movimento\Cte\Schemas\2.00\cteModalFerroviario_v2.00.xsd
2026-09-10 12:09:28 | INFO    | PipelineLogger.write | ARQUIVO...............: bin\Xml\Movimento\Cte\Schemas\2.00\cteModalRodoviario_v2.00.xsd
2026-09-10 12:09:28 | INFO    | PipelineLogger.write | ARQUIVO...............: bin\Xml\Movimento\Cte\Schemas\2.00\cteMultiModal_v2.00.xsd
2026-09-10 12:09:29 | INFO    | PipelineLogger.write | ARQUIVO...............: bin\Xml\Movimento\Cte\Schemas\2.00\cteTiposBasico_v2.00.xsd
2026-09-10 12:09:29 | INFO    | PipelineLogger.write | ARQUIVO...............: bin\Xml\Movimento\Cte\Schemas\2.00\enviCTe_v2.00.xsd
2026-09-10 12:09:29 | INFO    | PipelineLogger.write | ARQUIVO...............: bin\Xml\Movimento\Cte\Schemas\2.00\evCancCTe_v2.00.xsd
2026-09-10 12:09:29 | INFO    | PipelineLogger.write | ARQUIVO...............: bin\Xml\Movimento\Cte\Schemas\2.00\evCCeCTe_v2.00.xsd
2026-09-10 12:09:29 | INFO    | PipelineLogger.write | ARQUIVO...............: bin\Xml\Movimento\Cte\Schemas\2.00\eventoCTe_v2.00.xsd
2026-09-10 12:09:30 | INFO    | PipelineLogger.write | ARQUIVO...............: bin\Xml\Movimento\Cte\Schemas\2.00\eventoCTeTiposBasico_v2.00.xsd
2026-09-10 12:09:30 | INFO    | PipelineLogger.write | ARQUIVO...............: bin\Xml\Movimento\Cte\Schemas\2.00\evEPECCTe_v2.00.xsd
2026-09-10 12:09:31 | INFO    | PipelineLogger.write | ARQUIVO...............: bin\Xml\Movimento\Cte\Schemas\2.00\evRegMultimodal_v2.00.xsd
2026-09-10 12:09:31 | INFO    | PipelineLogger.write | ARQUIVO...............: bin\Xml\Movimento\Cte\Schemas\2.00\inutCTe_v2.00.xsd
2026-09-10 12:09:32 | INFO    | PipelineLogger.write | ARQUIVO...............: bin\Xml\Movimento\Cte\Schemas\2.00\inutCTeTiposBasico_v2.00.xsd
2026-09-10 12:09:32 | INFO    | PipelineLogger.write | ARQUIVO...............: bin\Xml\Movimento\Cte\Schemas\2.00\procCTe_v2.00.xsd
2026-09-10 12:09:32 | INFO    | PipelineLogger.write | ARQUIVO...............: bin\Xml\Movimento\Cte\Schemas\2.00\procEventoCTe_v2.00.xsd
2026-09-10 12:09:33 | INFO    | PipelineLogger.write | ARQUIVO...............: bin\Xml\Movimento\Cte\Schemas\2.00\procInutCTe_v2.00.xsd
2026-09-10 12:09:33 | INFO    | PipelineLogger.write | ARQUIVO...............: bin\Xml\Movimento\Cte\Schemas\2.00\retConsReciCTe_v2.00.xsd
2026-09-10 12:09:33 | INFO    | PipelineLogger.write | ARQUIVO...............: bin\Xml\Movimento\Cte\Schemas\2.00\retConsSitCTe_v2.00.xsd
2026-09-10 12:09:34 | INFO    | PipelineLogger.write | ARQUIVO...............: bin\Xml\Movimento\Cte\Schemas\2.00\retConsStatServCTe_v2.00.xsd
2026-09-10 12:09:34 | INFO    | PipelineLogger.write | ARQUIVO...............: bin\Xml\Movimento\Cte\Schemas\2.00\retEnviCTe_v2.00.xsd
2026-09-10 12:09:34 | INFO    | PipelineLogger.write | ARQUIVO...............: bin\Xml\Movimento\Cte\Schemas\2.00\retEventoCTe_v2.00.xsd
2026-09-10 12:09:34 | INFO    | PipelineLogger.write | ARQUIVO...............: bin\Xml\Movimento\Cte\Schemas\2.00\retInutCTe_v2.00.xsd
2026-09-10 12:09:34 | INFO    | PipelineLogger.write | ARQUIVO...............: bin\Xml\Movimento\Cte\Schemas\2.00\tiposGeralCTe_v2.00.xsd
2026-09-10 12:09:34 | INFO    | PipelineLogger.write | ARQUIVO...............: bin\Xml\Movimento\Cte\Schemas\2.00\xmldsig-core-schema_v1.01.xsd
2026-09-10 12:09:34 | INFO    | PipelineLogger.write | ARQUIVO...............: bin\Xml\Movimento\Cte\Schemas\3.00\consReciCTe_v3.00.xsd
2026-09-10 12:09:34 | INFO    | PipelineLogger.write | ARQUIVO...............: bin\Xml\Movimento\Cte\Schemas\3.00\consReciCTeTiposBasico_v3.00.xsd
2026-09-10 12:09:34 | INFO    | PipelineLogger.write | ARQUIVO...............: bin\Xml\Movimento\Cte\Schemas\3.00\consSitCTe_v3.00.xsd
2026-09-10 12:09:35 | INFO    | PipelineLogger.write | ARQUIVO...............: bin\Xml\Movimento\Cte\Schemas\3.00\consSitCTeTiposBasico_v3.00.xsd
2026-09-10 12:09:35 | INFO    | PipelineLogger.write | ARQUIVO...............: bin\Xml\Movimento\Cte\Schemas\3.00\consStatServCTe_v3.00.xsd
2026-09-10 12:09:36 | INFO    | PipelineLogger.write | ARQUIVO...............: bin\Xml\Movimento\Cte\Schemas\3.00\consStatServTiposBasico_v3.00.xsd
2026-09-10 12:09:36 | INFO    | PipelineLogger.write | ARQUIVO...............: bin\Xml\Movimento\Cte\Schemas\3.00\cte_v3.00.xsd
2026-09-10 12:09:37 | INFO    | PipelineLogger.write | ARQUIVO...............: bin\Xml\Movimento\Cte\Schemas\3.00\cteModalAereo_v3.00.xsd
2026-09-10 12:09:37 | INFO    | PipelineLogger.write | ARQUIVO...............: bin\Xml\Movimento\Cte\Schemas\3.00\cteModalAquaviario_v3.00.xsd
2026-09-10 12:09:38 | INFO    | PipelineLogger.write | ARQUIVO...............: bin\Xml\Movimento\Cte\Schemas\3.00\cteModalDutoviario_v3.00.xsd
2026-09-10 12:09:38 | INFO    | PipelineLogger.write | ARQUIVO...............: bin\Xml\Movimento\Cte\Schemas\3.00\cteModalFerroviario_v3.00.xsd
2026-09-10 12:09:39 | INFO    | PipelineLogger.write | ARQUIVO...............: bin\Xml\Movimento\Cte\Schemas\3.00\cteModalRodoviario_v3.00.xsd
2026-09-10 12:09:39 | INFO    | PipelineLogger.write | ARQUIVO...............: bin\Xml\Movimento\Cte\Schemas\3.00\cteModalRodoviarioOS_v3.00.xsd
2026-09-10 12:09:39 | INFO    | PipelineLogger.write | ARQUIVO...............: bin\Xml\Movimento\Cte\Schemas\3.00\cteMultiModal_v3.00.xsd
2026-09-10 12:09:39 | INFO    | PipelineLogger.write | ARQUIVO...............: bin\Xml\Movimento\Cte\Schemas\3.00\cteOS_v3.00.xsd
2026-09-10 12:09:39 | INFO    | PipelineLogger.write | ARQUIVO...............: bin\Xml\Movimento\Cte\Schemas\3.00\cteTiposBasico_v3.00.xsd
2026-09-10 12:09:40 | INFO    | PipelineLogger.write | ARQUIVO...............: bin\Xml\Movimento\Cte\Schemas\3.00\enviCTe_v3.00.xsd
2026-09-10 12:09:41 | INFO    | PipelineLogger.write | ARQUIVO...............: bin\Xml\Movimento\Cte\Schemas\3.00\evCancCECTe_v3.00.xsd
2026-09-10 12:09:41 | INFO    | PipelineLogger.write | ARQUIVO...............: bin\Xml\Movimento\Cte\Schemas\3.00\evCancCTe_v3.00.xsd
2026-09-10 12:09:41 | INFO    | PipelineLogger.write | ARQUIVO...............: bin\Xml\Movimento\Cte\Schemas\3.00\evCCeCTe_v3.00.xsd
2026-09-10 12:09:42 | INFO    | PipelineLogger.write | ARQUIVO...............: bin\Xml\Movimento\Cte\Schemas\3.00\evCECTe_v3.00.xsd
2026-09-10 12:09:42 | INFO    | PipelineLogger.write | ARQUIVO...............: bin\Xml\Movimento\Cte\Schemas\3.00\eventoCTe_v3.00.xsd
2026-09-10 12:09:43 | INFO    | PipelineLogger.write | ARQUIVO...............: bin\Xml\Movimento\Cte\Schemas\3.00\eventoCTeTiposBasico_v3.00.xsd
2026-09-10 12:09:43 | INFO    | PipelineLogger.write | ARQUIVO...............: bin\Xml\Movimento\Cte\Schemas\3.00\evEPECCTe_v3.00.xsd
2026-09-10 12:09:44 | INFO    | PipelineLogger.write | ARQUIVO...............: bin\Xml\Movimento\Cte\Schemas\3.00\evGTV_v3.00.xsd
2026-09-10 12:09:44 | INFO    | PipelineLogger.write | ARQUIVO...............: bin\Xml\Movimento\Cte\Schemas\3.00\evPrestDesacordo_v3.00.xsd
2026-09-10 12:09:45 | INFO    | PipelineLogger.write | ARQUIVO...............: bin\Xml\Movimento\Cte\Schemas\3.00\evRegMultimodal_v3.00.xsd
2026-09-10 12:09:45 | INFO    | PipelineLogger.write | ARQUIVO...............: bin\Xml\Movimento\Cte\Schemas\3.00\GTVe_v3.00.xsd
2026-09-10 12:09:45 | INFO    | PipelineLogger.write | ARQUIVO...............: bin\Xml\Movimento\Cte\Schemas\3.00\inutCTe_v3.00.xsd
2026-09-10 12:09:45 | INFO    | PipelineLogger.write | ARQUIVO...............: bin\Xml\Movimento\Cte\Schemas\3.00\inutCTeTiposBasico_v3.00.xsd
2026-09-10 12:09:46 | INFO    | PipelineLogger.write | ARQUIVO...............: bin\Xml\Movimento\Cte\Schemas\3.00\procCTe_v3.00.xsd
2026-09-10 12:09:46 | INFO    | PipelineLogger.write | ARQUIVO...............: bin\Xml\Movimento\Cte\Schemas\3.00\procCTeOS_v3.00.xsd
2026-09-10 12:09:46 | INFO    | PipelineLogger.write | ARQUIVO...............: bin\Xml\Movimento\Cte\Schemas\3.00\procEventoCTe_v3.00.xsd
2026-09-10 12:09:46 | INFO    | PipelineLogger.write | ARQUIVO...............: bin\Xml\Movimento\Cte\Schemas\3.00\procGTVe_v3.00.xsd
2026-09-10 12:09:46 | INFO    | PipelineLogger.write | ARQUIVO...............: bin\Xml\Movimento\Cte\Schemas\3.00\procInutCTe_v3.00.xsd
2026-09-10 12:09:46 | INFO    | PipelineLogger.write | ARQUIVO...............: bin\Xml\Movimento\Cte\Schemas\3.00\retConsReciCTe_v3.00.xsd
2026-09-10 12:09:46 | INFO    | PipelineLogger.write | ARQUIVO...............: bin\Xml\Movimento\Cte\Schemas\3.00\retConsSitCTe_v3.00.xsd
2026-09-10 12:09:46 | INFO    | PipelineLogger.write | ARQUIVO...............: bin\Xml\Movimento\Cte\Schemas\3.00\retConsStatServCTe_v3.00.xsd
2026-09-10 12:09:46 | INFO    | PipelineLogger.write | ARQUIVO...............: bin\Xml\Movimento\Cte\Schemas\3.00\retCTe_v3.00.xsd
2026-09-10 12:09:47 | INFO    | PipelineLogger.write | ARQUIVO...............: bin\Xml\Movimento\Cte\Schemas\3.00\retCTeOS_v3.00.xsd
2026-09-10 12:09:47 | INFO    | PipelineLogger.write | ARQUIVO...............: bin\Xml\Movimento\Cte\Schemas\3.00\retEnviCTe_v3.00.xsd
2026-09-10 12:09:48 | INFO    | PipelineLogger.write | ARQUIVO...............: bin\Xml\Movimento\Cte\Schemas\3.00\retEventoCTe_v3.00.xsd
2026-09-10 12:09:48 | INFO    | PipelineLogger.write | ARQUIVO...............: bin\Xml\Movimento\Cte\Schemas\3.00\retGTVe_v3.00.xsd
2026-09-10 12:09:48 | INFO    | PipelineLogger.write | ARQUIVO...............: bin\Xml\Movimento\Cte\Schemas\3.00\retInutCTe_v3.00.xsd
2026-09-10 12:09:48 | INFO    | PipelineLogger.write | ARQUIVO...............: bin\Xml\Movimento\Cte\Schemas\3.00\tiposGeralCTe_v3.00.xsd
2026-09-10 12:09:48 | INFO    | PipelineLogger.write | ARQUIVO...............: bin\Xml\Movimento\Cte\Schemas\3.00\xmldsig-core-schema_v1.01.xsd
2026-09-10 12:09:48 | INFO    | PipelineLogger.write | ARQUIVO...............: bin\Xml\Movimento\Cte\Schemas\4.00\consSitCTe_v4.00.xsd
2026-09-10 12:09:48 | INFO    | PipelineLogger.write | ARQUIVO...............: bin\Xml\Movimento\Cte\Schemas\4.00\consSitCTeTiposBasico_v4.00.xsd
2026-09-10 12:09:48 | INFO    | PipelineLogger.write | ARQUIVO...............: bin\Xml\Movimento\Cte\Schemas\4.00\consStatServCTe_v4.00.xsd
2026-09-10 12:09:49 | INFO    | PipelineLogger.write | ARQUIVO...............: bin\Xml\Movimento\Cte\Schemas\4.00\consStatServTiposBasico_v4.00.xsd
2026-09-10 12:09:49 | INFO    | PipelineLogger.write | ARQUIVO...............: bin\Xml\Movimento\Cte\Schemas\4.00\cte_v4.00.xsd
2026-09-10 12:09:49 | INFO    | PipelineLogger.write | ARQUIVO...............: bin\Xml\Movimento\Cte\Schemas\4.00\cteModalAereo_v4.00.xsd
2026-09-10 12:09:49 | INFO    | PipelineLogger.write | ARQUIVO...............: bin\Xml\Movimento\Cte\Schemas\4.00\cteModalAquaviario_v4.00.xsd
2026-09-10 12:09:50 | INFO    | PipelineLogger.write | ARQUIVO...............: bin\Xml\Movimento\Cte\Schemas\4.00\cteModalDutoviario_v4.00.xsd
2026-09-10 12:09:50 | INFO    | PipelineLogger.write | ARQUIVO...............: bin\Xml\Movimento\Cte\Schemas\4.00\cteModalFerroviario_v4.00.xsd
2026-09-10 12:09:51 | INFO    | PipelineLogger.write | ARQUIVO...............: bin\Xml\Movimento\Cte\Schemas\4.00\cteModalRodoviario_v4.00.xsd
2026-09-10 12:09:51 | INFO    | PipelineLogger.write | ARQUIVO...............: bin\Xml\Movimento\Cte\Schemas\4.00\cteModalRodoviarioOS_v4.00.xsd
2026-09-10 12:09:52 | INFO    | PipelineLogger.write | ARQUIVO...............: bin\Xml\Movimento\Cte\Schemas\4.00\cteMultiModal_v4.00.xsd
2026-09-10 12:09:52 | INFO    | PipelineLogger.write | ARQUIVO...............: bin\Xml\Movimento\Cte\Schemas\4.00\cteOS_v4.00.xsd
2026-09-10 12:09:52 | INFO    | PipelineLogger.write | ARQUIVO...............: bin\Xml\Movimento\Cte\Schemas\4.00\cteTiposBasico_v4.00.xsd
2026-09-10 12:09:52 | INFO    | PipelineLogger.write | ARQUIVO...............: bin\Xml\Movimento\Cte\Schemas\4.00\evCancCECTe_v4.00.xsd
2026-09-10 12:09:52 | INFO    | PipelineLogger.write | ARQUIVO...............: bin\Xml\Movimento\Cte\Schemas\4.00\evCancCTe_v4.00.xsd
2026-09-10 12:09:52 | INFO    | PipelineLogger.write | ARQUIVO...............: bin\Xml\Movimento\Cte\Schemas\4.00\evCancIECTe_v4.00.xsd
2026-09-10 12:09:52 | INFO    | PipelineLogger.write | ARQUIVO...............: bin\Xml\Movimento\Cte\Schemas\4.00\evCancPrestDesacordo_v4.00.xsd
2026-09-10 12:09:52 | INFO    | PipelineLogger.write | ARQUIVO...............: bin\Xml\Movimento\Cte\Schemas\4.00\evCCeCTe_v4.00.xsd
2026-09-10 12:09:52 | INFO    | PipelineLogger.write | ARQUIVO...............: bin\Xml\Movimento\Cte\Schemas\4.00\evCECTe_v4.00.xsd
2026-09-10 12:09:52 | INFO    | PipelineLogger.write | ARQUIVO...............: bin\Xml\Movimento\Cte\Schemas\4.00\eventoCTe_v4.00.xsd
2026-09-10 12:09:53 | INFO    | PipelineLogger.write | ARQUIVO...............: bin\Xml\Movimento\Cte\Schemas\4.00\eventoCTeTiposBasico_v4.00.xsd
2026-09-10 12:09:53 | INFO    | PipelineLogger.write | ARQUIVO...............: bin\Xml\Movimento\Cte\Schemas\4.00\evEPECCTe_v4.00.xsd
2026-09-10 12:09:53 | INFO    | PipelineLogger.write | ARQUIVO...............: bin\Xml\Movimento\Cte\Schemas\4.00\evGTV_v4.00.xsd
2026-09-10 12:09:53 | INFO    | PipelineLogger.write | ARQUIVO...............: bin\Xml\Movimento\Cte\Schemas\4.00\evIECTe_v4.00.xsd
2026-09-10 12:09:53 | INFO    | PipelineLogger.write | ARQUIVO...............: bin\Xml\Movimento\Cte\Schemas\4.00\evPrestDesacordo_v4.00.xsd
2026-09-10 12:09:53 | INFO    | PipelineLogger.write | ARQUIVO...............: bin\Xml\Movimento\Cte\Schemas\4.00\evRegMultimodal_v4.00.xsd
2026-09-10 12:09:53 | INFO    | PipelineLogger.write | ARQUIVO...............: bin\Xml\Movimento\Cte\Schemas\4.00\GTVe_v4.00.xsd
2026-09-10 12:09:53 | INFO    | PipelineLogger.write | ARQUIVO...............: bin\Xml\Movimento\Cte\Schemas\4.00\inutCTe_v4.00.xsd
2026-09-10 12:09:53 | INFO    | PipelineLogger.write | ARQUIVO...............: bin\Xml\Movimento\Cte\Schemas\4.00\inutCTeTiposBasico_v4.00.xsd
2026-09-10 12:09:53 | INFO    | PipelineLogger.write | ARQUIVO...............: bin\Xml\Movimento\Cte\Schemas\4.00\procCTe_v4.00.xsd
2026-09-10 12:09:53 | INFO    | PipelineLogger.write | ARQUIVO...............: bin\Xml\Movimento\Cte\Schemas\4.00\procCTeOS_v4.00.xsd
2026-09-10 12:09:53 | INFO    | PipelineLogger.write | ARQUIVO...............: bin\Xml\Movimento\Cte\Schemas\4.00\procEventoCTe_v4.00.xsd
2026-09-10 12:09:53 | INFO    | PipelineLogger.write | ARQUIVO...............: bin\Xml\Movimento\Cte\Schemas\4.00\procGTVe_v4.00.xsd
2026-09-10 12:09:53 | INFO    | PipelineLogger.write | ARQUIVO...............: bin\Xml\Movimento\Cte\Schemas\4.00\procInutCTe_v4.00.xsd
2026-09-10 12:09:53 | INFO    | PipelineLogger.write | ARQUIVO...............: bin\Xml\Movimento\Cte\Schemas\4.00\retConsSitCTe_v4.00.xsd
2026-09-10 12:09:53 | INFO    | PipelineLogger.write | ARQUIVO...............: bin\Xml\Movimento\Cte\Schemas\4.00\retConsStatServCTe_v4.00.xsd
2026-09-10 12:09:53 | INFO    | PipelineLogger.write | ARQUIVO...............: bin\Xml\Movimento\Cte\Schemas\4.00\retCTe_v4.00.xsd
2026-09-10 12:09:53 | INFO    | PipelineLogger.write | ARQUIVO...............: bin\Xml\Movimento\Cte\Schemas\4.00\retCTeOS_v4.00.xsd
2026-09-10 12:09:54 | INFO    | PipelineLogger.write | ARQUIVO...............: bin\Xml\Movimento\Cte\Schemas\4.00\retEventoCTe_v4.00.xsd
2026-09-10 12:09:54 | INFO    | PipelineLogger.write | ARQUIVO...............: bin\Xml\Movimento\Cte\Schemas\4.00\retGTVe_v4.00.xsd
2026-09-10 12:09:54 | INFO    | PipelineLogger.write | ARQUIVO...............: bin\Xml\Movimento\Cte\Schemas\4.00\retInutCTe_v4.00.xsd
2026-09-10 12:09:54 | INFO    | PipelineLogger.write | ARQUIVO...............: bin\Xml\Movimento\Cte\Schemas\4.00\tiposGeralCTe_v4.00.xsd
2026-09-10 12:09:54 | INFO    | PipelineLogger.write | ARQUIVO...............: bin\Xml\Movimento\Cte\Schemas\4.00\xmldsig-core-schema_v1.01.xsd
2026-09-10 12:09:54 | INFO    | PipelineLogger.write | ARQUIVO...............: bin\Xml\Movimento\NFe\Schemas\atuCadEmiDFe_v1.01.xsd
2026-09-10 12:09:54 | INFO    | PipelineLogger.write | ARQUIVO...............: bin\Xml\Movimento\NFe\Schemas\autorizacao_v1.00.xsd
2026-09-10 12:09:54 | INFO    | PipelineLogger.write | ARQUIVO...............: bin\Xml\Movimento\NFe\Schemas\autorizacaoRetorno_v1.00.xsd
2026-09-10 12:09:54 | INFO    | PipelineLogger.write | ARQUIVO...............: bin\Xml\Movimento\NFe\Schemas\Averb_v1.00.xsd
2026-09-10 12:09:54 | INFO    | PipelineLogger.write | ARQUIVO...............: bin\Xml\Movimento\NFe\Schemas\cabecMsg_v1.02.xsd
2026-09-10 12:09:54 | INFO    | PipelineLogger.write | ARQUIVO...............: bin\Xml\Movimento\NFe\Schemas\cadEmiDFe_v1.01.xsd
2026-09-10 12:09:55 | INFO    | PipelineLogger.write | ARQUIVO...............: bin\Xml\Movimento\NFe\Schemas\cancNFe_v2.00.xsd
2026-09-10 12:09:56 | INFO    | PipelineLogger.write | ARQUIVO...............: bin\Xml\Movimento\NFe\Schemas\CCe_v1.00.xsd
2026-09-10 12:09:56 | INFO    | PipelineLogger.write | ARQUIVO...............: bin\Xml\Movimento\NFe\Schemas\confRecebto_v1.00.xsd
2026-09-10 12:09:56 | INFO    | PipelineLogger.write | ARQUIVO...............: bin\Xml\Movimento\NFe\Schemas\consCad_v2.00.xsd
2026-09-10 12:09:56 | INFO    | PipelineLogger.write | ARQUIVO...............: bin\Xml\Movimento\NFe\Schemas\consCad_v3.10.xsd
2026-09-10 12:09:56 | INFO    | PipelineLogger.write | ARQUIVO...............: bin\Xml\Movimento\NFe\Schemas\consDPEC_v1.01.xsd
2026-09-10 12:09:56 | INFO    | PipelineLogger.write | ARQUIVO...............: bin\Xml\Movimento\NFe\Schemas\consGTIN_v1.00.xsd
2026-09-10 12:09:56 | INFO    | PipelineLogger.write | ARQUIVO...............: bin\Xml\Movimento\NFe\Schemas\consNFeDest_v1.01.xsd
2026-09-10 12:09:56 | INFO    | PipelineLogger.write | ARQUIVO...............: bin\Xml\Movimento\NFe\Schemas\consReciNFe_v2.00.xsd
2026-09-10 12:09:56 | INFO    | PipelineLogger.write | ARQUIVO...............: bin\Xml\Movimento\NFe\Schemas\consReciNFe_v3.10.xsd
2026-09-10 12:09:56 | INFO    | PipelineLogger.write | ARQUIVO...............: bin\Xml\Movimento\NFe\Schemas\consReciNFe_v4.00.xsd
2026-09-10 12:09:57 | INFO    | PipelineLogger.write | ARQUIVO...............: bin\Xml\Movimento\NFe\Schemas\consSitNFe_v2.00.xsd
2026-09-10 12:09:57 | INFO    | PipelineLogger.write | ARQUIVO...............: bin\Xml\Movimento\NFe\Schemas\consSitNFe_v2.01.xsd
2026-09-10 12:09:57 | INFO    | PipelineLogger.write | ARQUIVO...............: bin\Xml\Movimento\NFe\Schemas\consSitNFe_v3.10.xsd
2026-09-10 12:09:57 | INFO    | PipelineLogger.write | ARQUIVO...............: bin\Xml\Movimento\NFe\Schemas\consSitNFe_v4.00.xsd
2026-09-10 12:09:57 | INFO    | PipelineLogger.write | ARQUIVO...............: bin\Xml\Movimento\NFe\Schemas\consStatServ_v2.00.xsd
2026-09-10 12:09:57 | INFO    | PipelineLogger.write | ARQUIVO...............: bin\Xml\Movimento\NFe\Schemas\consStatServ_v3.10.xsd
2026-09-10 12:09:57 | INFO    | PipelineLogger.write | ARQUIVO...............: bin\Xml\Movimento\NFe\Schemas\consStatServ_v4.00.xsd
2026-09-10 12:09:57 | INFO    | PipelineLogger.write | ARQUIVO...............: bin\Xml\Movimento\NFe\Schemas\DFeTiposBasicos_v1.00.xsd
2026-09-10 12:09:57 | INFO    | PipelineLogger.write | ARQUIVO...............: bin\Xml\Movimento\NFe\Schemas\distDFeInt_v1.00.xsd
2026-09-10 12:09:57 | INFO    | PipelineLogger.write | ARQUIVO...............: bin\Xml\Movimento\NFe\Schemas\distDFeInt_v1.01.xsd
2026-09-10 12:09:57 | INFO    | PipelineLogger.write | ARQUIVO...............: bin\Xml\Movimento\NFe\Schemas\downloadNFe_v1.00.xsd
2026-09-10 12:09:57 | INFO    | PipelineLogger.write | ARQUIVO...............: bin\Xml\Movimento\NFe\Schemas\e110110_v1.00.xsd
2026-09-10 12:09:57 | INFO    | PipelineLogger.write | ARQUIVO...............: bin\Xml\Movimento\NFe\Schemas\e110111_v1.00.xsd
2026-09-10 12:09:57 | INFO    | PipelineLogger.write | ARQUIVO...............: bin\Xml\Movimento\NFe\Schemas\e110112_v1.00.xsd
2026-09-10 12:09:57 | INFO    | PipelineLogger.write | ARQUIVO...............: bin\Xml\Movimento\NFe\Schemas\e110130_v1.00.xsd
2026-09-10 12:09:57 | INFO    | PipelineLogger.write | ARQUIVO...............: bin\Xml\Movimento\NFe\Schemas\e110131_v1.00.xsd
2026-09-10 12:09:57 | INFO    | PipelineLogger.write | ARQUIVO...............: bin\Xml\Movimento\NFe\Schemas\e110140_v1.00.xsd
2026-09-10 12:09:57 | INFO    | PipelineLogger.write | ARQUIVO...............: bin\Xml\Movimento\NFe\Schemas\e110140NFCe_v1.00.xsd
2026-09-10 12:09:58 | INFO    | PipelineLogger.write | ARQUIVO...............: bin\Xml\Movimento\NFe\Schemas\e110140NFe_v1.00.xsd
2026-09-10 12:09:58 | INFO    | PipelineLogger.write | ARQUIVO...............: bin\Xml\Movimento\NFe\Schemas\e110150_v1.00.xsd
2026-09-10 12:09:58 | INFO    | PipelineLogger.write | ARQUIVO...............: bin\Xml\Movimento\NFe\Schemas\e110192_v1.00.xsd
2026-09-10 12:09:58 | INFO    | PipelineLogger.write | ARQUIVO...............: bin\Xml\Movimento\NFe\Schemas\e110193_v1.00.xsd
2026-09-10 12:09:58 | INFO    | PipelineLogger.write | ARQUIVO...............: bin\Xml\Movimento\NFe\Schemas\e110750_v1.00.xsd
2026-09-10 12:09:58 | INFO    | PipelineLogger.write | ARQUIVO...............: bin\Xml\Movimento\NFe\Schemas\e110751_v1.00.xsd
2026-09-10 12:09:58 | INFO    | PipelineLogger.write | ARQUIVO...............: bin\Xml\Movimento\NFe\Schemas\e111500_v1.00.xsd
2026-09-10 12:09:58 | INFO    | PipelineLogger.write | ARQUIVO...............: bin\Xml\Movimento\NFe\Schemas\e111501_v1.00.xsd
2026-09-10 12:09:58 | INFO    | PipelineLogger.write | ARQUIVO...............: bin\Xml\Movimento\NFe\Schemas\e111502_v1.00.xsd
2026-09-10 12:09:58 | INFO    | PipelineLogger.write | ARQUIVO...............: bin\Xml\Movimento\NFe\Schemas\e111503_v1.00.xsd
2026-09-10 12:09:58 | INFO    | PipelineLogger.write | ARQUIVO...............: bin\Xml\Movimento\NFe\Schemas\e210200_v1.00.xsd
2026-09-10 12:09:58 | INFO    | PipelineLogger.write | ARQUIVO...............: bin\Xml\Movimento\NFe\Schemas\e210210_v1.00.xsd
2026-09-10 12:09:59 | INFO    | PipelineLogger.write | ARQUIVO...............: bin\Xml\Movimento\NFe\Schemas\e210220_v1.00.xsd
2026-09-10 12:09:59 | INFO    | PipelineLogger.write | ARQUIVO...............: bin\Xml\Movimento\NFe\Schemas\e210240_v1.00.xsd
2026-09-10 12:10:00 | INFO    | PipelineLogger.write | ARQUIVO...............: bin\Xml\Movimento\NFe\Schemas\e411500_v1.00.xsd
2026-09-10 12:10:00 | INFO    | PipelineLogger.write | ARQUIVO...............: bin\Xml\Movimento\NFe\Schemas\e411501_v1.00.xsd
2026-09-10 12:10:00 | INFO    | PipelineLogger.write | ARQUIVO...............: bin\Xml\Movimento\NFe\Schemas\e411502_v1.00.xsd
2026-09-10 12:10:00 | INFO    | PipelineLogger.write | ARQUIVO...............: bin\Xml\Movimento\NFe\Schemas\e411503_v1.00.xsd
2026-09-10 12:10:00 | INFO    | PipelineLogger.write | ARQUIVO...............: bin\Xml\Movimento\NFe\Schemas\e610130_v1.00.xsd
2026-09-10 12:10:00 | INFO    | PipelineLogger.write | ARQUIVO...............: bin\Xml\Movimento\NFe\Schemas\e610131_v1.00.xsd
2026-09-10 12:10:00 | INFO    | PipelineLogger.write | ARQUIVO...............: bin\Xml\Movimento\NFe\Schemas\e790700_v1.00.xsd
2026-09-10 12:10:00 | INFO    | PipelineLogger.write | ARQUIVO...............: bin\Xml\Movimento\NFe\Schemas\e990900_v1.00.xsd
2026-09-10 12:10:00 | INFO    | PipelineLogger.write | ARQUIVO...............: bin\Xml\Movimento\NFe\Schemas\e990910_v1.00.xsd
2026-09-10 12:10:01 | INFO    | PipelineLogger.write | ARQUIVO...............: bin\Xml\Movimento\NFe\Schemas\envAverb_v1.00.xsd
2026-09-10 12:10:01 | INFO    | PipelineLogger.write | ARQUIVO...............: bin\Xml\Movimento\NFe\Schemas\envCancelPProrrogNFe_v1.0.xsd
2026-09-10 12:10:02 | INFO    | PipelineLogger.write | ARQUIVO...............: bin\Xml\Movimento\NFe\Schemas\envCCe_v1.00.xsd
2026-09-10 12:10:02 | INFO    | PipelineLogger.write | ARQUIVO...............: bin\Xml\Movimento\NFe\Schemas\envComprovanteEntregaNFe_v1.00.xsd
2026-09-10 12:10:02 | INFO    | PipelineLogger.write | ARQUIVO...............: bin\Xml\Movimento\NFe\Schemas\envConfRecebto_v1.00.xsd
2026-09-10 12:10:02 | INFO    | PipelineLogger.write | ARQUIVO...............: bin\Xml\Movimento\NFe\Schemas\envDPEC_v1.01.xsd
2026-09-10 12:10:03 | INFO    | PipelineLogger.write | ARQUIVO...............: bin\Xml\Movimento\NFe\Schemas\envEPEC_v1.00.xsd
2026-09-10 12:10:03 | INFO    | PipelineLogger.write | ARQUIVO...............: bin\Xml\Movimento\NFe\Schemas\envEvento_v1.00.xsd
2026-09-10 12:10:03 | INFO    | PipelineLogger.write | ARQUIVO...............: bin\Xml\Movimento\NFe\Schemas\envEventoAtorInteressado_v1.00.xsd
2026-09-10 12:10:03 | INFO    | PipelineLogger.write | ARQUIVO...............: bin\Xml\Movimento\NFe\Schemas\envEventoCancEConf_v1.00.xsd
2026-09-10 12:10:03 | INFO    | PipelineLogger.write | ARQUIVO...............: bin\Xml\Movimento\NFe\Schemas\envEventoCancEntregaNFe_v1.00.xsd
2026-09-10 12:10:03 | INFO    | PipelineLogger.write | ARQUIVO...............: bin\Xml\Movimento\NFe\Schemas\envEventoCancInsucessoNFe_v1.00.xsd
2026-09-10 12:10:03 | INFO    | PipelineLogger.write | ARQUIVO...............: bin\Xml\Movimento\NFe\Schemas\envEventoCancNFe_v1.00.xsd
2026-09-10 12:10:03 | INFO    | PipelineLogger.write | ARQUIVO...............: bin\Xml\Movimento\NFe\Schemas\envEventoCancSubst_v1.00.xsd
2026-09-10 12:10:03 | INFO    | PipelineLogger.write | ARQUIVO...............: bin\Xml\Movimento\NFe\Schemas\envEventoEConf_v1.00.xsd
2026-09-10 12:10:04 | INFO    | PipelineLogger.write | ARQUIVO...............: bin\Xml\Movimento\NFe\Schemas\envEventoEntregaNFe_v1.00.xsd
2026-09-10 12:10:04 | INFO    | PipelineLogger.write | ARQUIVO...............: bin\Xml\Movimento\NFe\Schemas\envEventoInsucessoNFe_v1.00.xsd
2026-09-10 12:10:05 | INFO    | PipelineLogger.write | ARQUIVO...............: bin\Xml\Movimento\NFe\Schemas\envFiscoNfe_v1.0.xsd
2026-09-10 12:10:06 | INFO    | PipelineLogger.write | ARQUIVO...............: bin\Xml\Movimento\NFe\Schemas\enviNFe_v2.00.xsd
2026-09-10 12:10:07 | INFO    | PipelineLogger.write | ARQUIVO...............: bin\Xml\Movimento\NFe\Schemas\enviNFe_v3.10.xsd
2026-09-10 12:10:07 | INFO    | PipelineLogger.write | ARQUIVO...............: bin\Xml\Movimento\NFe\Schemas\enviNFe_v4.00.xsd
2026-09-10 12:10:07 | INFO    | PipelineLogger.write | ARQUIVO...............: bin\Xml\Movimento\NFe\Schemas\envPProrrogNFe_v1.0.xsd
2026-09-10 12:10:08 | INFO    | PipelineLogger.write | ARQUIVO...............: bin\Xml\Movimento\NFe\Schemas\envRemIndus_v1.00.xsd
2026-09-10 12:10:08 | INFO    | PipelineLogger.write | ARQUIVO...............: bin\Xml\Movimento\NFe\Schemas\envSuframaInternaliza_v1.00.xsd
2026-09-10 12:10:08 | INFO    | PipelineLogger.write | ARQUIVO...............: bin\Xml\Movimento\NFe\Schemas\envSuframaVistoria_v1.00.xsd
2026-09-10 12:10:08 | INFO    | PipelineLogger.write | ARQUIVO...............: bin\Xml\Movimento\NFe\Schemas\EPEC_v1.00.xsd
2026-09-10 12:10:08 | INFO    | PipelineLogger.write | ARQUIVO...............: bin\Xml\Movimento\NFe\Schemas\eventoAtorInteressado_v1.00.xsd
2026-09-10 12:10:08 | INFO    | PipelineLogger.write | ARQUIVO...............: bin\Xml\Movimento\NFe\Schemas\EventoCancEConf_v1.00.xsd
2026-09-10 12:10:08 | INFO    | PipelineLogger.write | ARQUIVO...............: bin\Xml\Movimento\NFe\Schemas\eventoCancEntregaNFe_v1.00.xsd
2026-09-10 12:10:08 | INFO    | PipelineLogger.write | ARQUIVO...............: bin\Xml\Movimento\NFe\Schemas\EventoCancInsucessoNFe_v1.00.xsd
2026-09-10 12:10:08 | INFO    | PipelineLogger.write | ARQUIVO...............: bin\Xml\Movimento\NFe\Schemas\eventoCancNFe_v1.00.xsd
2026-09-10 12:10:09 | INFO    | PipelineLogger.write | ARQUIVO...............: bin\Xml\Movimento\NFe\Schemas\eventoCancSubst_v1.00.xsd
2026-09-10 12:10:10 | INFO    | PipelineLogger.write | ARQUIVO...............: bin\Xml\Movimento\NFe\Schemas\EventoEConf_v1.00.xsd
2026-09-10 12:10:10 | INFO    | PipelineLogger.write | ARQUIVO...............: bin\Xml\Movimento\NFe\Schemas\eventoEntregaNFe_v1.00.xsd
2026-09-10 12:10:11 | INFO    | PipelineLogger.write | ARQUIVO...............: bin\Xml\Movimento\NFe\Schemas\eventoEPEC_v0.01.xsd
2026-09-10 12:10:11 | INFO    | PipelineLogger.write | ARQUIVO...............: bin\Xml\Movimento\NFe\Schemas\eventoEPEC_v1.00.xsd
2026-09-10 12:10:11 | INFO    | PipelineLogger.write | ARQUIVO...............: bin\Xml\Movimento\NFe\Schemas\EventoInsucessoNFe_v1.00.xsd
2026-09-10 12:10:11 | INFO    | PipelineLogger.write | ARQUIVO...............: bin\Xml\Movimento\NFe\Schemas\eventoRemIndus_v1.00.xsd
2026-09-10 12:10:12 | INFO    | PipelineLogger.write | ARQUIVO...............: bin\Xml\Movimento\NFe\Schemas\inutNFe_v2.00.xsd
2026-09-10 12:10:12 | INFO    | PipelineLogger.write | ARQUIVO...............: bin\Xml\Movimento\NFe\Schemas\inutNFe_v3.10.xsd
2026-09-10 12:10:13 | INFO    | PipelineLogger.write | ARQUIVO...............: bin\Xml\Movimento\NFe\Schemas\inutNFe_v4.00.xsd
2026-09-10 12:10:13 | INFO    | PipelineLogger.write | ARQUIVO...............: bin\Xml\Movimento\NFe\Schemas\leiauteAverb_v1.00.xsd
2026-09-10 12:10:14 | INFO    | PipelineLogger.write | ARQUIVO...............: bin\Xml\Movimento\NFe\Schemas\LeiauteCadastroEmissorDFe_v1.01.xsd
2026-09-10 12:10:14 | INFO    | PipelineLogger.write | ARQUIVO...............: bin\Xml\Movimento\NFe\Schemas\leiauteCancNFe_v2.00.xsd
2026-09-10 12:10:15 | INFO    | PipelineLogger.write | ARQUIVO...............: bin\Xml\Movimento\NFe\Schemas\leiauteCCe_v1.00.xsd
2026-09-10 12:10:15 | INFO    | PipelineLogger.write | ARQUIVO...............: bin\Xml\Movimento\NFe\Schemas\leiauteCcgConsGTIN_v1.00.xsd
2026-09-10 12:10:15 | INFO    | PipelineLogger.write | ARQUIVO...............: bin\Xml\Movimento\NFe\Schemas\leiauteComprovanteEntregaNFe_v1.00.xsd
2026-09-10 12:10:15 | INFO    | PipelineLogger.write | ARQUIVO...............: bin\Xml\Movimento\NFe\Schemas\leiauteConfRecebto_v1.00.xsd
2026-09-10 12:10:16 | INFO    | PipelineLogger.write | ARQUIVO...............: bin\Xml\Movimento\NFe\Schemas\leiauteConsNFeDest_v1.01.xsd
2026-09-10 12:10:16 | INFO    | PipelineLogger.write | ARQUIVO...............: bin\Xml\Movimento\NFe\Schemas\leiauteConsSitNFe_v2.01.xsd
2026-09-10 12:10:17 | INFO    | PipelineLogger.write | ARQUIVO...............: bin\Xml\Movimento\NFe\Schemas\leiauteConsSitNFe_v3.10.xsd
2026-09-10 12:10:17 | INFO    | PipelineLogger.write | ARQUIVO...............: bin\Xml\Movimento\NFe\Schemas\leiauteConsSitNFe_v4.00.xsd
2026-09-10 12:10:17 | INFO    | PipelineLogger.write | ARQUIVO...............: bin\Xml\Movimento\NFe\Schemas\leiauteConsStatServ_v2.00.xsd
2026-09-10 12:10:18 | INFO    | PipelineLogger.write | ARQUIVO...............: bin\Xml\Movimento\NFe\Schemas\leiauteConsStatServ_v3.10.xsd
2026-09-10 12:10:18 | INFO    | PipelineLogger.write | ARQUIVO...............: bin\Xml\Movimento\NFe\Schemas\leiauteConsStatServ_v4.00.xsd
2026-09-10 12:10:19 | INFO    | PipelineLogger.write | ARQUIVO...............: bin\Xml\Movimento\NFe\Schemas\leiauteConsultaCadastro_v1.01.xsd
2026-09-10 12:10:20 | INFO    | PipelineLogger.write | ARQUIVO...............: bin\Xml\Movimento\NFe\Schemas\leiauteConsultaCadastro_v2.00.xsd
2026-09-10 12:10:20 | INFO    | PipelineLogger.write | ARQUIVO...............: bin\Xml\Movimento\NFe\Schemas\leiauteConsultaCadastro_v3.10.xsd
2026-09-10 12:10:21 | INFO    | PipelineLogger.write | ARQUIVO...............: bin\Xml\Movimento\NFe\Schemas\leiauteDownloadNFe_v1.00.xsd
2026-09-10 12:10:21 | INFO    | PipelineLogger.write | ARQUIVO...............: bin\Xml\Movimento\NFe\Schemas\leiauteDPEC_v1.01.xsd
2026-09-10 12:10:21 | INFO    | PipelineLogger.write | ARQUIVO...............: bin\Xml\Movimento\NFe\Schemas\leiauteEPEC_v1.00.xsd
2026-09-10 12:10:21 | INFO    | PipelineLogger.write | ARQUIVO...............: bin\Xml\Movimento\NFe\Schemas\leiauteEvento_v1.00.xsd
2026-09-10 12:10:21 | INFO    | PipelineLogger.write | ARQUIVO...............: bin\Xml\Movimento\NFe\Schemas\leiauteEventoAtorInteressado_v1.00.xsd
2026-09-10 12:10:21 | INFO    | PipelineLogger.write | ARQUIVO...............: bin\Xml\Movimento\NFe\Schemas\leiauteEventoCancEConf_v1.00.xsd
2026-09-10 12:10:21 | INFO    | PipelineLogger.write | ARQUIVO...............: bin\Xml\Movimento\NFe\Schemas\leiauteEventoCancEntregaNFe_v1.00.xsd
2026-09-10 12:10:21 | INFO    | PipelineLogger.write | ARQUIVO...............: bin\Xml\Movimento\NFe\Schemas\leiauteEventoCancInsucessoNFe_v1.00.xsd
2026-09-10 12:10:21 | INFO    | PipelineLogger.write | ARQUIVO...............: bin\Xml\Movimento\NFe\Schemas\leiauteEventoCancNFe_v1.00.xsd
2026-09-10 12:10:21 | INFO    | PipelineLogger.write | ARQUIVO...............: bin\Xml\Movimento\NFe\Schemas\leiauteEventoCancSubst_v1.00.xsd
2026-09-10 12:10:21 | INFO    | PipelineLogger.write | ARQUIVO...............: bin\Xml\Movimento\NFe\Schemas\leiauteEventoEConf_v1.00.xsd
2026-09-10 12:10:21 | INFO    | PipelineLogger.write | ARQUIVO...............: bin\Xml\Movimento\NFe\Schemas\leiauteEventoEntregaNFe_v1.00.xsd
2026-09-10 12:10:22 | INFO    | PipelineLogger.write | ARQUIVO...............: bin\Xml\Movimento\NFe\Schemas\leiauteEventoInsucessoNFe_v1.00.xsd
2026-09-10 12:10:22 | INFO    | PipelineLogger.write | ARQUIVO...............: bin\Xml\Movimento\NFe\Schemas\leiauteInutNFe_v2.00.xsd
2026-09-10 12:10:23 | INFO    | PipelineLogger.write | ARQUIVO...............: bin\Xml\Movimento\NFe\Schemas\leiauteInutNFe_v3.10.xsd
2026-09-10 12:10:23 | INFO    | PipelineLogger.write | ARQUIVO...............: bin\Xml\Movimento\NFe\Schemas\leiauteInutNFe_v4.00.xsd
2026-09-10 12:10:23 | INFO    | PipelineLogger.write | ARQUIVO...............: bin\Xml\Movimento\NFe\Schemas\leiauteLivroCombustivel_v1.00.xsd
2026-09-10 12:10:24 | INFO    | PipelineLogger.write | ARQUIVO...............: bin\Xml\Movimento\NFe\Schemas\leiauteLMCAutorizacao_v1.00.xsd
2026-09-10 12:10:24 | INFO    | PipelineLogger.write | ARQUIVO...............: bin\Xml\Movimento\NFe\Schemas\leiauteLMCAutorizacaoRetorno_v1.00.xsd
2026-09-10 12:10:24 | INFO    | PipelineLogger.write | ARQUIVO...............: bin\Xml\Movimento\NFe\Schemas\leiauteLMCStatusServico_v1.00.xsd
2026-09-10 12:10:24 | INFO    | PipelineLogger.write | ARQUIVO...............: bin\Xml\Movimento\NFe\Schemas\leiauteNFe_v2.00.xsd
2026-09-10 12:10:24 | INFO    | PipelineLogger.write | ARQUIVO...............: bin\Xml\Movimento\NFe\Schemas\leiauteNFe_v3.10.xsd
2026-09-10 12:10:24 | INFO    | PipelineLogger.write | ARQUIVO...............: bin\Xml\Movimento\NFe\Schemas\leiauteNFe_v4.00.xsd
2026-09-10 12:10:24 | INFO    | PipelineLogger.write | ARQUIVO...............: bin\Xml\Movimento\NFe\Schemas\leiauteNFe_v4.00_Homologacao.xsd
2026-09-10 12:10:24 | INFO    | PipelineLogger.write | ARQUIVO...............: bin\Xml\Movimento\NFe\Schemas\leiauteProtLivroCombustivel_v1.00.xsd
2026-09-10 12:10:24 | INFO    | PipelineLogger.write | ARQUIVO...............: bin\Xml\Movimento\NFe\Schemas\leiauteRemIndus_v1.00.xsd
2026-09-10 12:10:24 | INFO    | PipelineLogger.write | ARQUIVO...............: bin\Xml\Movimento\NFe\Schemas\leiauteSRE_v1.00.xsd
2026-09-10 12:10:24 | INFO    | PipelineLogger.write | ARQUIVO...............: bin\Xml\Movimento\NFe\Schemas\leiauteSuframaInternaliza_v1.00.xsd
2026-09-10 12:10:24 | INFO    | PipelineLogger.write | ARQUIVO...............: bin\Xml\Movimento\NFe\Schemas\leiauteSuframaVistoria_v1.00.xsd
2026-09-10 12:10:24 | INFO    | PipelineLogger.write | ARQUIVO...............: bin\Xml\Movimento\NFe\Schemas\livroCombustivel_v1.00.xsd
2026-09-10 12:10:24 | INFO    | PipelineLogger.write | ARQUIVO...............: bin\Xml\Movimento\NFe\Schemas\lmcComum_v1.00.xsd
2026-09-10 12:10:24 | INFO    | PipelineLogger.write | ARQUIVO...............: bin\Xml\Movimento\NFe\Schemas\nfe_v2.00.xsd
2026-09-10 12:10:24 | INFO    | PipelineLogger.write | ARQUIVO...............: bin\Xml\Movimento\NFe\Schemas\nfe_v3.10.xsd
2026-09-10 12:10:25 | INFO    | PipelineLogger.write | ARQUIVO...............: bin\Xml\Movimento\NFe\Schemas\nfe_v4.00.xsd
2026-09-10 12:10:25 | INFO    | PipelineLogger.write | ARQUIVO...............: bin\Xml\Movimento\NFe\Schemas\procAverbNFe_v1.00.xsd
2026-09-10 12:10:25 | INFO    | PipelineLogger.write | ARQUIVO...............: bin\Xml\Movimento\NFe\Schemas\procCancNFe_v2.00.xsd
2026-09-10 12:10:25 | INFO    | PipelineLogger.write | ARQUIVO...............: bin\Xml\Movimento\NFe\Schemas\procCCeNFe_v1.00.xsd
2026-09-10 12:10:25 | INFO    | PipelineLogger.write | ARQUIVO...............: bin\Xml\Movimento\NFe\Schemas\procComprovanteEntregaNFe_v1.00.xsd
2026-09-10 12:10:25 | INFO    | PipelineLogger.write | ARQUIVO...............: bin\Xml\Movimento\NFe\Schemas\procConfRecebtoNFe_v1.00.xsd
2026-09-10 12:10:25 | INFO    | PipelineLogger.write | ARQUIVO...............: bin\Xml\Movimento\NFe\Schemas\procEPEC_v1.00.xsd
2026-09-10 12:10:25 | INFO    | PipelineLogger.write | ARQUIVO...............: bin\Xml\Movimento\NFe\Schemas\procEventoAtorInteressado_v1.00.xsd
2026-09-10 12:10:25 | INFO    | PipelineLogger.write | ARQUIVO...............: bin\Xml\Movimento\NFe\Schemas\procEventoCancEConf_v1.00.xsd
2026-09-10 12:10:25 | INFO    | PipelineLogger.write | ARQUIVO...............: bin\Xml\Movimento\NFe\Schemas\procEventoCancEntregaNFe_v1.00.xsd
2026-09-10 12:10:26 | INFO    | PipelineLogger.write | ARQUIVO...............: bin\Xml\Movimento\NFe\Schemas\procEventoCancInsucessoNFe_v1.00.xsd
2026-09-10 12:10:27 | INFO    | PipelineLogger.write | ARQUIVO...............: bin\Xml\Movimento\NFe\Schemas\procEventoCancNFe_v1.00.xsd
2026-09-10 12:10:27 | INFO    | PipelineLogger.write | ARQUIVO...............: bin\Xml\Movimento\NFe\Schemas\procEventoCancSubst_v1.00.xsd
2026-09-10 12:10:28 | INFO    | PipelineLogger.write | ARQUIVO...............: bin\Xml\Movimento\NFe\Schemas\procEventoEConf_v1.00.xsd
2026-09-10 12:10:29 | INFO    | PipelineLogger.write | ARQUIVO...............: bin\Xml\Movimento\NFe\Schemas\procEventoEntregaNFe_v1.00.xsd
2026-09-10 12:10:30 | INFO    | PipelineLogger.write | ARQUIVO...............: bin\Xml\Movimento\NFe\Schemas\procEventoInsucessoNFe_v1.00.xsd
2026-09-10 12:10:30 | INFO    | PipelineLogger.write | ARQUIVO...............: bin\Xml\Movimento\NFe\Schemas\procEventoNFe_v1.00.xsd
2026-09-10 12:10:30 | INFO    | PipelineLogger.write | ARQUIVO...............: bin\Xml\Movimento\NFe\Schemas\procEventoNFe_v99.99.xsd
2026-09-10 12:10:30 | INFO    | PipelineLogger.write | ARQUIVO...............: bin\Xml\Movimento\NFe\Schemas\procInutNFe_v2.00.xsd
2026-09-10 12:10:31 | INFO    | PipelineLogger.write | ARQUIVO...............: bin\Xml\Movimento\NFe\Schemas\procInutNFe_v3.10.xsd
2026-09-10 12:10:31 | INFO    | PipelineLogger.write | ARQUIVO...............: bin\Xml\Movimento\NFe\Schemas\procInutNFe_v4.00.xsd
2026-09-10 12:10:32 | INFO    | PipelineLogger.write | ARQUIVO...............: bin\Xml\Movimento\NFe\Schemas\procNFe_v2.00.xsd
2026-09-10 12:10:32 | INFO    | PipelineLogger.write | ARQUIVO...............: bin\Xml\Movimento\NFe\Schemas\procNFe_v3.10.xsd
2026-09-10 12:10:32 | INFO    | PipelineLogger.write | ARQUIVO...............: bin\Xml\Movimento\NFe\Schemas\procNFe_v4.00.xsd
2026-09-10 12:10:33 | INFO    | PipelineLogger.write | ARQUIVO...............: bin\Xml\Movimento\NFe\Schemas\procRemIndus_v1.00.xsd
2026-09-10 12:10:33 | INFO    | PipelineLogger.write | ARQUIVO...............: bin\Xml\Movimento\NFe\Schemas\prod_leiauteNFe_v4.00.xsd
2026-09-10 12:10:33 | INFO    | PipelineLogger.write | ARQUIVO...............: bin\Xml\Movimento\NFe\Schemas\resEvento_v1.00.xsd
2026-09-10 12:10:33 | INFO    | PipelineLogger.write | ARQUIVO...............: bin\Xml\Movimento\NFe\Schemas\resEvento_v1.01.xsd
2026-09-10 12:10:33 | INFO    | PipelineLogger.write | ARQUIVO...............: bin\Xml\Movimento\NFe\Schemas\resNFe_v1.00.xsd
2026-09-10 12:10:33 | INFO    | PipelineLogger.write | ARQUIVO...............: bin\Xml\Movimento\NFe\Schemas\resNFe_v1.01.xsd
2026-09-10 12:10:34 | INFO    | PipelineLogger.write | ARQUIVO...............: bin\Xml\Movimento\NFe\Schemas\retAtuCadEmiDFe_v1.01.xsd
2026-09-10 12:10:34 | INFO    | PipelineLogger.write | ARQUIVO...............: bin\Xml\Movimento\NFe\Schemas\retCancNFe_v2.00.xsd
2026-09-10 12:10:34 | INFO    | PipelineLogger.write | ARQUIVO...............: bin\Xml\Movimento\NFe\Schemas\retComprovanteEntregaNFe_v1.00.xsd
2026-09-10 12:10:35 | INFO    | PipelineLogger.write | ARQUIVO...............: bin\Xml\Movimento\NFe\Schemas\retConsCad_v2.00.xsd
2026-09-10 12:10:35 | INFO    | PipelineLogger.write | ARQUIVO...............: bin\Xml\Movimento\NFe\Schemas\retConsDPEC_v1.01.xsd
2026-09-10 12:10:36 | INFO    | PipelineLogger.write | ARQUIVO...............: bin\Xml\Movimento\NFe\Schemas\retConsGTIN_v1.00.xsd
2026-09-10 12:10:36 | INFO    | PipelineLogger.write | ARQUIVO...............: bin\Xml\Movimento\NFe\Schemas\retconsNFeDest_v1.01.xsd
2026-09-10 12:10:36 | INFO    | PipelineLogger.write | ARQUIVO...............: bin\Xml\Movimento\NFe\Schemas\retConsReciNFe_v2.00.xsd
2026-09-10 12:10:36 | INFO    | PipelineLogger.write | ARQUIVO...............: bin\Xml\Movimento\NFe\Schemas\retConsReciNFe_v3.10.xsd
2026-09-10 12:10:36 | INFO    | PipelineLogger.write | ARQUIVO...............: bin\Xml\Movimento\NFe\Schemas\retConsReciNFe_v4.00.xsd
2026-09-10 12:10:37 | INFO    | PipelineLogger.write | ARQUIVO...............: bin\Xml\Movimento\NFe\Schemas\retConsSitNFe_v2.01.xsd
2026-09-10 12:10:37 | INFO    | PipelineLogger.write | ARQUIVO...............: bin\Xml\Movimento\NFe\Schemas\retConsSitNFe_v3.10.xsd
2026-09-10 12:10:37 | INFO    | PipelineLogger.write | ARQUIVO...............: bin\Xml\Movimento\NFe\Schemas\retConsSitNFe_v4.00.xsd
2026-09-10 12:10:37 | INFO    | PipelineLogger.write | ARQUIVO...............: bin\Xml\Movimento\NFe\Schemas\retConsStatServ_v2.00.xsd
2026-09-10 12:10:37 | INFO    | PipelineLogger.write | ARQUIVO...............: bin\Xml\Movimento\NFe\Schemas\retConsStatServ_v3.10.xsd
2026-09-10 12:10:37 | INFO    | PipelineLogger.write | ARQUIVO...............: bin\Xml\Movimento\NFe\Schemas\retConsStatServ_v4.00.xsd
2026-09-10 12:10:37 | INFO    | PipelineLogger.write | ARQUIVO...............: bin\Xml\Movimento\NFe\Schemas\retDistDFeInt_v1.00.xsd
2026-09-10 12:10:37 | INFO    | PipelineLogger.write | ARQUIVO...............: bin\Xml\Movimento\NFe\Schemas\retDistDFeInt_v1.01.xsd
2026-09-10 12:10:37 | INFO    | PipelineLogger.write | ARQUIVO...............: bin\Xml\Movimento\NFe\Schemas\retDownloadNFe_v1.00.xsd
2026-09-10 12:10:37 | INFO    | PipelineLogger.write | ARQUIVO...............: bin\Xml\Movimento\NFe\Schemas\retDPEC_v1.01.xsd
2026-09-10 12:10:37 | INFO    | PipelineLogger.write | ARQUIVO...............: bin\Xml\Movimento\NFe\Schemas\retEnvAverb_v1.00.xsd
2026-09-10 12:10:37 | INFO    | PipelineLogger.write | ARQUIVO...............: bin\Xml\Movimento\NFe\Schemas\retEnvCancelPProrrogNFe_v1.0.xsd
2026-09-10 12:10:37 | INFO    | PipelineLogger.write | ARQUIVO...............: bin\Xml\Movimento\NFe\Schemas\retEnvCCe_v1.00.xsd
2026-09-10 12:10:38 | INFO    | PipelineLogger.write | ARQUIVO...............: bin\Xml\Movimento\NFe\Schemas\retEnvConfRecebto_v1.00.xsd
2026-09-10 12:10:38 | INFO    | PipelineLogger.write | ARQUIVO...............: bin\Xml\Movimento\NFe\Schemas\retEnvEPEC_v1.00.xsd
2026-09-10 12:10:39 | INFO    | PipelineLogger.write | ARQUIVO...............: bin\Xml\Movimento\NFe\Schemas\retEnvEvento_v1.00.xsd
2026-09-10 12:10:39 | INFO    | PipelineLogger.write | ARQUIVO...............: bin\Xml\Movimento\NFe\Schemas\retEnvEventoAtorInteressado_v1.00.xsd
2026-09-10 12:10:39 | INFO    | PipelineLogger.write | ARQUIVO...............: bin\Xml\Movimento\NFe\Schemas\retEnvEventoCancNFe_v1.00.xsd
2026-09-10 12:10:40 | INFO    | PipelineLogger.write | ARQUIVO...............: bin\Xml\Movimento\NFe\Schemas\retEnvEventoCancSubst_v1.00.xsd
2026-09-10 12:10:40 | INFO    | PipelineLogger.write | ARQUIVO...............: bin\Xml\Movimento\NFe\Schemas\retEnvFiscoNFe_v1.0.xsd
2026-09-10 12:10:41 | INFO    | PipelineLogger.write | ARQUIVO...............: bin\Xml\Movimento\NFe\Schemas\retEnviNFe_v2.00.xsd
2026-09-10 12:10:41 | INFO    | PipelineLogger.write | ARQUIVO...............: bin\Xml\Movimento\NFe\Schemas\retEnviNFe_v3.10.xsd
2026-09-10 12:10:42 | INFO    | PipelineLogger.write | ARQUIVO...............: bin\Xml\Movimento\NFe\Schemas\retEnviNFe_v4.00.xsd
2026-09-10 12:10:42 | INFO    | PipelineLogger.write | ARQUIVO...............: bin\Xml\Movimento\NFe\Schemas\retEnvRemIndus_v1.00.xsd
2026-09-10 12:10:42 | INFO    | PipelineLogger.write | ARQUIVO...............: bin\Xml\Movimento\NFe\Schemas\retEnvSuframaInternaliza_v1.00.xsd
2026-09-10 12:10:43 | INFO    | PipelineLogger.write | ARQUIVO...............: bin\Xml\Movimento\NFe\Schemas\retEnvSuframaVistoria_v1.00.xsd
2026-09-10 12:10:43 | INFO    | PipelineLogger.write | ARQUIVO...............: bin\Xml\Movimento\NFe\Schemas\retEventoCancEConf_v1.00.xsd
2026-09-10 12:10:44 | INFO    | PipelineLogger.write | ARQUIVO...............: bin\Xml\Movimento\NFe\Schemas\retEventoCancEntregaNFe_v1.00.xsd
2026-09-10 12:10:44 | INFO    | PipelineLogger.write | ARQUIVO...............: bin\Xml\Movimento\NFe\Schemas\retEventoCancInsucessoNFe_v1.00.xsd
2026-09-10 12:10:44 | INFO    | PipelineLogger.write | ARQUIVO...............: bin\Xml\Movimento\NFe\Schemas\retEventoEConf_v1.00.xsd
2026-09-10 12:10:44 | INFO    | PipelineLogger.write | ARQUIVO...............: bin\Xml\Movimento\NFe\Schemas\retEventoEntregaNFe_v1.00.xsd
2026-09-10 12:10:44 | INFO    | PipelineLogger.write | ARQUIVO...............: bin\Xml\Movimento\NFe\Schemas\retEventoEPEC_v0.01.xsd
2026-09-10 12:10:44 | INFO    | PipelineLogger.write | ARQUIVO...............: bin\Xml\Movimento\NFe\Schemas\retEventoInsucessoNFe_v1.00.xsd
2026-09-10 12:10:45 | INFO    | PipelineLogger.write | ARQUIVO...............: bin\Xml\Movimento\NFe\Schemas\retInutNFe_v2.00.xsd
2026-09-10 12:10:46 | INFO    | PipelineLogger.write | ARQUIVO...............: bin\Xml\Movimento\NFe\Schemas\retInutNFe_v3.10.xsd
2026-09-10 12:10:46 | INFO    | PipelineLogger.write | ARQUIVO...............: bin\Xml\Movimento\NFe\Schemas\retInutNFe_v4.00.xsd
2026-09-10 12:10:46 | INFO    | PipelineLogger.write | ARQUIVO...............: bin\Xml\Movimento\NFe\Schemas\retPProrrogNFe_v1.0.xsd
2026-09-10 12:10:47 | INFO    | PipelineLogger.write | ARQUIVO...............: bin\Xml\Movimento\NFe\Schemas\statusServico_v1.00.xsd
2026-09-10 12:10:47 | INFO    | PipelineLogger.write | ARQUIVO...............: bin\Xml\Movimento\NFe\Schemas\SuframaInternaliza_v1.00.xsd
2026-09-10 12:10:47 | INFO    | PipelineLogger.write | ARQUIVO...............: bin\Xml\Movimento\NFe\Schemas\SuframaVistoria_v1.00.xsd
2026-09-10 12:10:47 | INFO    | PipelineLogger.write | ARQUIVO...............: bin\Xml\Movimento\NFe\Schemas\tiposBasico_v1.00.xsd
2026-09-10 12:10:47 | INFO    | PipelineLogger.write | ARQUIVO...............: bin\Xml\Movimento\NFe\Schemas\tiposBasico_v1.03.xsd
2026-09-10 12:10:47 | INFO    | PipelineLogger.write | ARQUIVO...............: bin\Xml\Movimento\NFe\Schemas\tiposBasico_v1.03_OPENSSL.xsd
2026-09-10 12:10:48 | INFO    | PipelineLogger.write | ARQUIVO...............: bin\Xml\Movimento\NFe\Schemas\tiposBasico_v3.10.xsd
2026-09-10 12:10:49 | INFO    | PipelineLogger.write | ARQUIVO...............: bin\Xml\Movimento\NFe\Schemas\tiposBasico_v3.10_OPENSSL.xsd
2026-09-10 12:10:49 | INFO    | PipelineLogger.write | ARQUIVO...............: bin\Xml\Movimento\NFe\Schemas\tiposBasico_v4.00.xsd
2026-09-10 12:10:49 | INFO    | PipelineLogger.write | ARQUIVO...............: bin\Xml\Movimento\NFe\Schemas\tiposBasicosCcgConsGTIN_v1.00.xsd
2026-09-10 12:10:49 | INFO    | PipelineLogger.write | ARQUIVO...............: bin\Xml\Movimento\NFe\Schemas\tiposDistDFe_v1.00.xsd
2026-09-10 12:10:49 | INFO    | PipelineLogger.write | ARQUIVO...............: bin\Xml\Movimento\NFe\Schemas\tiposDistDFe_v1.01.xsd
2026-09-10 12:10:50 | INFO    | PipelineLogger.write | ARQUIVO...............: bin\Xml\Movimento\NFe\Schemas\xmldsig-core-schema_v1.01.xsd
2026-09-10 12:10:50 | INFO    | PipelineLogger.write | ARQUIVO...............: bin\Xml\Movimento\NFSe\Abaco\1.00\nfse_v2010.xsd
2026-09-10 12:10:51 | INFO    | PipelineLogger.write | ARQUIVO...............: bin\Xml\Movimento\NFSe\Abaco\1.00\xmldsig-core-schema20020212.xsd
2026-09-10 12:10:51 | INFO    | PipelineLogger.write | ARQUIVO...............: bin\Xml\Movimento\NFSe\Abaco\1.01\nfse_v2010.xsd
2026-09-10 12:10:52 | INFO    | PipelineLogger.write | ARQUIVO...............: bin\Xml\Movimento\NFSe\Abaco\1.01\xmldsig-core-schema20020212.xsd
2026-09-10 12:10:52 | INFO    | PipelineLogger.write | ARQUIVO...............: bin\Xml\Movimento\NFSe\Abaco\2.04\nfse.xsd
2026-09-10 12:10:52 | INFO    | PipelineLogger.write | ARQUIVO...............: bin\Xml\Movimento\NFSe\Abaco\2.04\xmldsig-core-schema20020212.xsd
2026-09-10 12:10:53 | INFO    | PipelineLogger.write | ARQUIVO...............: bin\Xml\Movimento\NFSe\Abaco\xmldsig-core-schema20020212.xsd
2026-09-10 12:10:53 | INFO    | PipelineLogger.write | ARQUIVO...............: bin\Xml\Movimento\NFSe\ABase\2.01\nfse.xsd
2026-09-10 12:10:53 | INFO    | PipelineLogger.write | ARQUIVO...............: bin\Xml\Movimento\NFSe\ABase\2.01\xmldsig-core-schema20020212.xsd
2026-09-10 12:10:53 | INFO    | PipelineLogger.write | ARQUIVO...............: bin\Xml\Movimento\NFSe\ABase\xmldsig-core-schema20020212.xsd
2026-09-10 12:10:53 | INFO    | PipelineLogger.write | ARQUIVO...............: bin\Xml\Movimento\NFSe\ABRASF\1.00\nfse.xsd
2026-09-10 12:10:53 | INFO    | PipelineLogger.write | ARQUIVO...............: bin\Xml\Movimento\NFSe\ABRASF\1.00\xmldsig-core-schema20020212.xsd
2026-09-10 12:10:53 | INFO    | PipelineLogger.write | ARQUIVO...............: bin\Xml\Movimento\NFSe\ABRASF\2.00\nfse v200.xsd
2026-09-10 12:10:53 | INFO    | PipelineLogger.write | ARQUIVO...............: bin\Xml\Movimento\NFSe\ABRASF\2.00\xmldsig-core-schema20020212.xsd
2026-09-10 12:10:53 | INFO    | PipelineLogger.write | ARQUIVO...............: bin\Xml\Movimento\NFSe\ABRASF\2.01\nfse v201.xsd
2026-09-10 12:10:53 | INFO    | PipelineLogger.write | ARQUIVO...............: bin\Xml\Movimento\NFSe\ABRASF\2.01\xmldsig-core-schema20020212.xsd
2026-09-10 12:10:53 | INFO    | PipelineLogger.write | ARQUIVO...............: bin\Xml\Movimento\NFSe\ABRASF\2.02\nfse v202.xsd
2026-09-10 12:10:53 | INFO    | PipelineLogger.write | ARQUIVO...............: bin\Xml\Movimento\NFSe\ABRASF\2.02\xmldsig-core-schema20020212.xsd
2026-09-10 12:10:53 | INFO    | PipelineLogger.write | ARQUIVO...............: bin\Xml\Movimento\NFSe\ABRASF\2.03\nfse_v203.xsd
2026-09-10 12:10:53 | INFO    | PipelineLogger.write | ARQUIVO...............: bin\Xml\Movimento\NFSe\ABRASF\2.03\xmldsig-core-schema20020212.xsd
2026-09-10 12:10:53 | INFO    | PipelineLogger.write | ARQUIVO...............: bin\Xml\Movimento\NFSe\ABRASF\2.04\nfse_v204.xsd
2026-09-10 12:10:54 | INFO    | PipelineLogger.write | ARQUIVO...............: bin\Xml\Movimento\NFSe\ABRASF\2.04\xmldsig-core-schema20020212.xsd
2026-09-10 12:10:54 | INFO    | PipelineLogger.write | ARQUIVO...............: bin\Xml\Movimento\NFSe\Betha\1.00\servico_cancelar_nfse_envio_v01.xsd
2026-09-10 12:10:54 | INFO    | PipelineLogger.write | ARQUIVO...............: bin\Xml\Movimento\NFSe\Betha\1.00\servico_cancelar_nfse_resposta_v01.xsd
2026-09-10 12:10:54 | INFO    | PipelineLogger.write | ARQUIVO...............: bin\Xml\Movimento\NFSe\Betha\1.00\servico_consultar_lote_rps_envio_v01.xsd
2026-09-10 12:10:54 | INFO    | PipelineLogger.write | ARQUIVO...............: bin\Xml\Movimento\NFSe\Betha\1.00\servico_consultar_lote_rps_resposta_v01.xsd
2026-09-10 12:10:54 | INFO    | PipelineLogger.write | ARQUIVO...............: bin\Xml\Movimento\NFSe\Betha\1.00\servico_consultar_nfse_envio_v01.xsd
2026-09-10 12:10:54 | INFO    | PipelineLogger.write | ARQUIVO...............: bin\Xml\Movimento\NFSe\Betha\1.00\servico_consultar_nfse_resposta_v01.xsd
2026-09-10 12:10:54 | INFO    | PipelineLogger.write | ARQUIVO...............: bin\Xml\Movimento\NFSe\Betha\1.00\servico_consultar_nfse_rps_envio_v01.xsd
2026-09-10 12:10:54 | INFO    | PipelineLogger.write | ARQUIVO...............: bin\Xml\Movimento\NFSe\Betha\1.00\servico_consultar_nfse_rps_resposta_v01.xsd
2026-09-10 12:10:54 | INFO    | PipelineLogger.write | ARQUIVO...............: bin\Xml\Movimento\NFSe\Betha\1.00\servico_consultar_situacao_lote_rps_envio_v01.xsd
2026-09-10 12:10:54 | INFO    | PipelineLogger.write | ARQUIVO...............: bin\Xml\Movimento\NFSe\Betha\1.00\servico_consultar_situacao_lote_rps_resposta_v01.xsd
2026-09-10 12:10:54 | INFO    | PipelineLogger.write | ARQUIVO...............: bin\Xml\Movimento\NFSe\Betha\1.00\servico_enviar_lote_rps_envio_v01.xsd
2026-09-10 12:10:54 | INFO    | PipelineLogger.write | ARQUIVO...............: bin\Xml\Movimento\NFSe\Betha\1.00\servico_enviar_lote_rps_resposta_v01.xsd
2026-09-10 12:10:54 | INFO    | PipelineLogger.write | ARQUIVO...............: bin\Xml\Movimento\NFSe\Betha\1.00\TiposNFe_v01.xsd
2026-09-10 12:10:54 | INFO    | PipelineLogger.write | ARQUIVO...............: bin\Xml\Movimento\NFSe\Betha\1.00\xmldsig-core-schema_v01.xsd
2026-09-10 12:10:54 | INFO    | PipelineLogger.write | ARQUIVO...............: bin\Xml\Movimento\NFSe\Betha\2.02\nfse_v202.xsd
2026-09-10 12:10:55 | INFO    | PipelineLogger.write | ARQUIVO...............: bin\Xml\Movimento\NFSe\Betha\2.02\xmldsig-core-schema20020212.xsd
2026-09-10 12:10:55 | INFO    | PipelineLogger.write | ARQUIVO...............: bin\Xml\Movimento\NFSe\BHISS\xmldsig-core-schema20020212.xsd
2026-09-10 12:10:55 | INFO    | PipelineLogger.write | ARQUIVO...............: bin\Xml\Movimento\NFSe\Citta\2.03\nfse.xsd
2026-09-10 12:10:55 | INFO    | PipelineLogger.write | ARQUIVO...............: bin\Xml\Movimento\NFSe\Citta\2.03\xmldsig-core-schema20020212.xsd
2026-09-10 12:10:55 | INFO    | PipelineLogger.write | ARQUIVO...............: bin\Xml\Movimento\NFSe\Conam\1.00\Informacao.txt
2026-09-10 12:10:55 | INFO    | PipelineLogger.write | ARQUIVO...............: bin\Xml\Movimento\NFSe\Coplan\2.01\nfse.xsd
2026-09-10 12:10:55 | INFO    | PipelineLogger.write | ARQUIVO...............: bin\Xml\Movimento\NFSe\Coplan\2.01\xmldsig-core-schema20020212.xsd
2026-09-10 12:10:55 | INFO    | PipelineLogger.write | ARQUIVO...............: bin\Xml\Movimento\NFSe\DBSeller\1.00\nfse.xsd
2026-09-10 12:10:55 | INFO    | PipelineLogger.write | ARQUIVO...............: bin\Xml\Movimento\NFSe\DBSeller\1.00\xmldsig-core-schema_v01.xsd
2026-09-10 12:10:55 | INFO    | PipelineLogger.write | ARQUIVO...............: bin\Xml\Movimento\NFSe\DBSeller\2.04\nfse.xsd
2026-09-10 12:10:55 | INFO    | PipelineLogger.write | ARQUIVO...............: bin\Xml\Movimento\NFSe\DBSeller\2.04\xmldsig-core-schema20020212.xsd
2026-09-10 12:10:55 | INFO    | PipelineLogger.write | ARQUIVO...............: bin\Xml\Movimento\NFSe\DSF\1.00\nfse.xsd
2026-09-10 12:10:55 | INFO    | PipelineLogger.write | ARQUIVO...............: bin\Xml\Movimento\NFSe\DSF\1.00\xmldsig-core-schema20020212.xsd
2026-09-10 12:10:55 | INFO    | PipelineLogger.write | ARQUIVO...............: bin\Xml\Movimento\NFSe\DSF\2.00\nfse.xsd
2026-09-10 12:10:55 | INFO    | PipelineLogger.write | ARQUIVO...............: bin\Xml\Movimento\NFSe\DSF\2.00\xmldsig-core-schema20020212.xsd
2026-09-10 12:10:55 | INFO    | PipelineLogger.write | ARQUIVO...............: bin\Xml\Movimento\NFSe\DSF\2.03\nfse.xsd
2026-09-10 12:10:56 | INFO    | PipelineLogger.write | ARQUIVO...............: bin\Xml\Movimento\NFSe\DSF\2.03\xmldsig-core-schema20020212.xsd
2026-09-10 12:10:56 | INFO    | PipelineLogger.write | ARQUIVO...............: bin\Xml\Movimento\NFSe\Equiplano\1.00\esCancelarNfseEnvio_v01.xsd
2026-09-10 12:10:56 | INFO    | PipelineLogger.write | ARQUIVO...............: bin\Xml\Movimento\NFSe\Equiplano\1.00\esCancelarNfseResposta_v01.xsd
2026-09-10 12:10:56 | INFO    | PipelineLogger.write | ARQUIVO...............: bin\Xml\Movimento\NFSe\Equiplano\1.00\esConsultarLoteRpsEnvio_v01.xsd
2026-09-10 12:10:56 | INFO    | PipelineLogger.write | ARQUIVO...............: bin\Xml\Movimento\NFSe\Equiplano\1.00\esConsultarLoteRpsResposta_v01.xsd
2026-09-10 12:10:56 | INFO    | PipelineLogger.write | ARQUIVO...............: bin\Xml\Movimento\NFSe\Equiplano\1.00\esConsultarNfseEnvio_v01.xsd
2026-09-10 12:10:56 | INFO    | PipelineLogger.write | ARQUIVO...............: bin\Xml\Movimento\NFSe\Equiplano\1.00\esConsultarNfsePorRpsEnvio_v01.xsd
2026-09-10 12:10:56 | INFO    | PipelineLogger.write | ARQUIVO...............: bin\Xml\Movimento\NFSe\Equiplano\1.00\esConsultarNfsePorRpsResposta_v01.xsd
2026-09-10 12:10:56 | INFO    | PipelineLogger.write | ARQUIVO...............: bin\Xml\Movimento\NFSe\Equiplano\1.00\esConsultarNfseResposta_v01.xsd
2026-09-10 12:10:56 | INFO    | PipelineLogger.write | ARQUIVO...............: bin\Xml\Movimento\NFSe\Equiplano\1.00\esConsultarSituacaoLoteRpsEnvio_v01.xsd
2026-09-10 12:10:56 | INFO    | PipelineLogger.write | ARQUIVO...............: bin\Xml\Movimento\NFSe\Equiplano\1.00\esConsultarSituacaoLoteRpsResposta_v01.xsd
2026-09-10 12:10:56 | INFO    | PipelineLogger.write | ARQUIVO...............: bin\Xml\Movimento\NFSe\Equiplano\1.00\esRecepcionarLoteRpsEnvio_v01.xsd
2026-09-10 12:10:57 | INFO    | PipelineLogger.write | ARQUIVO...............: bin\Xml\Movimento\NFSe\Equiplano\1.00\esRecepcionarLoteRpsResposta_v01.xsd
2026-09-10 12:10:58 | INFO    | PipelineLogger.write | ARQUIVO...............: bin\Xml\Movimento\NFSe\Equiplano\1.00\TiposEsnfs_v01.xsd
2026-09-10 12:10:58 | INFO    | PipelineLogger.write | ARQUIVO...............: bin\Xml\Movimento\NFSe\Equiplano\1.00\xmldsig-core-schema_v01.xsd
2026-09-10 12:10:58 | INFO    | PipelineLogger.write | ARQUIVO...............: bin\Xml\Movimento\NFSe\Fiorilli\2.00\nfse.xsd
2026-09-10 12:10:58 | INFO    | PipelineLogger.write | ARQUIVO...............: bin\Xml\Movimento\NFSe\Fiorilli\2.00\xmldsig-core-schema20020212.xsd
2026-09-10 12:10:58 | INFO    | PipelineLogger.write | ARQUIVO...............: bin\Xml\Movimento\NFSe\Fiorilli\2.01\nfse.xsd
2026-09-10 12:10:58 | INFO    | PipelineLogger.write | ARQUIVO...............: bin\Xml\Movimento\NFSe\Fiorilli\2.01\xmldsig-core-schema20020212.xsd
2026-09-10 12:10:59 | INFO    | PipelineLogger.write | ARQUIVO...............: bin\Xml\Movimento\NFSe\Fisco\2.03\nfse.xsd
2026-09-10 12:10:59 | INFO    | PipelineLogger.write | ARQUIVO...............: bin\Xml\Movimento\NFSe\Fisco\2.03\xmldsig-core-schema20020212.xsd
2026-09-10 12:11:00 | INFO    | PipelineLogger.write | ARQUIVO...............: bin\Xml\Movimento\NFSe\FissLex\1.00\nfse.xsd
2026-09-10 12:11:00 | INFO    | PipelineLogger.write | ARQUIVO...............: bin\Xml\Movimento\NFSe\FissLex\1.00\xmldsig-core-schema20020212.xsd
2026-09-10 12:11:00 | INFO    | PipelineLogger.write | ARQUIVO...............: bin\Xml\Movimento\NFSe\Ginfes\1.00\cabecalho_v03.xsd
2026-09-10 12:11:00 | INFO    | PipelineLogger.write | ARQUIVO...............: bin\Xml\Movimento\NFSe\Ginfes\1.00\servico_cancelar_nfse_envio_v02.xsd
2026-09-10 12:11:00 | INFO    | PipelineLogger.write | ARQUIVO...............: bin\Xml\Movimento\NFSe\Ginfes\1.00\servico_cancelar_nfse_envio_v03.xsd
2026-09-10 12:11:00 | INFO    | PipelineLogger.write | ARQUIVO...............: bin\Xml\Movimento\NFSe\Ginfes\1.00\servico_cancelar_nfse_resposta_v03.xsd
2026-09-10 12:11:00 | INFO    | PipelineLogger.write | ARQUIVO...............: bin\Xml\Movimento\NFSe\Ginfes\1.00\servico_consultar_lote_rps_envio_v02.xsd
2026-09-10 12:11:00 | INFO    | PipelineLogger.write | ARQUIVO...............: bin\Xml\Movimento\NFSe\Ginfes\1.00\servico_consultar_lote_rps_envio_v03.xsd
2026-09-10 12:11:01 | INFO    | PipelineLogger.write | ARQUIVO...............: bin\Xml\Movimento\NFSe\Ginfes\1.00\servico_consultar_lote_rps_resposta_v03.xsd
2026-09-10 12:11:01 | INFO    | PipelineLogger.write | ARQUIVO...............: bin\Xml\Movimento\NFSe\Ginfes\1.00\servico_consultar_nfse_envio_v02.xsd
2026-09-10 12:11:01 | INFO    | PipelineLogger.write | ARQUIVO...............: bin\Xml\Movimento\NFSe\Ginfes\1.00\servico_consultar_nfse_envio_v03.xsd
2026-09-10 12:11:01 | INFO    | PipelineLogger.write | ARQUIVO...............: bin\Xml\Movimento\NFSe\Ginfes\1.00\servico_consultar_nfse_resposta_v03.xsd
2026-09-10 12:11:01 | INFO    | PipelineLogger.write | ARQUIVO...............: bin\Xml\Movimento\NFSe\Ginfes\1.00\servico_consultar_nfse_rps_envio_v02.xsd
2026-09-10 12:11:01 | INFO    | PipelineLogger.write | ARQUIVO...............: bin\Xml\Movimento\NFSe\Ginfes\1.00\servico_consultar_nfse_rps_envio_v03.xsd
2026-09-10 12:11:01 | INFO    | PipelineLogger.write | ARQUIVO...............: bin\Xml\Movimento\NFSe\Ginfes\1.00\servico_consultar_nfse_rps_resposta_v03.xsd
2026-09-10 12:11:01 | INFO    | PipelineLogger.write | ARQUIVO...............: bin\Xml\Movimento\NFSe\Ginfes\1.00\servico_consultar_situacao_lote_rps_envio_v02.xsd
2026-09-10 12:11:01 | INFO    | PipelineLogger.write | ARQUIVO...............: bin\Xml\Movimento\NFSe\Ginfes\1.00\servico_consultar_situacao_lote_rps_envio_v03.xsd
2026-09-10 12:11:01 | INFO    | PipelineLogger.write | ARQUIVO...............: bin\Xml\Movimento\NFSe\Ginfes\1.00\servico_consultar_situacao_lote_rps_resposta_v03.xsd
2026-09-10 12:11:01 | INFO    | PipelineLogger.write | ARQUIVO...............: bin\Xml\Movimento\NFSe\Ginfes\1.00\servico_enviar_lote_rps_envio_v02.xsd
2026-09-10 12:11:01 | INFO    | PipelineLogger.write | ARQUIVO...............: bin\Xml\Movimento\NFSe\Ginfes\1.00\servico_enviar_lote_rps_envio_v03.xsd
2026-09-10 12:11:01 | INFO    | PipelineLogger.write | ARQUIVO...............: bin\Xml\Movimento\NFSe\Ginfes\1.00\servico_enviar_lote_rps_resposta_v03.xsd
2026-09-10 12:11:01 | INFO    | PipelineLogger.write | ARQUIVO...............: bin\Xml\Movimento\NFSe\Ginfes\1.00\tipos_v02.xsd
2026-09-10 12:11:01 | INFO    | PipelineLogger.write | ARQUIVO...............: bin\Xml\Movimento\NFSe\Ginfes\1.00\tipos_v03.xsd
2026-09-10 12:11:01 | INFO    | PipelineLogger.write | ARQUIVO...............: bin\Xml\Movimento\NFSe\Ginfes\1.00\xmldsig-core-schema20020212_v03.xsd
2026-09-10 12:11:01 | INFO    | PipelineLogger.write | ARQUIVO...............: bin\Xml\Movimento\NFSe\Ginfes\1.00\xmldsig-core-schema_v02.xsd
2026-09-10 12:11:01 | INFO    | PipelineLogger.write | ARQUIVO...............: bin\Xml\Movimento\NFSe\IPM\2.04\nfse.xsd
2026-09-10 12:11:02 | INFO    | PipelineLogger.write | ARQUIVO...............: bin\Xml\Movimento\NFSe\IPM\2.04\xmldsig-core-schema20020212.xsd
2026-09-10 12:11:02 | INFO    | PipelineLogger.write | ARQUIVO...............: bin\Xml\Movimento\NFSe\ISSCuritiba\1.00\nfse.xsd
2026-09-10 12:11:02 | INFO    | PipelineLogger.write | ARQUIVO...............: bin\Xml\Movimento\NFSe\ISSCuritiba\1.00\xmldsig-core-schema20020212.xsd
2026-09-10 12:11:02 | INFO    | PipelineLogger.write | ARQUIVO...............: bin\Xml\Movimento\NFSe\ISSDSF\1.00\ConsultaSeqRps.xsd
2026-09-10 12:11:02 | INFO    | PipelineLogger.write | ARQUIVO...............: bin\Xml\Movimento\NFSe\ISSDSF\1.00\ReqCancelamentoNFSe.xsd
2026-09-10 12:11:02 | INFO    | PipelineLogger.write | ARQUIVO...............: bin\Xml\Movimento\NFSe\ISSDSF\1.00\ReqConsultaLote.xsd
2026-09-10 12:11:02 | INFO    | PipelineLogger.write | ARQUIVO...............: bin\Xml\Movimento\NFSe\ISSDSF\1.00\ReqConsultaNFSeRPS.xsd
2026-09-10 12:11:02 | INFO    | PipelineLogger.write | ARQUIVO...............: bin\Xml\Movimento\NFSe\ISSDSF\1.00\ReqConsultaNotas.xsd
2026-09-10 12:11:02 | INFO    | PipelineLogger.write | ARQUIVO...............: bin\Xml\Movimento\NFSe\ISSDSF\1.00\ReqEnvioLoteRPS.xsd
2026-09-10 12:11:02 | INFO    | PipelineLogger.write | ARQUIVO...............: bin\Xml\Movimento\NFSe\ISSDSF\1.00\RetornoCancelamentoNFSe.xsd
2026-09-10 12:11:02 | INFO    | PipelineLogger.write | ARQUIVO...............: bin\Xml\Movimento\NFSe\ISSDSF\1.00\RetornoConsultaLote.xsd
2026-09-10 12:11:02 | INFO    | PipelineLogger.write | ARQUIVO...............: bin\Xml\Movimento\NFSe\ISSDSF\1.00\RetornoConsultaNFSeRPS.xsd
2026-09-10 12:11:02 | INFO    | PipelineLogger.write | ARQUIVO...............: bin\Xml\Movimento\NFSe\ISSDSF\1.00\RetornoConsultaNotas.xsd
2026-09-10 12:11:02 | INFO    | PipelineLogger.write | ARQUIVO...............: bin\Xml\Movimento\NFSe\ISSDSF\1.00\RetornoConsultaSeqRps.xsd
2026-09-10 12:11:02 | INFO    | PipelineLogger.write | ARQUIVO...............: bin\Xml\Movimento\NFSe\ISSDSF\1.00\RetornoEnvioLoteRPS.xsd
2026-09-10 12:11:02 | INFO    | PipelineLogger.write | ARQUIVO...............: bin\Xml\Movimento\NFSe\ISSDSF\1.00\Tipos.xsd
2026-09-10 12:11:02 | INFO    | PipelineLogger.write | ARQUIVO...............: bin\Xml\Movimento\NFSe\ISSDSF\1.00\xmldsig-core-schema_v1.01.xsd
2026-09-10 12:11:02 | INFO    | PipelineLogger.write | ARQUIVO...............: bin\Xml\Movimento\NFSe\ISSDSF\1.01\ConsultaSeqRps.xsd
2026-09-10 12:11:02 | INFO    | PipelineLogger.write | ARQUIVO...............: bin\Xml\Movimento\NFSe\ISSDSF\1.01\ReqCancelamentoNFSe.xsd
2026-09-10 12:11:03 | INFO    | PipelineLogger.write | ARQUIVO...............: bin\Xml\Movimento\NFSe\ISSDSF\1.01\ReqConsultaLote.xsd
2026-09-10 12:11:03 | INFO    | PipelineLogger.write | ARQUIVO...............: bin\Xml\Movimento\NFSe\ISSDSF\1.01\ReqConsultaNFSeRPS.xsd
2026-09-10 12:11:03 | INFO    | PipelineLogger.write | ARQUIVO...............: bin\Xml\Movimento\NFSe\ISSDSF\1.01\ReqConsultaNotas.xsd
2026-09-10 12:11:03 | INFO    | PipelineLogger.write | ARQUIVO...............: bin\Xml\Movimento\NFSe\ISSDSF\1.01\ReqEnvioLoteRPS.xsd
2026-09-10 12:11:03 | INFO    | PipelineLogger.write | ARQUIVO...............: bin\Xml\Movimento\NFSe\ISSDSF\1.01\RetornoCancelamentoNFSe.xsd
2026-09-10 12:11:03 | INFO    | PipelineLogger.write | ARQUIVO...............: bin\Xml\Movimento\NFSe\ISSDSF\1.01\RetornoConsultaLote.xsd
2026-09-10 12:11:03 | INFO    | PipelineLogger.write | ARQUIVO...............: bin\Xml\Movimento\NFSe\ISSDSF\1.01\RetornoConsultaNFSeRPS.xsd
2026-09-10 12:11:03 | INFO    | PipelineLogger.write | ARQUIVO...............: bin\Xml\Movimento\NFSe\ISSDSF\1.01\RetornoConsultaNotas.xsd
2026-09-10 12:11:03 | INFO    | PipelineLogger.write | ARQUIVO...............: bin\Xml\Movimento\NFSe\ISSDSF\1.01\RetornoConsultaSeqRps.xsd
2026-09-10 12:11:03 | INFO    | PipelineLogger.write | ARQUIVO...............: bin\Xml\Movimento\NFSe\ISSDSF\1.01\RetornoEnvioLoteRPS.xsd
2026-09-10 12:11:03 | INFO    | PipelineLogger.write | ARQUIVO...............: bin\Xml\Movimento\NFSe\ISSDSF\1.01\Tipos.xsd
2026-09-10 12:11:03 | INFO    | PipelineLogger.write | ARQUIVO...............: bin\Xml\Movimento\NFSe\ISSDSF\1.01\xmldsig-core-schema_v1.01.xsd
2026-09-10 12:11:03 | INFO    | PipelineLogger.write | ARQUIVO...............: bin\Xml\Movimento\NFSe\ISSNet\1.00\servico_cancelar_nfse_envio.xsd
2026-09-10 12:11:03 | INFO    | PipelineLogger.write | ARQUIVO...............: bin\Xml\Movimento\NFSe\ISSNet\1.00\servico_cancelar_nfse_resposta.xsd
2026-09-10 12:11:03 | INFO    | PipelineLogger.write | ARQUIVO...............: bin\Xml\Movimento\NFSe\ISSNet\1.00\servico_consultar_lote_rps_envio.xsd
2026-09-10 12:11:03 | INFO    | PipelineLogger.write | ARQUIVO...............: bin\Xml\Movimento\NFSe\ISSNet\1.00\servico_consultar_lote_rps_resposta.xsd
2026-09-10 12:11:03 | INFO    | PipelineLogger.write | ARQUIVO...............: bin\Xml\Movimento\NFSe\ISSNet\1.00\servico_consultar_nfse_envio.xsd
2026-09-10 12:11:03 | INFO    | PipelineLogger.write | ARQUIVO...............: bin\Xml\Movimento\NFSe\ISSNet\1.00\servico_consultar_nfse_resposta.xsd
2026-09-10 12:11:03 | INFO    | PipelineLogger.write | ARQUIVO...............: bin\Xml\Movimento\NFSe\ISSNet\1.00\servico_consultar_nfse_rps_envio.xsd
2026-09-10 12:11:04 | INFO    | PipelineLogger.write | ARQUIVO...............: bin\Xml\Movimento\NFSe\ISSNet\1.00\servico_consultar_nfse_rps_resposta.xsd
2026-09-10 12:11:04 | INFO    | PipelineLogger.write | ARQUIVO...............: bin\Xml\Movimento\NFSe\ISSNet\1.00\servico_consultar_situacao_lote_rps_envio.xsd
2026-09-10 12:11:04 | INFO    | PipelineLogger.write | ARQUIVO...............: bin\Xml\Movimento\NFSe\ISSNet\1.00\servico_consultar_situacao_lote_rps_resposta.xsd
2026-09-10 12:11:04 | INFO    | PipelineLogger.write | ARQUIVO...............: bin\Xml\Movimento\NFSe\ISSNet\1.00\servico_consultar_url_visualizacao_nfse_envio.xsd
2026-09-10 12:11:05 | INFO    | PipelineLogger.write | ARQUIVO...............: bin\Xml\Movimento\NFSe\ISSNet\1.00\servico_consultar_url_visualizacao_nfse_resposta.xsd
2026-09-10 12:11:05 | INFO    | PipelineLogger.write | ARQUIVO...............: bin\Xml\Movimento\NFSe\ISSNet\1.00\servico_consultar_url_visualizacao_nfse_serie_envio.xsd
2026-09-10 12:11:06 | INFO    | PipelineLogger.write | ARQUIVO...............: bin\Xml\Movimento\NFSe\ISSNet\1.00\servico_consultar_url_visualizacao_nfse_serie_resposta.xsd
2026-09-10 12:11:06 | INFO    | PipelineLogger.write | ARQUIVO...............: bin\Xml\Movimento\NFSe\ISSNet\1.00\servico_enviar_lote_rps_envio.xsd
2026-09-10 12:11:06 | INFO    | PipelineLogger.write | ARQUIVO...............: bin\Xml\Movimento\NFSe\ISSNet\1.00\servico_enviar_lote_rps_resposta.xsd
2026-09-10 12:11:06 | INFO    | PipelineLogger.write | ARQUIVO...............: bin\Xml\Movimento\NFSe\ISSNet\1.00\tipos_complexos.xsd
2026-09-10 12:11:06 | INFO    | PipelineLogger.write | ARQUIVO...............: bin\Xml\Movimento\NFSe\ISSNet\1.00\tipos_simples.xsd
2026-09-10 12:11:06 | INFO    | PipelineLogger.write | ARQUIVO...............: bin\Xml\Movimento\NFSe\ISSNet\1.00\xmldsig-core-schema20020212.xsd
2026-09-10 12:11:06 | INFO    | PipelineLogger.write | ARQUIVO...............: bin\Xml\Movimento\NFSe\ISSNet\2.04\nfse.xsd
2026-09-10 12:11:06 | INFO    | PipelineLogger.write | ARQUIVO...............: bin\Xml\Movimento\NFSe\ISSNet\2.04\xmldsig-core-schema20020212.xsd
2026-09-10 12:11:06 | INFO    | PipelineLogger.write | ARQUIVO...............: connectionStrings.config
2026-09-10 12:11:06 | INFO    | PipelineLogger.write | ARQUIVO...............: custom.configuration.server.config
2026-09-10 12:11:06 | INFO    | PipelineLogger.write | ARQUIVO...............: Movimento.svc
2026-09-10 12:11:06 | INFO    | PipelineLogger.write | ARQUIVO...............: packages.config
2026-09-10 12:11:06 | INFO    | PipelineLogger.write | ARQUIVO...............: Web.config
2026-09-10 12:11:07 | INFO    | PipelineLogger.write | ================================================================================
2026-09-10 12:11:20 | INFO    | PipelineLogger.write | SETUP DIAGNOSTICO - WORKSPACE APOS COPIA
2026-09-10 12:11:20 | INFO    | PipelineLogger.write | Workspace.............: C:\Setups\.work\wcfmovimento
2026-09-10 12:11:20 | INFO    | PipelineLogger.write | Workspace Release.....: C:\Setups\.work\wcfmovimento\Release
2026-09-10 12:11:20 | INFO    | PipelineLogger.write | Release existe........: True
2026-09-10 12:11:20 | INFO    | PipelineLogger.write | ================================================================================
2026-09-10 12:11:20 | INFO    | PipelineLogger.write | WORKSPACE - APOS COPIA E ANTES DO CLEANUP
2026-09-10 12:11:20 | INFO    | PipelineLogger.write | Diretorio.............: C:\Setups\.work\wcfmovimento\Release
2026-09-10 12:11:21 | INFO    | PipelineLogger.write | Diretorio existe......: True
2026-09-10 12:11:21 | INFO    | PipelineLogger.write | Arquivos..............: 660
2026-09-10 12:11:22 | INFO    | PipelineLogger.write | ARQUIVO...............: bin\ADODB.dll
2026-09-10 12:11:22 | INFO    | PipelineLogger.write | ARQUIVO...............: bin\arm64\libSkiaSharp.dll
2026-09-10 12:11:23 | INFO    | PipelineLogger.write | ARQUIVO...............: bin\arm64\libSkiaSharp.so
2026-09-10 12:11:24 | INFO    | PipelineLogger.write | ARQUIVO...............: bin\arm\libSkiaSharp.so
2026-09-10 12:11:24 | INFO    | PipelineLogger.write | ARQUIVO...............: bin\Aspose.HTML.dll
2026-09-10 12:11:24 | INFO    | PipelineLogger.write | ARQUIVO...............: bin\Aspose.Words.dll
2026-09-10 12:11:25 | INFO    | PipelineLogger.write | ARQUIVO...............: bin\BouncyCastle.Crypto.dll
2026-09-10 12:11:25 | INFO    | PipelineLogger.write | ARQUIVO...............: bin\BouncyCastle.Cryptography.dll
2026-09-10 12:11:25 | INFO    | PipelineLogger.write | ARQUIVO...............: bin\connectionStrings.config
2026-09-10 12:11:25 | INFO    | PipelineLogger.write | ARQUIVO...............: bin\Custom.Business.dll
2026-09-10 12:11:25 | INFO    | PipelineLogger.write | ARQUIVO...............: bin\custom.configuration.server.config
2026-09-10 12:11:25 | INFO    | PipelineLogger.write | ARQUIVO...............: bin\Custom.DataAccess.dll
2026-09-10 12:11:25 | INFO    | PipelineLogger.write | ARQUIVO...............: bin\Custom.Framework.CommonFileDialogs.dll
2026-09-10 12:11:26 | INFO    | PipelineLogger.write | ARQUIVO...............: bin\Custom.Framework.Data.dll
2026-09-10 12:11:26 | INFO    | PipelineLogger.write | ARQUIVO...............: bin\Custom.Framework.Diagnostics.dll
2026-09-10 12:11:26 | INFO    | PipelineLogger.write | ARQUIVO...............: bin\Custom.Framework.dll
2026-09-10 12:11:27 | INFO    | PipelineLogger.write | ARQUIVO...............: bin\Custom.Framework.Entities.dll
2026-09-10 12:11:27 | INFO    | PipelineLogger.write | ARQUIVO...............: bin\Custom.Framework.Server.dll
2026-09-10 12:11:27 | INFO    | PipelineLogger.write | ARQUIVO...............: bin\Custom.Framework.Services.dll
2026-09-10 12:11:27 | INFO    | PipelineLogger.write | ARQUIVO...............: bin\Custom.Integration.NFSe.Municipal.dll
2026-09-10 12:11:27 | INFO    | PipelineLogger.write | ARQUIVO...............: bin\Custom.Integration.PharmaLinkDistributors.Library.dll
2026-09-10 12:11:27 | INFO    | PipelineLogger.write | ARQUIVO...............: bin\Custom.OuroNet.Library.Core.Layer.AcessData.V20.dll
2026-09-10 12:11:27 | INFO    | PipelineLogger.write | ARQUIVO...............: bin\Custom.OuroNet.Library.Core.Layer.Exception.V20.dll
2026-09-10 12:11:27 | INFO    | PipelineLogger.write | ARQUIVO...............: bin\Custom.Services.dll
2026-09-10 12:11:27 | INFO    | PipelineLogger.write | ARQUIVO...............: bin\Custom.Utilities.Security.EncryptionCOM.dll
2026-09-10 12:11:28 | INFO    | PipelineLogger.write | ARQUIVO...............: bin\Custom.Utilities.Security.EncryptionNET.dll
2026-09-10 12:11:29 | INFO    | PipelineLogger.write | ARQUIVO...............: bin\DevExpress.Charts.v23.2.Core.dll
2026-09-10 12:11:29 | INFO    | PipelineLogger.write | ARQUIVO...............: bin\DevExpress.CodeParser.v23.2.dll
2026-09-10 12:11:30 | INFO    | PipelineLogger.write | ARQUIVO...............: bin\DevExpress.Data.Desktop.v23.2.dll
2026-09-10 12:11:30 | INFO    | PipelineLogger.write | ARQUIVO...............: bin\DevExpress.Data.v11.2.dll
2026-09-10 12:11:30 | INFO    | PipelineLogger.write | ARQUIVO...............: bin\DevExpress.Data.v23.2.dll
2026-09-10 12:11:30 | INFO    | PipelineLogger.write | ARQUIVO...............: bin\DevExpress.DataAccess.v23.2.dll
2026-09-10 12:11:30 | INFO    | PipelineLogger.write | ARQUIVO...............: bin\DevExpress.DataVisualization.v23.2.Core.dll
2026-09-10 12:11:30 | INFO    | PipelineLogger.write | ARQUIVO...............: bin\DevExpress.Dialogs.v23.2.Core.dll
2026-09-10 12:11:30 | INFO    | PipelineLogger.write | ARQUIVO...............: bin\DevExpress.Drawing.v23.2.dll
2026-09-10 12:11:30 | INFO    | PipelineLogger.write | ARQUIVO...............: bin\DevExpress.Office.v23.2.Core.dll
2026-09-10 12:11:30 | INFO    | PipelineLogger.write | ARQUIVO...............: bin\DevExpress.Pdf.v23.2.Core.dll
2026-09-10 12:11:30 | INFO    | PipelineLogger.write | ARQUIVO...............: bin\DevExpress.Pdf.v23.2.Drawing.dll
2026-09-10 12:11:30 | INFO    | PipelineLogger.write | ARQUIVO...............: bin\DevExpress.PivotGrid.v23.2.Core.dll
2026-09-10 12:11:30 | INFO    | PipelineLogger.write | ARQUIVO...............: bin\DevExpress.Printing.v11.2.Core.dll
2026-09-10 12:11:30 | INFO    | PipelineLogger.write | ARQUIVO...............: bin\DevExpress.Printing.v23.2.Core.dll
2026-09-10 12:11:30 | INFO    | PipelineLogger.write | ARQUIVO...............: bin\DevExpress.RichEdit.v23.2.Core.dll
2026-09-10 12:11:30 | INFO    | PipelineLogger.write | ARQUIVO...............: bin\DevExpress.Sparkline.v23.2.Core.dll
2026-09-10 12:11:30 | INFO    | PipelineLogger.write | ARQUIVO...............: bin\DevExpress.Utils.v11.2.dll
2026-09-10 12:11:30 | INFO    | PipelineLogger.write | ARQUIVO...............: bin\DevExpress.Utils.v23.2.dll
2026-09-10 12:11:31 | INFO    | PipelineLogger.write | ARQUIVO...............: bin\DevExpress.Xpo.v23.2.dll
2026-09-10 12:11:31 | INFO    | PipelineLogger.write | ARQUIVO...............: bin\DevExpress.XtraBars.v23.2.dll
2026-09-10 12:11:31 | INFO    | PipelineLogger.write | ARQUIVO...............: bin\DevExpress.XtraCharts.v23.2.dll
2026-09-10 12:11:31 | INFO    | PipelineLogger.write | ARQUIVO...............: bin\DevExpress.XtraDialogs.v23.2.dll
2026-09-10 12:11:31 | INFO    | PipelineLogger.write | ARQUIVO...............: bin\DevExpress.XtraEditors.v11.2.dll
2026-09-10 12:11:32 | INFO    | PipelineLogger.write | ARQUIVO...............: bin\DevExpress.XtraEditors.v23.2.dll
2026-09-10 12:11:32 | INFO    | PipelineLogger.write | ARQUIVO...............: bin\DevExpress.XtraGauges.v23.2.Core.dll
2026-09-10 12:11:32 | INFO    | PipelineLogger.write | ARQUIVO...............: bin\DevExpress.XtraGrid.v23.2.dll
2026-09-10 12:11:33 | INFO    | PipelineLogger.write | ARQUIVO...............: bin\DevExpress.XtraLayout.v23.2.dll
2026-09-10 12:11:33 | INFO    | PipelineLogger.write | ARQUIVO...............: bin\DevExpress.XtraPrinting.v23.2.dll
2026-09-10 12:11:33 | INFO    | PipelineLogger.write | ARQUIVO...............: bin\DevExpress.XtraReports.v23.2.dll
2026-09-10 12:11:33 | INFO    | PipelineLogger.write | ARQUIVO...............: bin\DevExpress.XtraTreeList.v23.2.dll
2026-09-10 12:11:34 | INFO    | PipelineLogger.write | ARQUIVO...............: bin\FileHelpers.dll
2026-09-10 12:11:34 | INFO    | PipelineLogger.write | ARQUIVO...............: bin\Framawork.DFe.Classes.dll
2026-09-10 12:11:34 | INFO    | PipelineLogger.write | ARQUIVO...............: bin\Framawork.DFe.Utils.dll
2026-09-10 12:11:34 | INFO    | PipelineLogger.write | ARQUIVO...............: bin\Framawork.DFe.Wsdl.dll
2026-09-10 12:11:34 | INFO    | PipelineLogger.write | ARQUIVO...............: bin\Framework.BoletoNet.dll
2026-09-10 12:11:34 | INFO    | PipelineLogger.write | ARQUIVO...............: bin\Framework.NFe.Classes.dll
2026-09-10 12:11:34 | INFO    | PipelineLogger.write | ARQUIVO...............: bin\Framework.NFe.Print.dll
2026-09-10 12:11:34 | INFO    | PipelineLogger.write | ARQUIVO...............: bin\Framework.NFe.Servicos.dll
2026-09-10 12:11:34 | INFO    | PipelineLogger.write | ARQUIVO...............: bin\Framework.NFe.Utils.dll
2026-09-10 12:11:34 | INFO    | PipelineLogger.write | ARQUIVO...............: bin\Framework.NFe.Wsdl.dll
2026-09-10 12:11:34 | INFO    | PipelineLogger.write | ARQUIVO...............: bin\loongarch64\libSkiaSharp.so
2026-09-10 12:11:34 | INFO    | PipelineLogger.write | ARQUIVO...............: bin\MailKit.dll
2026-09-10 12:11:34 | INFO    | PipelineLogger.write | ARQUIVO...............: bin\MailKit.dll.config
2026-09-10 12:11:35 | INFO    | PipelineLogger.write | ARQUIVO...............: bin\MailKit.pdb
2026-09-10 12:11:35 | INFO    | PipelineLogger.write | ARQUIVO...............: bin\Microsoft.Bcl.AsyncInterfaces.dll
2026-09-10 12:11:36 | INFO    | PipelineLogger.write | ARQUIVO...............: bin\Microsoft.Practices.EnterpriseLibrary.Common.dll
2026-09-10 12:11:36 | INFO    | PipelineLogger.write | ARQUIVO...............: bin\Microsoft.Practices.EnterpriseLibrary.Data.dll
2026-09-10 12:11:36 | INFO    | PipelineLogger.write | ARQUIVO...............: bin\Microsoft.Practices.ServiceLocation.dll
2026-09-10 12:11:36 | INFO    | PipelineLogger.write | ARQUIVO...............: bin\Microsoft.Practices.Unity.dll
2026-09-10 12:11:36 | INFO    | PipelineLogger.write | ARQUIVO...............: bin\Microsoft.Practices.Unity.Interception.dll
2026-09-10 12:11:37 | INFO    | PipelineLogger.write | ARQUIVO...............: bin\MimeKit.dll
2026-09-10 12:11:37 | INFO    | PipelineLogger.write | ARQUIVO...............: bin\MimeKit.pdb
2026-09-10 12:11:37 | INFO    | PipelineLogger.write | ARQUIVO...............: bin\musl-arm64\libSkiaSharp.so
2026-09-10 12:11:37 | INFO    | PipelineLogger.write | ARQUIVO...............: bin\musl-arm\libSkiaSharp.so
2026-09-10 12:11:37 | INFO    | PipelineLogger.write | ARQUIVO...............: bin\musl-loongarch64\libSkiaSharp.so
2026-09-10 12:11:37 | INFO    | PipelineLogger.write | ARQUIVO...............: bin\musl-riscv64\libSkiaSharp.so
2026-09-10 12:11:37 | INFO    | PipelineLogger.write | ARQUIVO...............: bin\musl-x64\libSkiaSharp.so
2026-09-10 12:11:37 | INFO    | PipelineLogger.write | ARQUIVO...............: bin\Newtonsoft.Json.dll
2026-09-10 12:11:37 | INFO    | PipelineLogger.write | ARQUIVO...............: bin\NPOI.dll
2026-09-10 12:11:37 | INFO    | PipelineLogger.write | ARQUIVO...............: bin\NPOI.OOXML.dll
2026-09-10 12:11:37 | INFO    | PipelineLogger.write | ARQUIVO...............: bin\NPOI.OOXML.pdb
2026-09-10 12:11:37 | INFO    | PipelineLogger.write | ARQUIVO...............: bin\NPOI.OpenXml4Net.dll
2026-09-10 12:11:37 | INFO    | PipelineLogger.write | ARQUIVO...............: bin\NPOI.OpenXml4Net.pdb
2026-09-10 12:11:37 | INFO    | PipelineLogger.write | ARQUIVO...............: bin\NPOI.OpenXmlFormats.dll
2026-09-10 12:11:37 | INFO    | PipelineLogger.write | ARQUIVO...............: bin\NPOI.OpenXmlFormats.pdb
2026-09-10 12:11:37 | INFO    | PipelineLogger.write | ARQUIVO...............: bin\NPOI.pdb
2026-09-10 12:11:37 | INFO    | PipelineLogger.write | ARQUIVO...............: bin\NReco.PdfGenerator.dll
2026-09-10 12:11:38 | INFO    | PipelineLogger.write | ARQUIVO...............: bin\OpenAC.Net.Core.dll
2026-09-10 12:11:38 | INFO    | PipelineLogger.write | ARQUIVO...............: bin\OpenAC.Net.DFe.Core.dll
2026-09-10 12:11:38 | INFO    | PipelineLogger.write | ARQUIVO...............: bin\OuroNet.Server.Business.dll
2026-09-10 12:11:38 | INFO    | PipelineLogger.write | ARQUIVO...............: bin\OuroNet.Server.Business.dll.config
2026-09-10 12:11:38 | INFO    | PipelineLogger.write | ARQUIVO...............: bin\OuroNet.Server.Business.pdb
2026-09-10 12:11:38 | INFO    | PipelineLogger.write | ARQUIVO...............: bin\OuroNet.Server.Business.XmlSerializers.dll
2026-09-10 12:11:38 | INFO    | PipelineLogger.write | ARQUIVO...............: bin\OuroNet.Server.Common.dll
2026-09-10 12:11:38 | INFO    | PipelineLogger.write | ARQUIVO...............: bin\OuroNet.Server.Common.dll.config
2026-09-10 12:11:39 | INFO    | PipelineLogger.write | ARQUIVO...............: bin\OuroNet.Server.Common.pdb
2026-09-10 12:11:39 | INFO    | PipelineLogger.write | ARQUIVO...............: bin\OuroNet.Server.DataAccess.dll
2026-09-10 12:11:39 | INFO    | PipelineLogger.write | ARQUIVO...............: bin\OuroNet.Server.DataAccess.dll.config
2026-09-10 12:11:39 | INFO    | PipelineLogger.write | ARQUIVO...............: bin\OuroNet.Server.DataAccess.pdb
2026-09-10 12:11:39 | INFO    | PipelineLogger.write | ARQUIVO...............: bin\OuroNet.Server.Entities.dll
2026-09-10 12:11:39 | INFO    | PipelineLogger.write | ARQUIVO...............: bin\OuroNet.Server.Entities.dll.config
2026-09-10 12:11:39 | INFO    | PipelineLogger.write | ARQUIVO...............: bin\OuroNet.Server.Entities.pdb
2026-09-10 12:11:39 | INFO    | PipelineLogger.write | ARQUIVO...............: bin\OuroNet.Server.ServiceInterfaces.dll
2026-09-10 12:11:39 | INFO    | PipelineLogger.write | ARQUIVO...............: bin\OuroNet.Server.ServiceInterfaces.dll.config
2026-09-10 12:11:39 | INFO    | PipelineLogger.write | ARQUIVO...............: bin\OuroNet.Server.ServiceInterfaces.pdb
2026-09-10 12:11:39 | INFO    | PipelineLogger.write | ARQUIVO...............: bin\OuroNet.Server.Services.dll
2026-09-10 12:11:39 | INFO    | PipelineLogger.write | ARQUIVO...............: bin\OuroNet.Server.Services.dll.config
2026-09-10 12:11:40 | INFO    | PipelineLogger.write | ARQUIVO...............: bin\OuroNet.Server.Services.pdb
2026-09-10 12:11:41 | INFO    | PipelineLogger.write | ARQUIVO...............: bin\OuroNet.Server.WCF.Movement.dll
2026-09-10 12:11:41 | INFO    | PipelineLogger.write | ARQUIVO...............: bin\OuroNet.Server.WCF.Movement.pdb
2026-09-10 12:11:42 | INFO    | PipelineLogger.write | ARQUIVO...............: bin\protobuf-net.dll
2026-09-10 12:11:42 | INFO    | PipelineLogger.write | ARQUIVO...............: bin\QRCoder.dll
2026-09-10 12:11:42 | INFO    | PipelineLogger.write | ARQUIVO...............: bin\RestSharp.dll
2026-09-10 12:11:42 | INFO    | PipelineLogger.write | ARQUIVO...............: bin\riscv64\libSkiaSharp.so
2026-09-10 12:11:42 | INFO    | PipelineLogger.write | ARQUIVO...............: bin\SkiaSharp.dll
2026-09-10 12:11:42 | INFO    | PipelineLogger.write | ARQUIVO...............: bin\SkiaSharp.pdb
2026-09-10 12:11:42 | INFO    | PipelineLogger.write | ARQUIVO...............: bin\System.Buffers.dll
2026-09-10 12:11:42 | INFO    | PipelineLogger.write | ARQUIVO...............: bin\System.Formats.Asn1.dll
2026-09-10 12:11:42 | INFO    | PipelineLogger.write | ARQUIVO...............: bin\System.IO.Pipelines.dll
2026-09-10 12:11:42 | INFO    | PipelineLogger.write | ARQUIVO...............: bin\System.Memory.dll
2026-09-10 12:11:42 | INFO    | PipelineLogger.write | ARQUIVO...............: bin\System.Net.Http.Json.dll
2026-09-10 12:11:42 | INFO    | PipelineLogger.write | ARQUIVO...............: bin\System.Numerics.Vectors.dll
2026-09-10 12:11:42 | INFO    | PipelineLogger.write | ARQUIVO...............: bin\System.Runtime.CompilerServices.Unsafe.dll
2026-09-10 12:11:42 | INFO    | PipelineLogger.write | ARQUIVO...............: bin\System.Text.Encodings.Web.dll
2026-09-10 12:11:43 | INFO    | PipelineLogger.write | ARQUIVO...............: bin\System.Text.Json.dll
2026-09-10 12:11:43 | INFO    | PipelineLogger.write | ARQUIVO...............: bin\System.Threading.Tasks.Extensions.dll
2026-09-10 12:11:43 | INFO    | PipelineLogger.write | ARQUIVO...............: bin\x64\libSkiaSharp.dll
2026-09-10 12:11:43 | INFO    | PipelineLogger.write | ARQUIVO...............: bin\x64\libSkiaSharp.so
2026-09-10 12:11:43 | INFO    | PipelineLogger.write | ARQUIVO...............: bin\x64\SQLite.Interop.dll
2026-09-10 12:11:43 | INFO    | PipelineLogger.write | ARQUIVO...............: bin\x86\libSkiaSharp.dll
2026-09-10 12:11:43 | INFO    | PipelineLogger.write | ARQUIVO...............: bin\x86\libSkiaSharp.so
2026-09-10 12:11:43 | INFO    | PipelineLogger.write | ARQUIVO...............: bin\x86\SQLite.Interop.dll
2026-09-10 12:11:43 | INFO    | PipelineLogger.write | ARQUIVO...............: bin\Xml\Movimento\Cte\Schemas\2.00\cancCTeTiposBasico_v2.00.xsd
2026-09-10 12:11:43 | INFO    | PipelineLogger.write | ARQUIVO...............: bin\Xml\Movimento\Cte\Schemas\2.00\consReciCTe_v2.00.xsd
2026-09-10 12:11:43 | INFO    | PipelineLogger.write | ARQUIVO...............: bin\Xml\Movimento\Cte\Schemas\2.00\consReciCTeTiposBasico_v2.00.xsd
2026-09-10 12:11:43 | INFO    | PipelineLogger.write | ARQUIVO...............: bin\Xml\Movimento\Cte\Schemas\2.00\consSitCTe_v2.00.xsd
2026-09-10 12:11:43 | INFO    | PipelineLogger.write | ARQUIVO...............: bin\Xml\Movimento\Cte\Schemas\2.00\consSitCTeTiposBasico_v2.00.xsd
2026-09-10 12:11:43 | INFO    | PipelineLogger.write | ARQUIVO...............: bin\Xml\Movimento\Cte\Schemas\2.00\consStatServCTe_v2.00.xsd
2026-09-10 12:11:43 | INFO    | PipelineLogger.write | ARQUIVO...............: bin\Xml\Movimento\Cte\Schemas\2.00\consStatServTiposBasico_v2.00.xsd
2026-09-10 12:11:43 | INFO    | PipelineLogger.write | ARQUIVO...............: bin\Xml\Movimento\Cte\Schemas\2.00\cte_v2.00.xsd
2026-09-10 12:11:43 | INFO    | PipelineLogger.write | ARQUIVO...............: bin\Xml\Movimento\Cte\Schemas\2.00\cteModalAereo_v2.00.xsd
2026-09-10 12:11:43 | INFO    | PipelineLogger.write | ARQUIVO...............: bin\Xml\Movimento\Cte\Schemas\2.00\cteModalAquaviario_v2.00.xsd
2026-09-10 12:11:44 | INFO    | PipelineLogger.write | ARQUIVO...............: bin\Xml\Movimento\Cte\Schemas\2.00\cteModalDutoviario_v2.00.xsd
2026-09-10 12:11:44 | INFO    | PipelineLogger.write | ARQUIVO...............: bin\Xml\Movimento\Cte\Schemas\2.00\cteModalFerroviario_v2.00.xsd
2026-09-10 12:11:44 | INFO    | PipelineLogger.write | ARQUIVO...............: bin\Xml\Movimento\Cte\Schemas\2.00\cteModalRodoviario_v2.00.xsd
2026-09-10 12:11:44 | INFO    | PipelineLogger.write | ARQUIVO...............: bin\Xml\Movimento\Cte\Schemas\2.00\cteMultiModal_v2.00.xsd
2026-09-10 12:11:44 | INFO    | PipelineLogger.write | ARQUIVO...............: bin\Xml\Movimento\Cte\Schemas\2.00\cteTiposBasico_v2.00.xsd
2026-09-10 12:11:44 | INFO    | PipelineLogger.write | ARQUIVO...............: bin\Xml\Movimento\Cte\Schemas\2.00\enviCTe_v2.00.xsd
2026-09-10 12:11:44 | INFO    | PipelineLogger.write | ARQUIVO...............: bin\Xml\Movimento\Cte\Schemas\2.00\evCancCTe_v2.00.xsd
2026-09-10 12:11:46 | INFO    | PipelineLogger.write | ARQUIVO...............: bin\Xml\Movimento\Cte\Schemas\2.00\evCCeCTe_v2.00.xsd
2026-09-10 12:11:46 | INFO    | PipelineLogger.write | ARQUIVO...............: bin\Xml\Movimento\Cte\Schemas\2.00\eventoCTe_v2.00.xsd
2026-09-10 12:11:46 | INFO    | PipelineLogger.write | ARQUIVO...............: bin\Xml\Movimento\Cte\Schemas\2.00\eventoCTeTiposBasico_v2.00.xsd
2026-09-10 12:11:46 | INFO    | PipelineLogger.write | ARQUIVO...............: bin\Xml\Movimento\Cte\Schemas\2.00\evEPECCTe_v2.00.xsd
2026-09-10 12:11:47 | INFO    | PipelineLogger.write | ARQUIVO...............: bin\Xml\Movimento\Cte\Schemas\2.00\evRegMultimodal_v2.00.xsd
2026-09-10 12:11:47 | INFO    | PipelineLogger.write | ARQUIVO...............: bin\Xml\Movimento\Cte\Schemas\2.00\inutCTe_v2.00.xsd
2026-09-10 12:11:48 | INFO    | PipelineLogger.write | ARQUIVO...............: bin\Xml\Movimento\Cte\Schemas\2.00\inutCTeTiposBasico_v2.00.xsd
2026-09-10 12:11:48 | INFO    | PipelineLogger.write | ARQUIVO...............: bin\Xml\Movimento\Cte\Schemas\2.00\procCTe_v2.00.xsd
2026-09-10 12:11:48 | INFO    | PipelineLogger.write | ARQUIVO...............: bin\Xml\Movimento\Cte\Schemas\2.00\procEventoCTe_v2.00.xsd
2026-09-10 12:11:48 | INFO    | PipelineLogger.write | ARQUIVO...............: bin\Xml\Movimento\Cte\Schemas\2.00\procInutCTe_v2.00.xsd
2026-09-10 12:11:48 | INFO    | PipelineLogger.write | ARQUIVO...............: bin\Xml\Movimento\Cte\Schemas\2.00\retConsReciCTe_v2.00.xsd
2026-09-10 12:11:48 | INFO    | PipelineLogger.write | ARQUIVO...............: bin\Xml\Movimento\Cte\Schemas\2.00\retConsSitCTe_v2.00.xsd
2026-09-10 12:11:48 | INFO    | PipelineLogger.write | ARQUIVO...............: bin\Xml\Movimento\Cte\Schemas\2.00\retConsStatServCTe_v2.00.xsd
2026-09-10 12:11:48 | INFO    | PipelineLogger.write | ARQUIVO...............: bin\Xml\Movimento\Cte\Schemas\2.00\retEnviCTe_v2.00.xsd
2026-09-10 12:11:48 | INFO    | PipelineLogger.write | ARQUIVO...............: bin\Xml\Movimento\Cte\Schemas\2.00\retEventoCTe_v2.00.xsd
2026-09-10 12:11:49 | INFO    | PipelineLogger.write | ARQUIVO...............: bin\Xml\Movimento\Cte\Schemas\2.00\retInutCTe_v2.00.xsd
2026-09-10 12:11:49 | INFO    | PipelineLogger.write | ARQUIVO...............: bin\Xml\Movimento\Cte\Schemas\2.00\tiposGeralCTe_v2.00.xsd
2026-09-10 12:11:49 | INFO    | PipelineLogger.write | ARQUIVO...............: bin\Xml\Movimento\Cte\Schemas\2.00\xmldsig-core-schema_v1.01.xsd
2026-09-10 12:11:49 | INFO    | PipelineLogger.write | ARQUIVO...............: bin\Xml\Movimento\Cte\Schemas\3.00\consReciCTe_v3.00.xsd
2026-09-10 12:11:50 | INFO    | PipelineLogger.write | ARQUIVO...............: bin\Xml\Movimento\Cte\Schemas\3.00\consReciCTeTiposBasico_v3.00.xsd
2026-09-10 12:11:50 | INFO    | PipelineLogger.write | ARQUIVO...............: bin\Xml\Movimento\Cte\Schemas\3.00\consSitCTe_v3.00.xsd
2026-09-10 12:11:51 | INFO    | PipelineLogger.write | ARQUIVO...............: bin\Xml\Movimento\Cte\Schemas\3.00\consSitCTeTiposBasico_v3.00.xsd
2026-09-10 12:11:51 | INFO    | PipelineLogger.write | ARQUIVO...............: bin\Xml\Movimento\Cte\Schemas\3.00\consStatServCTe_v3.00.xsd
2026-09-10 12:11:51 | INFO    | PipelineLogger.write | ARQUIVO...............: bin\Xml\Movimento\Cte\Schemas\3.00\consStatServTiposBasico_v3.00.xsd
2026-09-10 12:11:52 | INFO    | PipelineLogger.write | ARQUIVO...............: bin\Xml\Movimento\Cte\Schemas\3.00\cte_v3.00.xsd
2026-09-10 12:11:52 | INFO    | PipelineLogger.write | ARQUIVO...............: bin\Xml\Movimento\Cte\Schemas\3.00\cteModalAereo_v3.00.xsd
2026-09-10 12:11:52 | INFO    | PipelineLogger.write | ARQUIVO...............: bin\Xml\Movimento\Cte\Schemas\3.00\cteModalAquaviario_v3.00.xsd
2026-09-10 12:11:52 | INFO    | PipelineLogger.write | ARQUIVO...............: bin\Xml\Movimento\Cte\Schemas\3.00\cteModalDutoviario_v3.00.xsd
2026-09-10 12:11:52 | INFO    | PipelineLogger.write | ARQUIVO...............: bin\Xml\Movimento\Cte\Schemas\3.00\cteModalFerroviario_v3.00.xsd
2026-09-10 12:11:52 | INFO    | PipelineLogger.write | ARQUIVO...............: bin\Xml\Movimento\Cte\Schemas\3.00\cteModalRodoviario_v3.00.xsd
2026-09-10 12:11:52 | INFO    | PipelineLogger.write | ARQUIVO...............: bin\Xml\Movimento\Cte\Schemas\3.00\cteModalRodoviarioOS_v3.00.xsd
2026-09-10 12:11:52 | INFO    | PipelineLogger.write | ARQUIVO...............: bin\Xml\Movimento\Cte\Schemas\3.00\cteMultiModal_v3.00.xsd
2026-09-10 12:11:52 | INFO    | PipelineLogger.write | ARQUIVO...............: bin\Xml\Movimento\Cte\Schemas\3.00\cteOS_v3.00.xsd
2026-09-10 12:11:52 | INFO    | PipelineLogger.write | ARQUIVO...............: bin\Xml\Movimento\Cte\Schemas\3.00\cteTiposBasico_v3.00.xsd
2026-09-10 12:11:52 | INFO    | PipelineLogger.write | ARQUIVO...............: bin\Xml\Movimento\Cte\Schemas\3.00\enviCTe_v3.00.xsd
2026-09-10 12:11:52 | INFO    | PipelineLogger.write | ARQUIVO...............: bin\Xml\Movimento\Cte\Schemas\3.00\evCancCECTe_v3.00.xsd
2026-09-10 12:11:52 | INFO    | PipelineLogger.write | ARQUIVO...............: bin\Xml\Movimento\Cte\Schemas\3.00\evCancCTe_v3.00.xsd
2026-09-10 12:11:52 | INFO    | PipelineLogger.write | ARQUIVO...............: bin\Xml\Movimento\Cte\Schemas\3.00\evCCeCTe_v3.00.xsd
2026-09-10 12:11:52 | INFO    | PipelineLogger.write | ARQUIVO...............: bin\Xml\Movimento\Cte\Schemas\3.00\evCECTe_v3.00.xsd
2026-09-10 12:11:52 | INFO    | PipelineLogger.write | ARQUIVO...............: bin\Xml\Movimento\Cte\Schemas\3.00\eventoCTe_v3.00.xsd
2026-09-10 12:11:53 | INFO    | PipelineLogger.write | ARQUIVO...............: bin\Xml\Movimento\Cte\Schemas\3.00\eventoCTeTiposBasico_v3.00.xsd
2026-09-10 12:11:53 | INFO    | PipelineLogger.write | ARQUIVO...............: bin\Xml\Movimento\Cte\Schemas\3.00\evEPECCTe_v3.00.xsd
2026-09-10 12:11:53 | INFO    | PipelineLogger.write | ARQUIVO...............: bin\Xml\Movimento\Cte\Schemas\3.00\evGTV_v3.00.xsd
2026-09-10 12:11:53 | INFO    | PipelineLogger.write | ARQUIVO...............: bin\Xml\Movimento\Cte\Schemas\3.00\evPrestDesacordo_v3.00.xsd
2026-09-10 12:11:53 | INFO    | PipelineLogger.write | ARQUIVO...............: bin\Xml\Movimento\Cte\Schemas\3.00\evRegMultimodal_v3.00.xsd
2026-09-10 12:11:53 | INFO    | PipelineLogger.write | ARQUIVO...............: bin\Xml\Movimento\Cte\Schemas\3.00\GTVe_v3.00.xsd
2026-09-10 12:11:53 | INFO    | PipelineLogger.write | ARQUIVO...............: bin\Xml\Movimento\Cte\Schemas\3.00\inutCTe_v3.00.xsd
2026-09-10 12:11:53 | INFO    | PipelineLogger.write | ARQUIVO...............: bin\Xml\Movimento\Cte\Schemas\3.00\inutCTeTiposBasico_v3.00.xsd
2026-09-10 12:11:53 | INFO    | PipelineLogger.write | ARQUIVO...............: bin\Xml\Movimento\Cte\Schemas\3.00\procCTe_v3.00.xsd
2026-09-10 12:11:53 | INFO    | PipelineLogger.write | ARQUIVO...............: bin\Xml\Movimento\Cte\Schemas\3.00\procCTeOS_v3.00.xsd
2026-09-10 12:11:53 | INFO    | PipelineLogger.write | ARQUIVO...............: bin\Xml\Movimento\Cte\Schemas\3.00\procEventoCTe_v3.00.xsd
2026-09-10 12:11:53 | INFO    | PipelineLogger.write | ARQUIVO...............: bin\Xml\Movimento\Cte\Schemas\3.00\procGTVe_v3.00.xsd
2026-09-10 12:11:53 | INFO    | PipelineLogger.write | ARQUIVO...............: bin\Xml\Movimento\Cte\Schemas\3.00\procInutCTe_v3.00.xsd
2026-09-10 12:11:53 | INFO    | PipelineLogger.write | ARQUIVO...............: bin\Xml\Movimento\Cte\Schemas\3.00\retConsReciCTe_v3.00.xsd
2026-09-10 12:11:53 | INFO    | PipelineLogger.write | ARQUIVO...............: bin\Xml\Movimento\Cte\Schemas\3.00\retConsSitCTe_v3.00.xsd
2026-09-10 12:11:54 | INFO    | PipelineLogger.write | ARQUIVO...............: bin\Xml\Movimento\Cte\Schemas\3.00\retConsStatServCTe_v3.00.xsd
2026-09-10 12:11:54 | INFO    | PipelineLogger.write | ARQUIVO...............: bin\Xml\Movimento\Cte\Schemas\3.00\retCTe_v3.00.xsd
2026-09-10 12:11:55 | INFO    | PipelineLogger.write | ARQUIVO...............: bin\Xml\Movimento\Cte\Schemas\3.00\retCTeOS_v3.00.xsd
2026-09-10 12:11:56 | INFO    | PipelineLogger.write | ARQUIVO...............: bin\Xml\Movimento\Cte\Schemas\3.00\retEnviCTe_v3.00.xsd
2026-09-10 12:11:56 | INFO    | PipelineLogger.write | ARQUIVO...............: bin\Xml\Movimento\Cte\Schemas\3.00\retEventoCTe_v3.00.xsd
2026-09-10 12:11:57 | INFO    | PipelineLogger.write | ARQUIVO...............: bin\Xml\Movimento\Cte\Schemas\3.00\retGTVe_v3.00.xsd
2026-09-10 12:11:57 | INFO    | PipelineLogger.write | ARQUIVO...............: bin\Xml\Movimento\Cte\Schemas\3.00\retInutCTe_v3.00.xsd
2026-09-10 12:11:57 | INFO    | PipelineLogger.write | ARQUIVO...............: bin\Xml\Movimento\Cte\Schemas\3.00\tiposGeralCTe_v3.00.xsd
2026-09-10 12:11:58 | INFO    | PipelineLogger.write | ARQUIVO...............: bin\Xml\Movimento\Cte\Schemas\3.00\xmldsig-core-schema_v1.01.xsd
2026-09-10 12:11:59 | INFO    | PipelineLogger.write | ARQUIVO...............: bin\Xml\Movimento\Cte\Schemas\4.00\consSitCTe_v4.00.xsd
2026-09-10 12:11:59 | INFO    | PipelineLogger.write | ARQUIVO...............: bin\Xml\Movimento\Cte\Schemas\4.00\consSitCTeTiposBasico_v4.00.xsd
2026-09-10 12:11:59 | INFO    | PipelineLogger.write | ARQUIVO...............: bin\Xml\Movimento\Cte\Schemas\4.00\consStatServCTe_v4.00.xsd
2026-09-10 12:12:00 | INFO    | PipelineLogger.write | ARQUIVO...............: bin\Xml\Movimento\Cte\Schemas\4.00\consStatServTiposBasico_v4.00.xsd
2026-09-10 12:12:01 | INFO    | PipelineLogger.write | ARQUIVO...............: bin\Xml\Movimento\Cte\Schemas\4.00\cte_v4.00.xsd
2026-09-10 12:12:01 | INFO    | PipelineLogger.write | ARQUIVO...............: bin\Xml\Movimento\Cte\Schemas\4.00\cteModalAereo_v4.00.xsd
2026-09-10 12:12:01 | INFO    | PipelineLogger.write | ARQUIVO...............: bin\Xml\Movimento\Cte\Schemas\4.00\cteModalAquaviario_v4.00.xsd
2026-09-10 12:12:02 | INFO    | PipelineLogger.write | ARQUIVO...............: bin\Xml\Movimento\Cte\Schemas\4.00\cteModalDutoviario_v4.00.xsd
2026-09-10 12:12:03 | INFO    | PipelineLogger.write | ARQUIVO...............: bin\Xml\Movimento\Cte\Schemas\4.00\cteModalFerroviario_v4.00.xsd
2026-09-10 12:12:03 | INFO    | PipelineLogger.write | ARQUIVO...............: bin\Xml\Movimento\Cte\Schemas\4.00\cteModalRodoviario_v4.00.xsd
2026-09-10 12:12:04 | INFO    | PipelineLogger.write | ARQUIVO...............: bin\Xml\Movimento\Cte\Schemas\4.00\cteModalRodoviarioOS_v4.00.xsd
2026-09-10 12:12:04 | INFO    | PipelineLogger.write | ARQUIVO...............: bin\Xml\Movimento\Cte\Schemas\4.00\cteMultiModal_v4.00.xsd
2026-09-10 12:12:05 | INFO    | PipelineLogger.write | ARQUIVO...............: bin\Xml\Movimento\Cte\Schemas\4.00\cteOS_v4.00.xsd
2026-09-10 12:12:05 | INFO    | PipelineLogger.write | ARQUIVO...............: bin\Xml\Movimento\Cte\Schemas\4.00\cteTiposBasico_v4.00.xsd
2026-09-10 12:12:06 | INFO    | PipelineLogger.write | ARQUIVO...............: bin\Xml\Movimento\Cte\Schemas\4.00\evCancCECTe_v4.00.xsd
2026-09-10 12:12:06 | INFO    | PipelineLogger.write | ARQUIVO...............: bin\Xml\Movimento\Cte\Schemas\4.00\evCancCTe_v4.00.xsd
2026-09-10 12:12:07 | INFO    | PipelineLogger.write | ARQUIVO...............: bin\Xml\Movimento\Cte\Schemas\4.00\evCancIECTe_v4.00.xsd
2026-09-10 12:12:07 | INFO    | PipelineLogger.write | ARQUIVO...............: bin\Xml\Movimento\Cte\Schemas\4.00\evCancPrestDesacordo_v4.00.xsd
2026-09-10 12:12:07 | INFO    | PipelineLogger.write | ARQUIVO...............: bin\Xml\Movimento\Cte\Schemas\4.00\evCCeCTe_v4.00.xsd
2026-09-10 12:12:07 | INFO    | PipelineLogger.write | ARQUIVO...............: bin\Xml\Movimento\Cte\Schemas\4.00\evCECTe_v4.00.xsd
2026-09-10 12:12:07 | INFO    | PipelineLogger.write | ARQUIVO...............: bin\Xml\Movimento\Cte\Schemas\4.00\eventoCTe_v4.00.xsd
2026-09-10 12:12:07 | INFO    | PipelineLogger.write | ARQUIVO...............: bin\Xml\Movimento\Cte\Schemas\4.00\eventoCTeTiposBasico_v4.00.xsd
2026-09-10 12:12:07 | INFO    | PipelineLogger.write | ARQUIVO...............: bin\Xml\Movimento\Cte\Schemas\4.00\evEPECCTe_v4.00.xsd
2026-09-10 12:12:07 | INFO    | PipelineLogger.write | ARQUIVO...............: bin\Xml\Movimento\Cte\Schemas\4.00\evGTV_v4.00.xsd
2026-09-10 12:12:07 | INFO    | PipelineLogger.write | ARQUIVO...............: bin\Xml\Movimento\Cte\Schemas\4.00\evIECTe_v4.00.xsd
2026-09-10 12:12:07 | INFO    | PipelineLogger.write | ARQUIVO...............: bin\Xml\Movimento\Cte\Schemas\4.00\evPrestDesacordo_v4.00.xsd
2026-09-10 12:12:08 | INFO    | PipelineLogger.write | ARQUIVO...............: bin\Xml\Movimento\Cte\Schemas\4.00\evRegMultimodal_v4.00.xsd
2026-09-10 12:12:08 | INFO    | PipelineLogger.write | ARQUIVO...............: bin\Xml\Movimento\Cte\Schemas\4.00\GTVe_v4.00.xsd
2026-09-10 12:12:08 | INFO    | PipelineLogger.write | ARQUIVO...............: bin\Xml\Movimento\Cte\Schemas\4.00\inutCTe_v4.00.xsd
2026-09-10 12:12:08 | INFO    | PipelineLogger.write | ARQUIVO...............: bin\Xml\Movimento\Cte\Schemas\4.00\inutCTeTiposBasico_v4.00.xsd
2026-09-10 12:12:08 | INFO    | PipelineLogger.write | ARQUIVO...............: bin\Xml\Movimento\Cte\Schemas\4.00\procCTe_v4.00.xsd
2026-09-10 12:12:08 | INFO    | PipelineLogger.write | ARQUIVO...............: bin\Xml\Movimento\Cte\Schemas\4.00\procCTeOS_v4.00.xsd
2026-09-10 12:12:08 | INFO    | PipelineLogger.write | ARQUIVO...............: bin\Xml\Movimento\Cte\Schemas\4.00\procEventoCTe_v4.00.xsd
2026-09-10 12:12:08 | INFO    | PipelineLogger.write | ARQUIVO...............: bin\Xml\Movimento\Cte\Schemas\4.00\procGTVe_v4.00.xsd
2026-09-10 12:12:08 | INFO    | PipelineLogger.write | ARQUIVO...............: bin\Xml\Movimento\Cte\Schemas\4.00\procInutCTe_v4.00.xsd
2026-09-10 12:12:08 | INFO    | PipelineLogger.write | ARQUIVO...............: bin\Xml\Movimento\Cte\Schemas\4.00\retConsSitCTe_v4.00.xsd
2026-09-10 12:12:08 | INFO    | PipelineLogger.write | ARQUIVO...............: bin\Xml\Movimento\Cte\Schemas\4.00\retConsStatServCTe_v4.00.xsd
2026-09-10 12:12:08 | INFO    | PipelineLogger.write | ARQUIVO...............: bin\Xml\Movimento\Cte\Schemas\4.00\retCTe_v4.00.xsd
2026-09-10 12:12:08 | INFO    | PipelineLogger.write | ARQUIVO...............: bin\Xml\Movimento\Cte\Schemas\4.00\retCTeOS_v4.00.xsd
2026-09-10 12:12:08 | INFO    | PipelineLogger.write | ARQUIVO...............: bin\Xml\Movimento\Cte\Schemas\4.00\retEventoCTe_v4.00.xsd
2026-09-10 12:12:08 | INFO    | PipelineLogger.write | ARQUIVO...............: bin\Xml\Movimento\Cte\Schemas\4.00\retGTVe_v4.00.xsd
2026-09-10 12:12:08 | INFO    | PipelineLogger.write | ARQUIVO...............: bin\Xml\Movimento\Cte\Schemas\4.00\retInutCTe_v4.00.xsd
2026-09-10 12:12:09 | INFO    | PipelineLogger.write | ARQUIVO...............: bin\Xml\Movimento\Cte\Schemas\4.00\tiposGeralCTe_v4.00.xsd
2026-09-10 12:12:09 | INFO    | PipelineLogger.write | ARQUIVO...............: bin\Xml\Movimento\Cte\Schemas\4.00\xmldsig-core-schema_v1.01.xsd
2026-09-10 12:12:09 | INFO    | PipelineLogger.write | ARQUIVO...............: bin\Xml\Movimento\NFe\Schemas\atuCadEmiDFe_v1.01.xsd
2026-09-10 12:12:09 | INFO    | PipelineLogger.write | ARQUIVO...............: bin\Xml\Movimento\NFe\Schemas\autorizacao_v1.00.xsd
2026-09-10 12:12:09 | INFO    | PipelineLogger.write | ARQUIVO...............: bin\Xml\Movimento\NFe\Schemas\autorizacaoRetorno_v1.00.xsd
2026-09-10 12:12:09 | INFO    | PipelineLogger.write | ARQUIVO...............: bin\Xml\Movimento\NFe\Schemas\Averb_v1.00.xsd
2026-09-10 12:12:09 | INFO    | PipelineLogger.write | ARQUIVO...............: bin\Xml\Movimento\NFe\Schemas\cabecMsg_v1.02.xsd
2026-09-10 12:12:09 | INFO    | PipelineLogger.write | ARQUIVO...............: bin\Xml\Movimento\NFe\Schemas\cadEmiDFe_v1.01.xsd
2026-09-10 12:12:09 | INFO    | PipelineLogger.write | ARQUIVO...............: bin\Xml\Movimento\NFe\Schemas\cancNFe_v2.00.xsd
2026-09-10 12:12:09 | INFO    | PipelineLogger.write | ARQUIVO...............: bin\Xml\Movimento\NFe\Schemas\CCe_v1.00.xsd
2026-09-10 12:12:09 | INFO    | PipelineLogger.write | ARQUIVO...............: bin\Xml\Movimento\NFe\Schemas\confRecebto_v1.00.xsd
2026-09-10 12:12:09 | INFO    | PipelineLogger.write | ARQUIVO...............: bin\Xml\Movimento\NFe\Schemas\consCad_v2.00.xsd
2026-09-10 12:12:09 | INFO    | PipelineLogger.write | ARQUIVO...............: bin\Xml\Movimento\NFe\Schemas\consCad_v3.10.xsd
2026-09-10 12:12:09 | INFO    | PipelineLogger.write | ARQUIVO...............: bin\Xml\Movimento\NFe\Schemas\consDPEC_v1.01.xsd
2026-09-10 12:12:09 | INFO    | PipelineLogger.write | ARQUIVO...............: bin\Xml\Movimento\NFe\Schemas\consGTIN_v1.00.xsd
2026-09-10 12:12:09 | INFO    | PipelineLogger.write | ARQUIVO...............: bin\Xml\Movimento\NFe\Schemas\consNFeDest_v1.01.xsd
2026-09-10 12:12:09 | INFO    | PipelineLogger.write | ARQUIVO...............: bin\Xml\Movimento\NFe\Schemas\consReciNFe_v2.00.xsd
2026-09-10 12:12:10 | INFO    | PipelineLogger.write | ARQUIVO...............: bin\Xml\Movimento\NFe\Schemas\consReciNFe_v3.10.xsd
2026-09-10 12:12:11 | INFO    | PipelineLogger.write | ARQUIVO...............: bin\Xml\Movimento\NFe\Schemas\consReciNFe_v4.00.xsd
2026-09-10 12:12:12 | INFO    | PipelineLogger.write | ARQUIVO...............: bin\Xml\Movimento\NFe\Schemas\consSitNFe_v2.00.xsd
2026-09-10 12:12:13 | INFO    | PipelineLogger.write | ARQUIVO...............: bin\Xml\Movimento\NFe\Schemas\consSitNFe_v2.01.xsd
2026-09-10 12:12:13 | INFO    | PipelineLogger.write | ARQUIVO...............: bin\Xml\Movimento\NFe\Schemas\consSitNFe_v3.10.xsd
2026-09-10 12:12:13 | INFO    | PipelineLogger.write | ARQUIVO...............: bin\Xml\Movimento\NFe\Schemas\consSitNFe_v4.00.xsd
2026-09-10 12:12:14 | INFO    | PipelineLogger.write | ARQUIVO...............: bin\Xml\Movimento\NFe\Schemas\consStatServ_v2.00.xsd
2026-09-10 12:12:14 | INFO    | PipelineLogger.write | ARQUIVO...............: bin\Xml\Movimento\NFe\Schemas\consStatServ_v3.10.xsd
2026-09-10 12:12:14 | INFO    | PipelineLogger.write | ARQUIVO...............: bin\Xml\Movimento\NFe\Schemas\consStatServ_v4.00.xsd
2026-09-10 12:12:14 | INFO    | PipelineLogger.write | ARQUIVO...............: bin\Xml\Movimento\NFe\Schemas\DFeTiposBasicos_v1.00.xsd
2026-09-10 12:12:15 | INFO    | PipelineLogger.write | ARQUIVO...............: bin\Xml\Movimento\NFe\Schemas\distDFeInt_v1.00.xsd
2026-09-10 12:12:15 | INFO    | PipelineLogger.write | ARQUIVO...............: bin\Xml\Movimento\NFe\Schemas\distDFeInt_v1.01.xsd
2026-09-10 12:12:16 | INFO    | PipelineLogger.write | ARQUIVO...............: bin\Xml\Movimento\NFe\Schemas\downloadNFe_v1.00.xsd
2026-09-10 12:12:17 | INFO    | PipelineLogger.write | ARQUIVO...............: bin\Xml\Movimento\NFe\Schemas\e110110_v1.00.xsd
2026-09-10 12:12:18 | INFO    | PipelineLogger.write | ARQUIVO...............: bin\Xml\Movimento\NFe\Schemas\e110111_v1.00.xsd
2026-09-10 12:12:18 | INFO    | PipelineLogger.write | ARQUIVO...............: bin\Xml\Movimento\NFe\Schemas\e110112_v1.00.xsd
2026-09-10 12:12:18 | INFO    | PipelineLogger.write | ARQUIVO...............: bin\Xml\Movimento\NFe\Schemas\e110130_v1.00.xsd
2026-09-10 12:12:19 | INFO    | PipelineLogger.write | ARQUIVO...............: bin\Xml\Movimento\NFe\Schemas\e110131_v1.00.xsd
2026-09-10 12:12:19 | INFO    | PipelineLogger.write | ARQUIVO...............: bin\Xml\Movimento\NFe\Schemas\e110140_v1.00.xsd
2026-09-10 12:12:20 | INFO    | PipelineLogger.write | ARQUIVO...............: bin\Xml\Movimento\NFe\Schemas\e110140NFCe_v1.00.xsd
2026-09-10 12:12:20 | INFO    | PipelineLogger.write | ARQUIVO...............: bin\Xml\Movimento\NFe\Schemas\e110140NFe_v1.00.xsd
2026-09-10 12:12:21 | INFO    | PipelineLogger.write | ARQUIVO...............: bin\Xml\Movimento\NFe\Schemas\e110150_v1.00.xsd
2026-09-10 12:12:21 | INFO    | PipelineLogger.write | ARQUIVO...............: bin\Xml\Movimento\NFe\Schemas\e110192_v1.00.xsd
2026-09-10 12:12:21 | INFO    | PipelineLogger.write | ARQUIVO...............: bin\Xml\Movimento\NFe\Schemas\e110193_v1.00.xsd
2026-09-10 12:12:21 | INFO    | PipelineLogger.write | ARQUIVO...............: bin\Xml\Movimento\NFe\Schemas\e110750_v1.00.xsd
2026-09-10 12:12:21 | INFO    | PipelineLogger.write | ARQUIVO...............: bin\Xml\Movimento\NFe\Schemas\e110751_v1.00.xsd
2026-09-10 12:12:21 | INFO    | PipelineLogger.write | ARQUIVO...............: bin\Xml\Movimento\NFe\Schemas\e111500_v1.00.xsd
2026-09-10 12:12:22 | INFO    | PipelineLogger.write | ARQUIVO...............: bin\Xml\Movimento\NFe\Schemas\e111501_v1.00.xsd
2026-09-10 12:12:22 | INFO    | PipelineLogger.write | ARQUIVO...............: bin\Xml\Movimento\NFe\Schemas\e111502_v1.00.xsd
2026-09-10 12:12:22 | INFO    | PipelineLogger.write | ARQUIVO...............: bin\Xml\Movimento\NFe\Schemas\e111503_v1.00.xsd
2026-09-10 12:12:22 | INFO    | PipelineLogger.write | ARQUIVO...............: bin\Xml\Movimento\NFe\Schemas\e210200_v1.00.xsd
2026-09-10 12:12:22 | INFO    | PipelineLogger.write | ARQUIVO...............: bin\Xml\Movimento\NFe\Schemas\e210210_v1.00.xsd
2026-09-10 12:12:23 | INFO    | PipelineLogger.write | ARQUIVO...............: bin\Xml\Movimento\NFe\Schemas\e210220_v1.00.xsd
2026-09-10 12:12:23 | INFO    | PipelineLogger.write | ARQUIVO...............: bin\Xml\Movimento\NFe\Schemas\e210240_v1.00.xsd
2026-09-10 12:12:24 | INFO    | PipelineLogger.write | ARQUIVO...............: bin\Xml\Movimento\NFe\Schemas\e411500_v1.00.xsd
2026-09-10 12:12:24 | INFO    | PipelineLogger.write | ARQUIVO...............: bin\Xml\Movimento\NFe\Schemas\e411501_v1.00.xsd
2026-09-10 12:12:25 | INFO    | PipelineLogger.write | ARQUIVO...............: bin\Xml\Movimento\NFe\Schemas\e411502_v1.00.xsd
2026-09-10 12:12:25 | INFO    | PipelineLogger.write | ARQUIVO...............: bin\Xml\Movimento\NFe\Schemas\e411503_v1.00.xsd
2026-09-10 12:12:25 | INFO    | PipelineLogger.write | ARQUIVO...............: bin\Xml\Movimento\NFe\Schemas\e610130_v1.00.xsd
2026-09-10 12:12:26 | INFO    | PipelineLogger.write | ARQUIVO...............: bin\Xml\Movimento\NFe\Schemas\e610131_v1.00.xsd
2026-09-10 12:12:26 | INFO    | PipelineLogger.write | ARQUIVO...............: bin\Xml\Movimento\NFe\Schemas\e790700_v1.00.xsd
2026-09-10 12:12:28 | INFO    | PipelineLogger.write | ARQUIVO...............: bin\Xml\Movimento\NFe\Schemas\e990900_v1.00.xsd
2026-09-10 12:12:28 | INFO    | PipelineLogger.write | ARQUIVO...............: bin\Xml\Movimento\NFe\Schemas\e990910_v1.00.xsd
2026-09-10 12:12:29 | INFO    | PipelineLogger.write | ARQUIVO...............: bin\Xml\Movimento\NFe\Schemas\envAverb_v1.00.xsd
2026-09-10 12:12:29 | INFO    | PipelineLogger.write | ARQUIVO...............: bin\Xml\Movimento\NFe\Schemas\envCancelPProrrogNFe_v1.0.xsd
2026-09-10 12:12:29 | INFO    | PipelineLogger.write | ARQUIVO...............: bin\Xml\Movimento\NFe\Schemas\envCCe_v1.00.xsd
2026-09-10 12:12:29 | INFO    | PipelineLogger.write | ARQUIVO...............: bin\Xml\Movimento\NFe\Schemas\envComprovanteEntregaNFe_v1.00.xsd
2026-09-10 12:12:30 | INFO    | PipelineLogger.write | ARQUIVO...............: bin\Xml\Movimento\NFe\Schemas\envConfRecebto_v1.00.xsd
2026-09-10 12:12:30 | INFO    | PipelineLogger.write | ARQUIVO...............: bin\Xml\Movimento\NFe\Schemas\envDPEC_v1.01.xsd
2026-09-10 12:12:30 | INFO    | PipelineLogger.write | ARQUIVO...............: bin\Xml\Movimento\NFe\Schemas\envEPEC_v1.00.xsd
2026-09-10 12:12:30 | INFO    | PipelineLogger.write | ARQUIVO...............: bin\Xml\Movimento\NFe\Schemas\envEvento_v1.00.xsd
2026-09-10 12:12:30 | INFO    | PipelineLogger.write | ARQUIVO...............: bin\Xml\Movimento\NFe\Schemas\envEventoAtorInteressado_v1.00.xsd
2026-09-10 12:12:30 | INFO    | PipelineLogger.write | ARQUIVO...............: bin\Xml\Movimento\NFe\Schemas\envEventoCancEConf_v1.00.xsd
2026-09-10 12:12:30 | INFO    | PipelineLogger.write | ARQUIVO...............: bin\Xml\Movimento\NFe\Schemas\envEventoCancEntregaNFe_v1.00.xsd
2026-09-10 12:12:30 | INFO    | PipelineLogger.write | ARQUIVO...............: bin\Xml\Movimento\NFe\Schemas\envEventoCancInsucessoNFe_v1.00.xsd
2026-09-10 12:12:30 | INFO    | PipelineLogger.write | ARQUIVO...............: bin\Xml\Movimento\NFe\Schemas\envEventoCancNFe_v1.00.xsd
2026-09-10 12:12:30 | INFO    | PipelineLogger.write | ARQUIVO...............: bin\Xml\Movimento\NFe\Schemas\envEventoCancSubst_v1.00.xsd
2026-09-10 12:12:30 | INFO    | PipelineLogger.write | ARQUIVO...............: bin\Xml\Movimento\NFe\Schemas\envEventoEConf_v1.00.xsd
2026-09-10 12:12:30 | INFO    | PipelineLogger.write | ARQUIVO...............: bin\Xml\Movimento\NFe\Schemas\envEventoEntregaNFe_v1.00.xsd
2026-09-10 12:12:30 | INFO    | PipelineLogger.write | ARQUIVO...............: bin\Xml\Movimento\NFe\Schemas\envEventoInsucessoNFe_v1.00.xsd
2026-09-10 12:12:30 | INFO    | PipelineLogger.write | ARQUIVO...............: bin\Xml\Movimento\NFe\Schemas\envFiscoNfe_v1.0.xsd
2026-09-10 12:12:30 | INFO    | PipelineLogger.write | ARQUIVO...............: bin\Xml\Movimento\NFe\Schemas\enviNFe_v2.00.xsd
2026-09-10 12:12:31 | INFO    | PipelineLogger.write | ARQUIVO...............: bin\Xml\Movimento\NFe\Schemas\enviNFe_v3.10.xsd
2026-09-10 12:12:31 | INFO    | PipelineLogger.write | ARQUIVO...............: bin\Xml\Movimento\NFe\Schemas\enviNFe_v4.00.xsd
2026-09-10 12:12:32 | INFO    | PipelineLogger.write | ARQUIVO...............: bin\Xml\Movimento\NFe\Schemas\envPProrrogNFe_v1.0.xsd
2026-09-10 12:12:32 | INFO    | PipelineLogger.write | ARQUIVO...............: bin\Xml\Movimento\NFe\Schemas\envRemIndus_v1.00.xsd
2026-09-10 12:12:33 | INFO    | PipelineLogger.write | ARQUIVO...............: bin\Xml\Movimento\NFe\Schemas\envSuframaInternaliza_v1.00.xsd
2026-09-10 12:12:33 | INFO    | PipelineLogger.write | ARQUIVO...............: bin\Xml\Movimento\NFe\Schemas\envSuframaVistoria_v1.00.xsd
2026-09-10 12:12:33 | INFO    | PipelineLogger.write | ARQUIVO...............: bin\Xml\Movimento\NFe\Schemas\EPEC_v1.00.xsd
2026-09-10 12:12:33 | INFO    | PipelineLogger.write | ARQUIVO...............: bin\Xml\Movimento\NFe\Schemas\eventoAtorInteressado_v1.00.xsd
2026-09-10 12:12:34 | INFO    | PipelineLogger.write | ARQUIVO...............: bin\Xml\Movimento\NFe\Schemas\EventoCancEConf_v1.00.xsd
2026-09-10 12:12:34 | INFO    | PipelineLogger.write | ARQUIVO...............: bin\Xml\Movimento\NFe\Schemas\eventoCancEntregaNFe_v1.00.xsd
2026-09-10 12:12:34 | INFO    | PipelineLogger.write | ARQUIVO...............: bin\Xml\Movimento\NFe\Schemas\EventoCancInsucessoNFe_v1.00.xsd
2026-09-10 12:12:34 | INFO    | PipelineLogger.write | ARQUIVO...............: bin\Xml\Movimento\NFe\Schemas\eventoCancNFe_v1.00.xsd
2026-09-10 12:12:34 | INFO    | PipelineLogger.write | ARQUIVO...............: bin\Xml\Movimento\NFe\Schemas\eventoCancSubst_v1.00.xsd
2026-09-10 12:12:34 | INFO    | PipelineLogger.write | ARQUIVO...............: bin\Xml\Movimento\NFe\Schemas\EventoEConf_v1.00.xsd
2026-09-10 12:12:34 | INFO    | PipelineLogger.write | ARQUIVO...............: bin\Xml\Movimento\NFe\Schemas\eventoEntregaNFe_v1.00.xsd
2026-09-10 12:12:35 | INFO    | PipelineLogger.write | ARQUIVO...............: bin\Xml\Movimento\NFe\Schemas\eventoEPEC_v0.01.xsd
2026-09-10 12:12:35 | INFO    | PipelineLogger.write | ARQUIVO...............: bin\Xml\Movimento\NFe\Schemas\eventoEPEC_v1.00.xsd
2026-09-10 12:12:36 | INFO    | PipelineLogger.write | ARQUIVO...............: bin\Xml\Movimento\NFe\Schemas\EventoInsucessoNFe_v1.00.xsd
2026-09-10 12:12:36 | INFO    | PipelineLogger.write | ARQUIVO...............: bin\Xml\Movimento\NFe\Schemas\eventoRemIndus_v1.00.xsd
2026-09-10 12:12:36 | INFO    | PipelineLogger.write | ARQUIVO...............: bin\Xml\Movimento\NFe\Schemas\inutNFe_v2.00.xsd
2026-09-10 12:12:36 | INFO    | PipelineLogger.write | ARQUIVO...............: bin\Xml\Movimento\NFe\Schemas\inutNFe_v3.10.xsd
2026-09-10 12:12:36 | INFO    | PipelineLogger.write | ARQUIVO...............: bin\Xml\Movimento\NFe\Schemas\inutNFe_v4.00.xsd
2026-09-10 12:12:36 | INFO    | PipelineLogger.write | ARQUIVO...............: bin\Xml\Movimento\NFe\Schemas\leiauteAverb_v1.00.xsd
2026-09-10 12:12:36 | INFO    | PipelineLogger.write | ARQUIVO...............: bin\Xml\Movimento\NFe\Schemas\LeiauteCadastroEmissorDFe_v1.01.xsd
2026-09-10 12:12:36 | INFO    | PipelineLogger.write | ARQUIVO...............: bin\Xml\Movimento\NFe\Schemas\leiauteCancNFe_v2.00.xsd
2026-09-10 12:12:36 | INFO    | PipelineLogger.write | ARQUIVO...............: bin\Xml\Movimento\NFe\Schemas\leiauteCCe_v1.00.xsd
2026-09-10 12:12:36 | INFO    | PipelineLogger.write | ARQUIVO...............: bin\Xml\Movimento\NFe\Schemas\leiauteCcgConsGTIN_v1.00.xsd
2026-09-10 12:12:36 | INFO    | PipelineLogger.write | ARQUIVO...............: bin\Xml\Movimento\NFe\Schemas\leiauteComprovanteEntregaNFe_v1.00.xsd
2026-09-10 12:12:36 | INFO    | PipelineLogger.write | ARQUIVO...............: bin\Xml\Movimento\NFe\Schemas\leiauteConfRecebto_v1.00.xsd
2026-09-10 12:12:36 | INFO    | PipelineLogger.write | ARQUIVO...............: bin\Xml\Movimento\NFe\Schemas\leiauteConsNFeDest_v1.01.xsd
2026-09-10 12:12:37 | INFO    | PipelineLogger.write | ARQUIVO...............: bin\Xml\Movimento\NFe\Schemas\leiauteConsSitNFe_v2.01.xsd
2026-09-10 12:12:38 | INFO    | PipelineLogger.write | ARQUIVO...............: bin\Xml\Movimento\NFe\Schemas\leiauteConsSitNFe_v3.10.xsd
2026-09-10 12:12:38 | INFO    | PipelineLogger.write | ARQUIVO...............: bin\Xml\Movimento\NFe\Schemas\leiauteConsSitNFe_v4.00.xsd
2026-09-10 12:12:39 | INFO    | PipelineLogger.write | ARQUIVO...............: bin\Xml\Movimento\NFe\Schemas\leiauteConsStatServ_v2.00.xsd
2026-09-10 12:12:39 | INFO    | PipelineLogger.write | ARQUIVO...............: bin\Xml\Movimento\NFe\Schemas\leiauteConsStatServ_v3.10.xsd
2026-09-10 12:12:40 | INFO    | PipelineLogger.write | ARQUIVO...............: bin\Xml\Movimento\NFe\Schemas\leiauteConsStatServ_v4.00.xsd
2026-09-10 12:12:40 | INFO    | PipelineLogger.write | ARQUIVO...............: bin\Xml\Movimento\NFe\Schemas\leiauteConsultaCadastro_v1.01.xsd
2026-09-10 12:12:40 | INFO    | PipelineLogger.write | ARQUIVO...............: bin\Xml\Movimento\NFe\Schemas\leiauteConsultaCadastro_v2.00.xsd
2026-09-10 12:12:40 | INFO    | PipelineLogger.write | ARQUIVO...............: bin\Xml\Movimento\NFe\Schemas\leiauteConsultaCadastro_v3.10.xsd
2026-09-10 12:12:40 | INFO    | PipelineLogger.write | ARQUIVO...............: bin\Xml\Movimento\NFe\Schemas\leiauteDownloadNFe_v1.00.xsd
2026-09-10 12:12:40 | INFO    | PipelineLogger.write | ARQUIVO...............: bin\Xml\Movimento\NFe\Schemas\leiauteDPEC_v1.01.xsd
2026-09-10 12:12:40 | INFO    | PipelineLogger.write | ARQUIVO...............: bin\Xml\Movimento\NFe\Schemas\leiauteEPEC_v1.00.xsd
2026-09-10 12:12:40 | INFO    | PipelineLogger.write | ARQUIVO...............: bin\Xml\Movimento\NFe\Schemas\leiauteEvento_v1.00.xsd
2026-09-10 12:12:40 | INFO    | PipelineLogger.write | ARQUIVO...............: bin\Xml\Movimento\NFe\Schemas\leiauteEventoAtorInteressado_v1.00.xsd
2026-09-10 12:12:40 | INFO    | PipelineLogger.write | ARQUIVO...............: bin\Xml\Movimento\NFe\Schemas\leiauteEventoCancEConf_v1.00.xsd
2026-09-10 12:12:40 | INFO    | PipelineLogger.write | ARQUIVO...............: bin\Xml\Movimento\NFe\Schemas\leiauteEventoCancEntregaNFe_v1.00.xsd
2026-09-10 12:12:40 | INFO    | PipelineLogger.write | ARQUIVO...............: bin\Xml\Movimento\NFe\Schemas\leiauteEventoCancInsucessoNFe_v1.00.xsd
2026-09-10 12:12:41 | INFO    | PipelineLogger.write | ARQUIVO...............: bin\Xml\Movimento\NFe\Schemas\leiauteEventoCancNFe_v1.00.xsd
2026-09-10 12:12:41 | INFO    | PipelineLogger.write | ARQUIVO...............: bin\Xml\Movimento\NFe\Schemas\leiauteEventoCancSubst_v1.00.xsd
2026-09-10 12:12:42 | INFO    | PipelineLogger.write | ARQUIVO...............: bin\Xml\Movimento\NFe\Schemas\leiauteEventoEConf_v1.00.xsd
2026-09-10 12:12:42 | INFO    | PipelineLogger.write | ARQUIVO...............: bin\Xml\Movimento\NFe\Schemas\leiauteEventoEntregaNFe_v1.00.xsd
2026-09-10 12:12:42 | INFO    | PipelineLogger.write | ARQUIVO...............: bin\Xml\Movimento\NFe\Schemas\leiauteEventoInsucessoNFe_v1.00.xsd
2026-09-10 12:12:42 | INFO    | PipelineLogger.write | ARQUIVO...............: bin\Xml\Movimento\NFe\Schemas\leiauteInutNFe_v2.00.xsd
2026-09-10 12:12:42 | INFO    | PipelineLogger.write | ARQUIVO...............: bin\Xml\Movimento\NFe\Schemas\leiauteInutNFe_v3.10.xsd
2026-09-10 12:12:42 | INFO    | PipelineLogger.write | ARQUIVO...............: bin\Xml\Movimento\NFe\Schemas\leiauteInutNFe_v4.00.xsd
2026-09-10 12:12:42 | INFO    | PipelineLogger.write | ARQUIVO...............: bin\Xml\Movimento\NFe\Schemas\leiauteLivroCombustivel_v1.00.xsd
2026-09-10 12:12:42 | INFO    | PipelineLogger.write | ARQUIVO...............: bin\Xml\Movimento\NFe\Schemas\leiauteLMCAutorizacao_v1.00.xsd
2026-09-10 12:12:42 | INFO    | PipelineLogger.write | ARQUIVO...............: bin\Xml\Movimento\NFe\Schemas\leiauteLMCAutorizacaoRetorno_v1.00.xsd
2026-09-10 12:12:42 | INFO    | PipelineLogger.write | ARQUIVO...............: bin\Xml\Movimento\NFe\Schemas\leiauteLMCStatusServico_v1.00.xsd
2026-09-10 12:12:43 | INFO    | PipelineLogger.write | ARQUIVO...............: bin\Xml\Movimento\NFe\Schemas\leiauteNFe_v2.00.xsd
2026-09-10 12:12:43 | INFO    | PipelineLogger.write | ARQUIVO...............: bin\Xml\Movimento\NFe\Schemas\leiauteNFe_v3.10.xsd
2026-09-10 12:12:43 | INFO    | PipelineLogger.write | ARQUIVO...............: bin\Xml\Movimento\NFe\Schemas\leiauteNFe_v4.00.xsd
2026-09-10 12:12:44 | INFO    | PipelineLogger.write | ARQUIVO...............: bin\Xml\Movimento\NFe\Schemas\leiauteNFe_v4.00_Homologacao.xsd
2026-09-10 12:12:44 | INFO    | PipelineLogger.write | ARQUIVO...............: bin\Xml\Movimento\NFe\Schemas\leiauteProtLivroCombustivel_v1.00.xsd
2026-09-10 12:12:44 | INFO    | PipelineLogger.write | ARQUIVO...............: bin\Xml\Movimento\NFe\Schemas\leiauteRemIndus_v1.00.xsd
2026-09-10 12:12:44 | INFO    | PipelineLogger.write | ARQUIVO...............: bin\Xml\Movimento\NFe\Schemas\leiauteSRE_v1.00.xsd
2026-09-10 12:12:44 | INFO    | PipelineLogger.write | ARQUIVO...............: bin\Xml\Movimento\NFe\Schemas\leiauteSuframaInternaliza_v1.00.xsd
2026-09-10 12:12:44 | INFO    | PipelineLogger.write | ARQUIVO...............: bin\Xml\Movimento\NFe\Schemas\leiauteSuframaVistoria_v1.00.xsd
2026-09-10 12:12:45 | INFO    | PipelineLogger.write | ARQUIVO...............: bin\Xml\Movimento\NFe\Schemas\livroCombustivel_v1.00.xsd
2026-09-10 12:12:45 | INFO    | PipelineLogger.write | ARQUIVO...............: bin\Xml\Movimento\NFe\Schemas\lmcComum_v1.00.xsd
2026-09-10 12:12:46 | INFO    | PipelineLogger.write | ARQUIVO...............: bin\Xml\Movimento\NFe\Schemas\nfe_v2.00.xsd
2026-09-10 12:12:46 | INFO    | PipelineLogger.write | ARQUIVO...............: bin\Xml\Movimento\NFe\Schemas\nfe_v3.10.xsd
2026-09-10 12:12:46 | INFO    | PipelineLogger.write | ARQUIVO...............: bin\Xml\Movimento\NFe\Schemas\nfe_v4.00.xsd
2026-09-10 12:12:46 | INFO    | PipelineLogger.write | ARQUIVO...............: bin\Xml\Movimento\NFe\Schemas\procAverbNFe_v1.00.xsd
2026-09-10 12:12:46 | INFO    | PipelineLogger.write | ARQUIVO...............: bin\Xml\Movimento\NFe\Schemas\procCancNFe_v2.00.xsd
2026-09-10 12:12:46 | INFO    | PipelineLogger.write | ARQUIVO...............: bin\Xml\Movimento\NFe\Schemas\procCCeNFe_v1.00.xsd
2026-09-10 12:12:46 | INFO    | PipelineLogger.write | ARQUIVO...............: bin\Xml\Movimento\NFe\Schemas\procComprovanteEntregaNFe_v1.00.xsd
2026-09-10 12:12:46 | INFO    | PipelineLogger.write | ARQUIVO...............: bin\Xml\Movimento\NFe\Schemas\procConfRecebtoNFe_v1.00.xsd
2026-09-10 12:12:46 | INFO    | PipelineLogger.write | ARQUIVO...............: bin\Xml\Movimento\NFe\Schemas\procEPEC_v1.00.xsd
2026-09-10 12:12:47 | INFO    | PipelineLogger.write | ARQUIVO...............: bin\Xml\Movimento\NFe\Schemas\procEventoAtorInteressado_v1.00.xsd
2026-09-10 12:12:47 | INFO    | PipelineLogger.write | ARQUIVO...............: bin\Xml\Movimento\NFe\Schemas\procEventoCancEConf_v1.00.xsd
2026-09-10 12:12:47 | INFO    | PipelineLogger.write | ARQUIVO...............: bin\Xml\Movimento\NFe\Schemas\procEventoCancEntregaNFe_v1.00.xsd
2026-09-10 12:12:47 | INFO    | PipelineLogger.write | ARQUIVO...............: bin\Xml\Movimento\NFe\Schemas\procEventoCancInsucessoNFe_v1.00.xsd
2026-09-10 12:12:47 | INFO    | PipelineLogger.write | ARQUIVO...............: bin\Xml\Movimento\NFe\Schemas\procEventoCancNFe_v1.00.xsd
2026-09-10 12:12:47 | INFO    | PipelineLogger.write | ARQUIVO...............: bin\Xml\Movimento\NFe\Schemas\procEventoCancSubst_v1.00.xsd
2026-09-10 12:12:47 | INFO    | PipelineLogger.write | ARQUIVO...............: bin\Xml\Movimento\NFe\Schemas\procEventoEConf_v1.00.xsd
2026-09-10 12:12:47 | INFO    | PipelineLogger.write | ARQUIVO...............: bin\Xml\Movimento\NFe\Schemas\procEventoEntregaNFe_v1.00.xsd
2026-09-10 12:12:47 | INFO    | PipelineLogger.write | ARQUIVO...............: bin\Xml\Movimento\NFe\Schemas\procEventoInsucessoNFe_v1.00.xsd
2026-09-10 12:12:47 | INFO    | PipelineLogger.write | ARQUIVO...............: bin\Xml\Movimento\NFe\Schemas\procEventoNFe_v1.00.xsd
2026-09-10 12:12:47 | INFO    | PipelineLogger.write | ARQUIVO...............: bin\Xml\Movimento\NFe\Schemas\procEventoNFe_v99.99.xsd
2026-09-10 12:12:47 | INFO    | PipelineLogger.write | ARQUIVO...............: bin\Xml\Movimento\NFe\Schemas\procInutNFe_v2.00.xsd
2026-09-10 12:12:47 | INFO    | PipelineLogger.write | ARQUIVO...............: bin\Xml\Movimento\NFe\Schemas\procInutNFe_v3.10.xsd
2026-09-10 12:12:47 | INFO    | PipelineLogger.write | ARQUIVO...............: bin\Xml\Movimento\NFe\Schemas\procInutNFe_v4.00.xsd
2026-09-10 12:12:47 | INFO    | PipelineLogger.write | ARQUIVO...............: bin\Xml\Movimento\NFe\Schemas\procNFe_v2.00.xsd
2026-09-10 12:12:47 | INFO    | PipelineLogger.write | ARQUIVO...............: bin\Xml\Movimento\NFe\Schemas\procNFe_v3.10.xsd
2026-09-10 12:12:48 | INFO    | PipelineLogger.write | ARQUIVO...............: bin\Xml\Movimento\NFe\Schemas\procNFe_v4.00.xsd
2026-09-10 12:12:48 | INFO    | PipelineLogger.write | ARQUIVO...............: bin\Xml\Movimento\NFe\Schemas\procRemIndus_v1.00.xsd
2026-09-10 12:12:49 | INFO    | PipelineLogger.write | ARQUIVO...............: bin\Xml\Movimento\NFe\Schemas\prod_leiauteNFe_v4.00.xsd
2026-09-10 12:12:49 | INFO    | PipelineLogger.write | ARQUIVO...............: bin\Xml\Movimento\NFe\Schemas\resEvento_v1.00.xsd
2026-09-10 12:12:50 | INFO    | PipelineLogger.write | ARQUIVO...............: bin\Xml\Movimento\NFe\Schemas\resEvento_v1.01.xsd
2026-09-10 12:12:50 | INFO    | PipelineLogger.write | ARQUIVO...............: bin\Xml\Movimento\NFe\Schemas\resNFe_v1.00.xsd
2026-09-10 12:12:50 | INFO    | PipelineLogger.write | ARQUIVO...............: bin\Xml\Movimento\NFe\Schemas\resNFe_v1.01.xsd
2026-09-10 12:12:51 | INFO    | PipelineLogger.write | ARQUIVO...............: bin\Xml\Movimento\NFe\Schemas\retAtuCadEmiDFe_v1.01.xsd
2026-09-10 12:12:52 | INFO    | PipelineLogger.write | ARQUIVO...............: bin\Xml\Movimento\NFe\Schemas\retCancNFe_v2.00.xsd
2026-09-10 12:12:53 | INFO    | PipelineLogger.write | ARQUIVO...............: bin\Xml\Movimento\NFe\Schemas\retComprovanteEntregaNFe_v1.00.xsd
2026-09-10 12:12:53 | INFO    | PipelineLogger.write | ARQUIVO...............: bin\Xml\Movimento\NFe\Schemas\retConsCad_v2.00.xsd
2026-09-10 12:12:54 | INFO    | PipelineLogger.write | ARQUIVO...............: bin\Xml\Movimento\NFe\Schemas\retConsDPEC_v1.01.xsd
2026-09-10 12:12:54 | INFO    | PipelineLogger.write | ARQUIVO...............: bin\Xml\Movimento\NFe\Schemas\retConsGTIN_v1.00.xsd
2026-09-10 12:12:54 | INFO    | PipelineLogger.write | ARQUIVO...............: bin\Xml\Movimento\NFe\Schemas\retconsNFeDest_v1.01.xsd
2026-09-10 12:12:54 | INFO    | PipelineLogger.write | ARQUIVO...............: bin\Xml\Movimento\NFe\Schemas\retConsReciNFe_v2.00.xsd
2026-09-10 12:12:54 | INFO    | PipelineLogger.write | ARQUIVO...............: bin\Xml\Movimento\NFe\Schemas\retConsReciNFe_v3.10.xsd
2026-09-10 12:12:54 | INFO    | PipelineLogger.write | ARQUIVO...............: bin\Xml\Movimento\NFe\Schemas\retConsReciNFe_v4.00.xsd
2026-09-10 12:12:54 | INFO    | PipelineLogger.write | ARQUIVO...............: bin\Xml\Movimento\NFe\Schemas\retConsSitNFe_v2.01.xsd
2026-09-10 12:12:54 | INFO    | PipelineLogger.write | ARQUIVO...............: bin\Xml\Movimento\NFe\Schemas\retConsSitNFe_v3.10.xsd
2026-09-10 12:12:54 | INFO    | PipelineLogger.write | ARQUIVO...............: bin\Xml\Movimento\NFe\Schemas\retConsSitNFe_v4.00.xsd
2026-09-10 12:12:54 | INFO    | PipelineLogger.write | ARQUIVO...............: bin\Xml\Movimento\NFe\Schemas\retConsStatServ_v2.00.xsd
2026-09-10 12:12:54 | INFO    | PipelineLogger.write | ARQUIVO...............: bin\Xml\Movimento\NFe\Schemas\retConsStatServ_v3.10.xsd
2026-09-10 12:12:54 | INFO    | PipelineLogger.write | ARQUIVO...............: bin\Xml\Movimento\NFe\Schemas\retConsStatServ_v4.00.xsd
2026-09-10 12:12:54 | INFO    | PipelineLogger.write | ARQUIVO...............: bin\Xml\Movimento\NFe\Schemas\retDistDFeInt_v1.00.xsd
2026-09-10 12:12:54 | INFO    | PipelineLogger.write | ARQUIVO...............: bin\Xml\Movimento\NFe\Schemas\retDistDFeInt_v1.01.xsd
2026-09-10 12:12:54 | INFO    | PipelineLogger.write | ARQUIVO...............: bin\Xml\Movimento\NFe\Schemas\retDownloadNFe_v1.00.xsd
2026-09-10 12:12:54 | INFO    | PipelineLogger.write | ARQUIVO...............: bin\Xml\Movimento\NFe\Schemas\retDPEC_v1.01.xsd
2026-09-10 12:12:54 | INFO    | PipelineLogger.write | ARQUIVO...............: bin\Xml\Movimento\NFe\Schemas\retEnvAverb_v1.00.xsd
2026-09-10 12:12:55 | INFO    | PipelineLogger.write | ARQUIVO...............: bin\Xml\Movimento\NFe\Schemas\retEnvCancelPProrrogNFe_v1.0.xsd
2026-09-10 12:12:55 | INFO    | PipelineLogger.write | ARQUIVO...............: bin\Xml\Movimento\NFe\Schemas\retEnvCCe_v1.00.xsd
2026-09-10 12:12:55 | INFO    | PipelineLogger.write | ARQUIVO...............: bin\Xml\Movimento\NFe\Schemas\retEnvConfRecebto_v1.00.xsd
2026-09-10 12:12:55 | INFO    | PipelineLogger.write | ARQUIVO...............: bin\Xml\Movimento\NFe\Schemas\retEnvEPEC_v1.00.xsd
2026-09-10 12:12:55 | INFO    | PipelineLogger.write | ARQUIVO...............: bin\Xml\Movimento\NFe\Schemas\retEnvEvento_v1.00.xsd
2026-09-10 12:12:55 | INFO    | PipelineLogger.write | ARQUIVO...............: bin\Xml\Movimento\NFe\Schemas\retEnvEventoAtorInteressado_v1.00.xsd
2026-09-10 12:12:55 | INFO    | PipelineLogger.write | ARQUIVO...............: bin\Xml\Movimento\NFe\Schemas\retEnvEventoCancNFe_v1.00.xsd
2026-09-10 12:12:55 | INFO    | PipelineLogger.write | ARQUIVO...............: bin\Xml\Movimento\NFe\Schemas\retEnvEventoCancSubst_v1.00.xsd
2026-09-10 12:12:55 | INFO    | PipelineLogger.write | ARQUIVO...............: bin\Xml\Movimento\NFe\Schemas\retEnvFiscoNFe_v1.0.xsd
2026-09-10 12:12:55 | INFO    | PipelineLogger.write | ARQUIVO...............: bin\Xml\Movimento\NFe\Schemas\retEnviNFe_v2.00.xsd
2026-09-10 12:12:55 | INFO    | PipelineLogger.write | ARQUIVO...............: bin\Xml\Movimento\NFe\Schemas\retEnviNFe_v3.10.xsd
2026-09-10 12:12:55 | INFO    | PipelineLogger.write | ARQUIVO...............: bin\Xml\Movimento\NFe\Schemas\retEnviNFe_v4.00.xsd
2026-09-10 12:12:55 | INFO    | PipelineLogger.write | ARQUIVO...............: bin\Xml\Movimento\NFe\Schemas\retEnvRemIndus_v1.00.xsd
2026-09-10 12:12:55 | INFO    | PipelineLogger.write | ARQUIVO...............: bin\Xml\Movimento\NFe\Schemas\retEnvSuframaInternaliza_v1.00.xsd
2026-09-10 12:12:55 | INFO    | PipelineLogger.write | ARQUIVO...............: bin\Xml\Movimento\NFe\Schemas\retEnvSuframaVistoria_v1.00.xsd
2026-09-10 12:12:55 | INFO    | PipelineLogger.write | ARQUIVO...............: bin\Xml\Movimento\NFe\Schemas\retEventoCancEConf_v1.00.xsd
2026-09-10 12:12:55 | INFO    | PipelineLogger.write | ARQUIVO...............: bin\Xml\Movimento\NFe\Schemas\retEventoCancEntregaNFe_v1.00.xsd
2026-09-10 12:12:56 | INFO    | PipelineLogger.write | ARQUIVO...............: bin\Xml\Movimento\NFe\Schemas\retEventoCancInsucessoNFe_v1.00.xsd
2026-09-10 12:12:56 | INFO    | PipelineLogger.write | ARQUIVO...............: bin\Xml\Movimento\NFe\Schemas\retEventoEConf_v1.00.xsd
2026-09-10 12:12:56 | INFO    | PipelineLogger.write | ARQUIVO...............: bin\Xml\Movimento\NFe\Schemas\retEventoEntregaNFe_v1.00.xsd
2026-09-10 12:12:57 | INFO    | PipelineLogger.write | ARQUIVO...............: bin\Xml\Movimento\NFe\Schemas\retEventoEPEC_v0.01.xsd
2026-09-10 12:12:57 | INFO    | PipelineLogger.write | ARQUIVO...............: bin\Xml\Movimento\NFe\Schemas\retEventoInsucessoNFe_v1.00.xsd
2026-09-10 12:12:58 | INFO    | PipelineLogger.write | ARQUIVO...............: bin\Xml\Movimento\NFe\Schemas\retInutNFe_v2.00.xsd
2026-09-10 12:12:58 | INFO    | PipelineLogger.write | ARQUIVO...............: bin\Xml\Movimento\NFe\Schemas\retInutNFe_v3.10.xsd
2026-09-10 12:12:58 | INFO    | PipelineLogger.write | ARQUIVO...............: bin\Xml\Movimento\NFe\Schemas\retInutNFe_v4.00.xsd
2026-09-10 12:12:59 | INFO    | PipelineLogger.write | ARQUIVO...............: bin\Xml\Movimento\NFe\Schemas\retPProrrogNFe_v1.0.xsd
2026-09-10 12:12:59 | INFO    | PipelineLogger.write | ARQUIVO...............: bin\Xml\Movimento\NFe\Schemas\statusServico_v1.00.xsd
2026-09-10 12:13:00 | INFO    | PipelineLogger.write | ARQUIVO...............: bin\Xml\Movimento\NFe\Schemas\SuframaInternaliza_v1.00.xsd
2026-09-10 12:13:00 | INFO    | PipelineLogger.write | ARQUIVO...............: bin\Xml\Movimento\NFe\Schemas\SuframaVistoria_v1.00.xsd
2026-09-10 12:13:01 | INFO    | PipelineLogger.write | ARQUIVO...............: bin\Xml\Movimento\NFe\Schemas\tiposBasico_v1.00.xsd
2026-09-10 12:13:01 | INFO    | PipelineLogger.write | ARQUIVO...............: bin\Xml\Movimento\NFe\Schemas\tiposBasico_v1.03.xsd
2026-09-10 12:13:02 | INFO    | PipelineLogger.write | ARQUIVO...............: bin\Xml\Movimento\NFe\Schemas\tiposBasico_v1.03_OPENSSL.xsd
2026-09-10 12:13:02 | INFO    | PipelineLogger.write | ARQUIVO...............: bin\Xml\Movimento\NFe\Schemas\tiposBasico_v3.10.xsd
2026-09-10 12:13:02 | INFO    | PipelineLogger.write | ARQUIVO...............: bin\Xml\Movimento\NFe\Schemas\tiposBasico_v3.10_OPENSSL.xsd
2026-09-10 12:13:02 | INFO    | PipelineLogger.write | ARQUIVO...............: bin\Xml\Movimento\NFe\Schemas\tiposBasico_v4.00.xsd
2026-09-10 12:13:02 | INFO    | PipelineLogger.write | ARQUIVO...............: bin\Xml\Movimento\NFe\Schemas\tiposBasicosCcgConsGTIN_v1.00.xsd
2026-09-10 12:13:02 | INFO    | PipelineLogger.write | ARQUIVO...............: bin\Xml\Movimento\NFe\Schemas\tiposDistDFe_v1.00.xsd
2026-09-10 12:13:02 | INFO    | PipelineLogger.write | ARQUIVO...............: bin\Xml\Movimento\NFe\Schemas\tiposDistDFe_v1.01.xsd
2026-09-10 12:13:02 | INFO    | PipelineLogger.write | ARQUIVO...............: bin\Xml\Movimento\NFe\Schemas\xmldsig-core-schema_v1.01.xsd
2026-09-10 12:13:03 | INFO    | PipelineLogger.write | ARQUIVO...............: bin\Xml\Movimento\NFSe\Abaco\1.00\nfse_v2010.xsd
2026-09-10 12:13:03 | INFO    | PipelineLogger.write | ARQUIVO...............: bin\Xml\Movimento\NFSe\Abaco\1.00\xmldsig-core-schema20020212.xsd
2026-09-10 12:13:04 | INFO    | PipelineLogger.write | ARQUIVO...............: bin\Xml\Movimento\NFSe\Abaco\1.01\nfse_v2010.xsd
2026-09-10 12:13:04 | INFO    | PipelineLogger.write | ARQUIVO...............: bin\Xml\Movimento\NFSe\Abaco\1.01\xmldsig-core-schema20020212.xsd
2026-09-10 12:13:05 | INFO    | PipelineLogger.write | ARQUIVO...............: bin\Xml\Movimento\NFSe\Abaco\2.04\nfse.xsd
2026-09-10 12:13:06 | INFO    | PipelineLogger.write | ARQUIVO...............: bin\Xml\Movimento\NFSe\Abaco\2.04\xmldsig-core-schema20020212.xsd
2026-09-10 12:13:06 | INFO    | PipelineLogger.write | ARQUIVO...............: bin\Xml\Movimento\NFSe\Abaco\xmldsig-core-schema20020212.xsd
2026-09-10 12:13:07 | INFO    | PipelineLogger.write | ARQUIVO...............: bin\Xml\Movimento\NFSe\ABase\2.01\nfse.xsd
2026-09-10 12:13:07 | INFO    | PipelineLogger.write | ARQUIVO...............: bin\Xml\Movimento\NFSe\ABase\2.01\xmldsig-core-schema20020212.xsd
2026-09-10 12:13:08 | INFO    | PipelineLogger.write | ARQUIVO...............: bin\Xml\Movimento\NFSe\ABase\xmldsig-core-schema20020212.xsd
2026-09-10 12:13:08 | INFO    | PipelineLogger.write | ARQUIVO...............: bin\Xml\Movimento\NFSe\ABRASF\1.00\nfse.xsd
2026-09-10 12:13:08 | INFO    | PipelineLogger.write | ARQUIVO...............: bin\Xml\Movimento\NFSe\ABRASF\1.00\xmldsig-core-schema20020212.xsd
2026-09-10 12:13:08 | INFO    | PipelineLogger.write | ARQUIVO...............: bin\Xml\Movimento\NFSe\ABRASF\2.00\nfse v200.xsd
2026-09-10 12:13:08 | INFO    | PipelineLogger.write | ARQUIVO...............: bin\Xml\Movimento\NFSe\ABRASF\2.00\xmldsig-core-schema20020212.xsd
2026-09-10 12:13:08 | INFO    | PipelineLogger.write | ARQUIVO...............: bin\Xml\Movimento\NFSe\ABRASF\2.01\nfse v201.xsd
2026-09-10 12:13:08 | INFO    | PipelineLogger.write | ARQUIVO...............: bin\Xml\Movimento\NFSe\ABRASF\2.01\xmldsig-core-schema20020212.xsd
2026-09-10 12:13:08 | INFO    | PipelineLogger.write | ARQUIVO...............: bin\Xml\Movimento\NFSe\ABRASF\2.02\nfse v202.xsd
2026-09-10 12:13:08 | INFO    | PipelineLogger.write | ARQUIVO...............: bin\Xml\Movimento\NFSe\ABRASF\2.02\xmldsig-core-schema20020212.xsd
2026-09-10 12:13:08 | INFO    | PipelineLogger.write | ARQUIVO...............: bin\Xml\Movimento\NFSe\ABRASF\2.03\nfse_v203.xsd
2026-09-10 12:13:08 | INFO    | PipelineLogger.write | ARQUIVO...............: bin\Xml\Movimento\NFSe\ABRASF\2.03\xmldsig-core-schema20020212.xsd
2026-09-10 12:13:08 | INFO    | PipelineLogger.write | ARQUIVO...............: bin\Xml\Movimento\NFSe\ABRASF\2.04\nfse_v204.xsd
2026-09-10 12:13:08 | INFO    | PipelineLogger.write | ARQUIVO...............: bin\Xml\Movimento\NFSe\ABRASF\2.04\xmldsig-core-schema20020212.xsd
2026-09-10 12:13:09 | INFO    | PipelineLogger.write | ARQUIVO...............: bin\Xml\Movimento\NFSe\Betha\1.00\servico_cancelar_nfse_envio_v01.xsd
2026-09-10 12:13:09 | INFO    | PipelineLogger.write | ARQUIVO...............: bin\Xml\Movimento\NFSe\Betha\1.00\servico_cancelar_nfse_resposta_v01.xsd
2026-09-10 12:13:09 | INFO    | PipelineLogger.write | ARQUIVO...............: bin\Xml\Movimento\NFSe\Betha\1.00\servico_consultar_lote_rps_envio_v01.xsd
2026-09-10 12:13:09 | INFO    | PipelineLogger.write | ARQUIVO...............: bin\Xml\Movimento\NFSe\Betha\1.00\servico_consultar_lote_rps_resposta_v01.xsd
2026-09-10 12:13:09 | INFO    | PipelineLogger.write | ARQUIVO...............: bin\Xml\Movimento\NFSe\Betha\1.00\servico_consultar_nfse_envio_v01.xsd
2026-09-10 12:13:09 | INFO    | PipelineLogger.write | ARQUIVO...............: bin\Xml\Movimento\NFSe\Betha\1.00\servico_consultar_nfse_resposta_v01.xsd
2026-09-10 12:13:09 | INFO    | PipelineLogger.write | ARQUIVO...............: bin\Xml\Movimento\NFSe\Betha\1.00\servico_consultar_nfse_rps_envio_v01.xsd
2026-09-10 12:13:09 | INFO    | PipelineLogger.write | ARQUIVO...............: bin\Xml\Movimento\NFSe\Betha\1.00\servico_consultar_nfse_rps_resposta_v01.xsd
2026-09-10 12:13:09 | INFO    | PipelineLogger.write | ARQUIVO...............: bin\Xml\Movimento\NFSe\Betha\1.00\servico_consultar_situacao_lote_rps_envio_v01.xsd
2026-09-10 12:13:09 | INFO    | PipelineLogger.write | ARQUIVO...............: bin\Xml\Movimento\NFSe\Betha\1.00\servico_consultar_situacao_lote_rps_resposta_v01.xsd
2026-09-10 12:13:09 | INFO    | PipelineLogger.write | ARQUIVO...............: bin\Xml\Movimento\NFSe\Betha\1.00\servico_enviar_lote_rps_envio_v01.xsd
2026-09-10 12:13:09 | INFO    | PipelineLogger.write | ARQUIVO...............: bin\Xml\Movimento\NFSe\Betha\1.00\servico_enviar_lote_rps_resposta_v01.xsd
2026-09-10 12:13:09 | INFO    | PipelineLogger.write | ARQUIVO...............: bin\Xml\Movimento\NFSe\Betha\1.00\TiposNFe_v01.xsd
2026-09-10 12:13:10 | INFO    | PipelineLogger.write | ARQUIVO...............: bin\Xml\Movimento\NFSe\Betha\1.00\xmldsig-core-schema_v01.xsd
2026-09-10 12:13:10 | INFO    | PipelineLogger.write | ARQUIVO...............: bin\Xml\Movimento\NFSe\Betha\2.02\nfse_v202.xsd
2026-09-10 12:13:11 | INFO    | PipelineLogger.write | ARQUIVO...............: bin\Xml\Movimento\NFSe\Betha\2.02\xmldsig-core-schema20020212.xsd
2026-09-10 12:13:11 | INFO    | PipelineLogger.write | ARQUIVO...............: bin\Xml\Movimento\NFSe\BHISS\xmldsig-core-schema20020212.xsd
2026-09-10 12:13:11 | INFO    | PipelineLogger.write | ARQUIVO...............: bin\Xml\Movimento\NFSe\Citta\2.03\nfse.xsd
2026-09-10 12:13:11 | INFO    | PipelineLogger.write | ARQUIVO...............: bin\Xml\Movimento\NFSe\Citta\2.03\xmldsig-core-schema20020212.xsd
2026-09-10 12:13:12 | INFO    | PipelineLogger.write | ARQUIVO...............: bin\Xml\Movimento\NFSe\Conam\1.00\Informacao.txt
2026-09-10 12:13:12 | INFO    | PipelineLogger.write | ARQUIVO...............: bin\Xml\Movimento\NFSe\Coplan\2.01\nfse.xsd
2026-09-10 12:13:12 | INFO    | PipelineLogger.write | ARQUIVO...............: bin\Xml\Movimento\NFSe\Coplan\2.01\xmldsig-core-schema20020212.xsd
2026-09-10 12:13:12 | INFO    | PipelineLogger.write | ARQUIVO...............: bin\Xml\Movimento\NFSe\DBSeller\1.00\nfse.xsd
2026-09-10 12:13:12 | INFO    | PipelineLogger.write | ARQUIVO...............: bin\Xml\Movimento\NFSe\DBSeller\1.00\xmldsig-core-schema_v01.xsd
2026-09-10 12:13:12 | INFO    | PipelineLogger.write | ARQUIVO...............: bin\Xml\Movimento\NFSe\DBSeller\2.04\nfse.xsd
2026-09-10 12:13:12 | INFO    | PipelineLogger.write | ARQUIVO...............: bin\Xml\Movimento\NFSe\DBSeller\2.04\xmldsig-core-schema20020212.xsd
2026-09-10 12:13:12 | INFO    | PipelineLogger.write | ARQUIVO...............: bin\Xml\Movimento\NFSe\DSF\1.00\nfse.xsd
2026-09-10 12:13:12 | INFO    | PipelineLogger.write | ARQUIVO...............: bin\Xml\Movimento\NFSe\DSF\1.00\xmldsig-core-schema20020212.xsd
2026-09-10 12:13:13 | INFO    | PipelineLogger.write | ARQUIVO...............: bin\Xml\Movimento\NFSe\DSF\2.00\nfse.xsd
2026-09-10 12:13:13 | INFO    | PipelineLogger.write | ARQUIVO...............: bin\Xml\Movimento\NFSe\DSF\2.00\xmldsig-core-schema20020212.xsd
2026-09-10 12:13:14 | INFO    | PipelineLogger.write | ARQUIVO...............: bin\Xml\Movimento\NFSe\DSF\2.03\nfse.xsd
2026-09-10 12:13:14 | INFO    | PipelineLogger.write | ARQUIVO...............: bin\Xml\Movimento\NFSe\DSF\2.03\xmldsig-core-schema20020212.xsd
2026-09-10 12:13:15 | INFO    | PipelineLogger.write | ARQUIVO...............: bin\Xml\Movimento\NFSe\Equiplano\1.00\esCancelarNfseEnvio_v01.xsd
2026-09-10 12:13:15 | INFO    | PipelineLogger.write | ARQUIVO...............: bin\Xml\Movimento\NFSe\Equiplano\1.00\esCancelarNfseResposta_v01.xsd
2026-09-10 12:13:16 | INFO    | PipelineLogger.write | ARQUIVO...............: bin\Xml\Movimento\NFSe\Equiplano\1.00\esConsultarLoteRpsEnvio_v01.xsd
2026-09-10 12:13:16 | INFO    | PipelineLogger.write | ARQUIVO...............: bin\Xml\Movimento\NFSe\Equiplano\1.00\esConsultarLoteRpsResposta_v01.xsd
2026-09-10 12:13:16 | INFO    | PipelineLogger.write | ARQUIVO...............: bin\Xml\Movimento\NFSe\Equiplano\1.00\esConsultarNfseEnvio_v01.xsd
2026-09-10 12:13:16 | INFO    | PipelineLogger.write | ARQUIVO...............: bin\Xml\Movimento\NFSe\Equiplano\1.00\esConsultarNfsePorRpsEnvio_v01.xsd
2026-09-10 12:13:16 | INFO    | PipelineLogger.write | ARQUIVO...............: bin\Xml\Movimento\NFSe\Equiplano\1.00\esConsultarNfsePorRpsResposta_v01.xsd
2026-09-10 12:13:16 | INFO    | PipelineLogger.write | ARQUIVO...............: bin\Xml\Movimento\NFSe\Equiplano\1.00\esConsultarNfseResposta_v01.xsd
2026-09-10 12:13:17 | INFO    | PipelineLogger.write | ARQUIVO...............: bin\Xml\Movimento\NFSe\Equiplano\1.00\esConsultarSituacaoLoteRpsEnvio_v01.xsd
2026-09-10 12:13:17 | INFO    | PipelineLogger.write | ARQUIVO...............: bin\Xml\Movimento\NFSe\Equiplano\1.00\esConsultarSituacaoLoteRpsResposta_v01.xsd
2026-09-10 12:13:18 | INFO    | PipelineLogger.write | ARQUIVO...............: bin\Xml\Movimento\NFSe\Equiplano\1.00\esRecepcionarLoteRpsEnvio_v01.xsd
2026-09-10 12:13:18 | INFO    | PipelineLogger.write | ARQUIVO...............: bin\Xml\Movimento\NFSe\Equiplano\1.00\esRecepcionarLoteRpsResposta_v01.xsd
2026-09-10 12:13:18 | INFO    | PipelineLogger.write | ARQUIVO...............: bin\Xml\Movimento\NFSe\Equiplano\1.00\TiposEsnfs_v01.xsd
2026-09-10 12:13:18 | INFO    | PipelineLogger.write | ARQUIVO...............: bin\Xml\Movimento\NFSe\Equiplano\1.00\xmldsig-core-schema_v01.xsd
2026-09-10 12:13:18 | INFO    | PipelineLogger.write | ARQUIVO...............: bin\Xml\Movimento\NFSe\Fiorilli\2.00\nfse.xsd
2026-09-10 12:13:19 | INFO    | PipelineLogger.write | ARQUIVO...............: bin\Xml\Movimento\NFSe\Fiorilli\2.00\xmldsig-core-schema20020212.xsd
2026-09-10 12:13:19 | INFO    | PipelineLogger.write | ARQUIVO...............: bin\Xml\Movimento\NFSe\Fiorilli\2.01\nfse.xsd
2026-09-10 12:13:20 | INFO    | PipelineLogger.write | ARQUIVO...............: bin\Xml\Movimento\NFSe\Fiorilli\2.01\xmldsig-core-schema20020212.xsd
2026-09-10 12:13:21 | INFO    | PipelineLogger.write | ARQUIVO...............: bin\Xml\Movimento\NFSe\Fisco\2.03\nfse.xsd
2026-09-10 12:13:21 | INFO    | PipelineLogger.write | ARQUIVO...............: bin\Xml\Movimento\NFSe\Fisco\2.03\xmldsig-core-schema20020212.xsd
2026-09-10 12:13:21 | INFO    | PipelineLogger.write | ARQUIVO...............: bin\Xml\Movimento\NFSe\FissLex\1.00\nfse.xsd
2026-09-10 12:13:21 | INFO    | PipelineLogger.write | ARQUIVO...............: bin\Xml\Movimento\NFSe\FissLex\1.00\xmldsig-core-schema20020212.xsd
2026-09-10 12:13:21 | INFO    | PipelineLogger.write | ARQUIVO...............: bin\Xml\Movimento\NFSe\Ginfes\1.00\cabecalho_v03.xsd
2026-09-10 12:13:21 | INFO    | PipelineLogger.write | ARQUIVO...............: bin\Xml\Movimento\NFSe\Ginfes\1.00\servico_cancelar_nfse_envio_v02.xsd
2026-09-10 12:13:21 | INFO    | PipelineLogger.write | ARQUIVO...............: bin\Xml\Movimento\NFSe\Ginfes\1.00\servico_cancelar_nfse_envio_v03.xsd
2026-09-10 12:13:21 | INFO    | PipelineLogger.write | ARQUIVO...............: bin\Xml\Movimento\NFSe\Ginfes\1.00\servico_cancelar_nfse_resposta_v03.xsd
2026-09-10 12:13:22 | INFO    | PipelineLogger.write | ARQUIVO...............: bin\Xml\Movimento\NFSe\Ginfes\1.00\servico_consultar_lote_rps_envio_v02.xsd
2026-09-10 12:13:22 | INFO    | PipelineLogger.write | ARQUIVO...............: bin\Xml\Movimento\NFSe\Ginfes\1.00\servico_consultar_lote_rps_envio_v03.xsd
2026-09-10 12:13:22 | INFO    | PipelineLogger.write | ARQUIVO...............: bin\Xml\Movimento\NFSe\Ginfes\1.00\servico_consultar_lote_rps_resposta_v03.xsd
2026-09-10 12:13:22 | INFO    | PipelineLogger.write | ARQUIVO...............: bin\Xml\Movimento\NFSe\Ginfes\1.00\servico_consultar_nfse_envio_v02.xsd
2026-09-10 12:13:22 | INFO    | PipelineLogger.write | ARQUIVO...............: bin\Xml\Movimento\NFSe\Ginfes\1.00\servico_consultar_nfse_envio_v03.xsd
2026-09-10 12:13:22 | INFO    | PipelineLogger.write | ARQUIVO...............: bin\Xml\Movimento\NFSe\Ginfes\1.00\servico_consultar_nfse_resposta_v03.xsd
2026-09-10 12:13:22 | INFO    | PipelineLogger.write | ARQUIVO...............: bin\Xml\Movimento\NFSe\Ginfes\1.00\servico_consultar_nfse_rps_envio_v02.xsd
2026-09-10 12:13:22 | INFO    | PipelineLogger.write | ARQUIVO...............: bin\Xml\Movimento\NFSe\Ginfes\1.00\servico_consultar_nfse_rps_envio_v03.xsd
2026-09-10 12:13:22 | INFO    | PipelineLogger.write | ARQUIVO...............: bin\Xml\Movimento\NFSe\Ginfes\1.00\servico_consultar_nfse_rps_resposta_v03.xsd
2026-09-10 12:13:22 | INFO    | PipelineLogger.write | ARQUIVO...............: bin\Xml\Movimento\NFSe\Ginfes\1.00\servico_consultar_situacao_lote_rps_envio_v02.xsd
2026-09-10 12:13:22 | INFO    | PipelineLogger.write | ARQUIVO...............: bin\Xml\Movimento\NFSe\Ginfes\1.00\servico_consultar_situacao_lote_rps_envio_v03.xsd
2026-09-10 12:13:22 | INFO    | PipelineLogger.write | ARQUIVO...............: bin\Xml\Movimento\NFSe\Ginfes\1.00\servico_consultar_situacao_lote_rps_resposta_v03.xsd
2026-09-10 12:13:22 | INFO    | PipelineLogger.write | ARQUIVO...............: bin\Xml\Movimento\NFSe\Ginfes\1.00\servico_enviar_lote_rps_envio_v02.xsd
2026-09-10 12:13:23 | INFO    | PipelineLogger.write | ARQUIVO...............: bin\Xml\Movimento\NFSe\Ginfes\1.00\servico_enviar_lote_rps_envio_v03.xsd
2026-09-10 12:13:23 | INFO    | PipelineLogger.write | ARQUIVO...............: bin\Xml\Movimento\NFSe\Ginfes\1.00\servico_enviar_lote_rps_resposta_v03.xsd
2026-09-10 12:13:23 | INFO    | PipelineLogger.write | ARQUIVO...............: bin\Xml\Movimento\NFSe\Ginfes\1.00\tipos_v02.xsd
2026-09-10 12:13:23 | INFO    | PipelineLogger.write | ARQUIVO...............: bin\Xml\Movimento\NFSe\Ginfes\1.00\tipos_v03.xsd
2026-09-10 12:13:23 | INFO    | PipelineLogger.write | ARQUIVO...............: bin\Xml\Movimento\NFSe\Ginfes\1.00\xmldsig-core-schema20020212_v03.xsd
2026-09-10 12:13:24 | INFO    | PipelineLogger.write | ARQUIVO...............: bin\Xml\Movimento\NFSe\Ginfes\1.00\xmldsig-core-schema_v02.xsd
2026-09-10 12:13:24 | INFO    | PipelineLogger.write | ARQUIVO...............: bin\Xml\Movimento\NFSe\IPM\2.04\nfse.xsd
2026-09-10 12:13:24 | INFO    | PipelineLogger.write | ARQUIVO...............: bin\Xml\Movimento\NFSe\IPM\2.04\xmldsig-core-schema20020212.xsd
2026-09-10 12:13:25 | INFO    | PipelineLogger.write | ARQUIVO...............: bin\Xml\Movimento\NFSe\ISSCuritiba\1.00\nfse.xsd
2026-09-10 12:13:25 | INFO    | PipelineLogger.write | ARQUIVO...............: bin\Xml\Movimento\NFSe\ISSCuritiba\1.00\xmldsig-core-schema20020212.xsd
2026-09-10 12:13:26 | INFO    | PipelineLogger.write | ARQUIVO...............: bin\Xml\Movimento\NFSe\ISSDSF\1.00\ConsultaSeqRps.xsd
2026-09-10 12:13:26 | INFO    | PipelineLogger.write | ARQUIVO...............: bin\Xml\Movimento\NFSe\ISSDSF\1.00\ReqCancelamentoNFSe.xsd
2026-09-10 12:13:26 | INFO    | PipelineLogger.write | ARQUIVO...............: bin\Xml\Movimento\NFSe\ISSDSF\1.00\ReqConsultaLote.xsd
2026-09-10 12:13:26 | INFO    | PipelineLogger.write | ARQUIVO...............: bin\Xml\Movimento\NFSe\ISSDSF\1.00\ReqConsultaNFSeRPS.xsd
2026-09-10 12:13:27 | INFO    | PipelineLogger.write | ARQUIVO...............: bin\Xml\Movimento\NFSe\ISSDSF\1.00\ReqConsultaNotas.xsd
2026-09-10 12:13:27 | INFO    | PipelineLogger.write | ARQUIVO...............: bin\Xml\Movimento\NFSe\ISSDSF\1.00\ReqEnvioLoteRPS.xsd
2026-09-10 12:13:28 | INFO    | PipelineLogger.write | ARQUIVO...............: bin\Xml\Movimento\NFSe\ISSDSF\1.00\RetornoCancelamentoNFSe.xsd
2026-09-10 12:13:28 | INFO    | PipelineLogger.write | ARQUIVO...............: bin\Xml\Movimento\NFSe\ISSDSF\1.00\RetornoConsultaLote.xsd
2026-09-10 12:13:28 | INFO    | PipelineLogger.write | ARQUIVO...............: bin\Xml\Movimento\NFSe\ISSDSF\1.00\RetornoConsultaNFSeRPS.xsd
2026-09-10 12:13:29 | INFO    | PipelineLogger.write | ARQUIVO...............: bin\Xml\Movimento\NFSe\ISSDSF\1.00\RetornoConsultaNotas.xsd
2026-09-10 12:13:29 | INFO    | PipelineLogger.write | ARQUIVO...............: bin\Xml\Movimento\NFSe\ISSDSF\1.00\RetornoConsultaSeqRps.xsd
2026-09-10 12:13:29 | INFO    | PipelineLogger.write | ARQUIVO...............: bin\Xml\Movimento\NFSe\ISSDSF\1.00\RetornoEnvioLoteRPS.xsd
2026-09-10 12:13:29 | INFO    | PipelineLogger.write | ARQUIVO...............: bin\Xml\Movimento\NFSe\ISSDSF\1.00\Tipos.xsd
2026-09-10 12:13:29 | INFO    | PipelineLogger.write | ARQUIVO...............: bin\Xml\Movimento\NFSe\ISSDSF\1.00\xmldsig-core-schema_v1.01.xsd
2026-09-10 12:13:29 | INFO    | PipelineLogger.write | ARQUIVO...............: bin\Xml\Movimento\NFSe\ISSDSF\1.01\ConsultaSeqRps.xsd
2026-09-10 12:13:29 | INFO    | PipelineLogger.write | ARQUIVO...............: bin\Xml\Movimento\NFSe\ISSDSF\1.01\ReqCancelamentoNFSe.xsd
2026-09-10 12:13:29 | INFO    | PipelineLogger.write | ARQUIVO...............: bin\Xml\Movimento\NFSe\ISSDSF\1.01\ReqConsultaLote.xsd
2026-09-10 12:13:30 | INFO    | PipelineLogger.write | ARQUIVO...............: bin\Xml\Movimento\NFSe\ISSDSF\1.01\ReqConsultaNFSeRPS.xsd
2026-09-10 12:13:30 | INFO    | PipelineLogger.write | ARQUIVO...............: bin\Xml\Movimento\NFSe\ISSDSF\1.01\ReqConsultaNotas.xsd
2026-09-10 12:13:31 | INFO    | PipelineLogger.write | ARQUIVO...............: bin\Xml\Movimento\NFSe\ISSDSF\1.01\ReqEnvioLoteRPS.xsd
2026-09-10 12:13:31 | INFO    | PipelineLogger.write | ARQUIVO...............: bin\Xml\Movimento\NFSe\ISSDSF\1.01\RetornoCancelamentoNFSe.xsd
2026-09-10 12:13:31 | INFO    | PipelineLogger.write | ARQUIVO...............: bin\Xml\Movimento\NFSe\ISSDSF\1.01\RetornoConsultaLote.xsd
2026-09-10 12:13:32 | INFO    | PipelineLogger.write | ARQUIVO...............: bin\Xml\Movimento\NFSe\ISSDSF\1.01\RetornoConsultaNFSeRPS.xsd
2026-09-10 12:13:32 | INFO    | PipelineLogger.write | ARQUIVO...............: bin\Xml\Movimento\NFSe\ISSDSF\1.01\RetornoConsultaNotas.xsd
2026-09-10 12:13:32 | INFO    | PipelineLogger.write | ARQUIVO...............: bin\Xml\Movimento\NFSe\ISSDSF\1.01\RetornoConsultaSeqRps.xsd
2026-09-10 12:13:32 | INFO    | PipelineLogger.write | ARQUIVO...............: bin\Xml\Movimento\NFSe\ISSDSF\1.01\RetornoEnvioLoteRPS.xsd
2026-09-10 12:13:32 | INFO    | PipelineLogger.write | ARQUIVO...............: bin\Xml\Movimento\NFSe\ISSDSF\1.01\Tipos.xsd
2026-09-10 12:13:32 | INFO    | PipelineLogger.write | ARQUIVO...............: bin\Xml\Movimento\NFSe\ISSDSF\1.01\xmldsig-core-schema_v1.01.xsd
2026-09-10 12:13:32 | INFO    | PipelineLogger.write | ARQUIVO...............: bin\Xml\Movimento\NFSe\ISSNet\1.00\servico_cancelar_nfse_envio.xsd
2026-09-10 12:13:32 | INFO    | PipelineLogger.write | ARQUIVO...............: bin\Xml\Movimento\NFSe\ISSNet\1.00\servico_cancelar_nfse_resposta.xsd
2026-09-10 12:13:33 | INFO    | PipelineLogger.write | ARQUIVO...............: bin\Xml\Movimento\NFSe\ISSNet\1.00\servico_consultar_lote_rps_envio.xsd
2026-09-10 12:13:33 | INFO    | PipelineLogger.write | ARQUIVO...............: bin\Xml\Movimento\NFSe\ISSNet\1.00\servico_consultar_lote_rps_resposta.xsd
2026-09-10 12:13:33 | INFO    | PipelineLogger.write | ARQUIVO...............: bin\Xml\Movimento\NFSe\ISSNet\1.00\servico_consultar_nfse_envio.xsd
2026-09-10 12:13:33 | INFO    | PipelineLogger.write | ARQUIVO...............: bin\Xml\Movimento\NFSe\ISSNet\1.00\servico_consultar_nfse_resposta.xsd
2026-09-10 12:13:33 | INFO    | PipelineLogger.write | ARQUIVO...............: bin\Xml\Movimento\NFSe\ISSNet\1.00\servico_consultar_nfse_rps_envio.xsd
2026-09-10 12:13:33 | INFO    | PipelineLogger.write | ARQUIVO...............: bin\Xml\Movimento\NFSe\ISSNet\1.00\servico_consultar_nfse_rps_resposta.xsd
2026-09-10 12:13:33 | INFO    | PipelineLogger.write | ARQUIVO...............: bin\Xml\Movimento\NFSe\ISSNet\1.00\servico_consultar_situacao_lote_rps_envio.xsd
2026-09-10 12:13:33 | INFO    | PipelineLogger.write | ARQUIVO...............: bin\Xml\Movimento\NFSe\ISSNet\1.00\servico_consultar_situacao_lote_rps_resposta.xsd
2026-09-10 12:13:33 | INFO    | PipelineLogger.write | ARQUIVO...............: bin\Xml\Movimento\NFSe\ISSNet\1.00\servico_consultar_url_visualizacao_nfse_envio.xsd
2026-09-10 12:13:33 | INFO    | PipelineLogger.write | ARQUIVO...............: bin\Xml\Movimento\NFSe\ISSNet\1.00\servico_consultar_url_visualizacao_nfse_resposta.xsd
2026-09-10 12:13:33 | INFO    | PipelineLogger.write | ARQUIVO...............: bin\Xml\Movimento\NFSe\ISSNet\1.00\servico_consultar_url_visualizacao_nfse_serie_envio.xsd
2026-09-10 12:13:33 | INFO    | PipelineLogger.write | ARQUIVO...............: bin\Xml\Movimento\NFSe\ISSNet\1.00\servico_consultar_url_visualizacao_nfse_serie_resposta.xsd
2026-09-10 12:13:33 | INFO    | PipelineLogger.write | ARQUIVO...............: bin\Xml\Movimento\NFSe\ISSNet\1.00\servico_enviar_lote_rps_envio.xsd
2026-09-10 12:13:33 | INFO    | PipelineLogger.write | ARQUIVO...............: bin\Xml\Movimento\NFSe\ISSNet\1.00\servico_enviar_lote_rps_resposta.xsd
2026-09-10 12:13:33 | INFO    | PipelineLogger.write | ARQUIVO...............: bin\Xml\Movimento\NFSe\ISSNet\1.00\tipos_complexos.xsd
2026-09-10 12:13:33 | INFO    | PipelineLogger.write | ARQUIVO...............: bin\Xml\Movimento\NFSe\ISSNet\1.00\tipos_simples.xsd
2026-09-10 12:13:33 | INFO    | PipelineLogger.write | ARQUIVO...............: bin\Xml\Movimento\NFSe\ISSNet\1.00\xmldsig-core-schema20020212.xsd
2026-09-10 12:13:33 | INFO    | PipelineLogger.write | ARQUIVO...............: bin\Xml\Movimento\NFSe\ISSNet\2.04\nfse.xsd
2026-09-10 12:13:34 | INFO    | PipelineLogger.write | ARQUIVO...............: bin\Xml\Movimento\NFSe\ISSNet\2.04\xmldsig-core-schema20020212.xsd
2026-09-10 12:13:35 | INFO    | PipelineLogger.write | ARQUIVO...............: connectionStrings.config
2026-09-10 12:13:35 | INFO    | PipelineLogger.write | ARQUIVO...............: custom.configuration.server.config
2026-09-10 12:13:36 | INFO    | PipelineLogger.write | ARQUIVO...............: Movimento.svc
2026-09-10 12:13:36 | INFO    | PipelineLogger.write | ARQUIVO...............: packages.config
2026-09-10 12:13:37 | INFO    | PipelineLogger.write | ARQUIVO...............: Web.config
2026-09-10 12:13:37 | INFO    | PipelineLogger.write | ================================================================================
2026-09-10 12:13:40 | INFO    | PipelineLogger.write | SETUP DIAGNOSTICO - CLEANUP
2026-09-10 12:13:40 | INFO    | PipelineLogger.write | Arquivos analisados.....: 660
2026-09-10 12:13:41 | INFO    | PipelineLogger.write | Arquivos removidos......: 32
2026-09-10 12:13:42 | INFO    | PipelineLogger.write | Arquivos preservados....: 628
2026-09-10 12:13:42 | INFO    | PipelineLogger.write | Diretorios analisados...: 73
2026-09-10 12:13:42 | INFO    | PipelineLogger.write | Diretorios removidos....: 8
2026-09-10 12:13:43 | INFO    | PipelineLogger.write | Diretorios preservados..: 65
2026-09-10 12:13:43 | INFO    | PipelineLogger.write | CLEANUP REMOVE..........: C:\Setups\.work\wcfmovimento\Release\bin\MailKit.dll.config
2026-09-10 12:13:43 | INFO    | PipelineLogger.write | CLEANUP REMOVE..........: C:\Setups\.work\wcfmovimento\Release\bin\MailKit.pdb
2026-09-10 12:13:43 | INFO    | PipelineLogger.write | CLEANUP REMOVE..........: C:\Setups\.work\wcfmovimento\Release\bin\MimeKit.pdb
2026-09-10 12:13:43 | INFO    | PipelineLogger.write | CLEANUP REMOVE..........: C:\Setups\.work\wcfmovimento\Release\bin\NPOI.OOXML.pdb
2026-09-10 12:13:43 | INFO    | PipelineLogger.write | CLEANUP REMOVE..........: C:\Setups\.work\wcfmovimento\Release\bin\NPOI.OpenXml4Net.pdb
2026-09-10 12:13:43 | INFO    | PipelineLogger.write | CLEANUP REMOVE..........: C:\Setups\.work\wcfmovimento\Release\bin\NPOI.OpenXmlFormats.pdb
2026-09-10 12:13:43 | INFO    | PipelineLogger.write | CLEANUP REMOVE..........: C:\Setups\.work\wcfmovimento\Release\bin\NPOI.pdb
2026-09-10 12:13:44 | INFO    | PipelineLogger.write | CLEANUP REMOVE..........: C:\Setups\.work\wcfmovimento\Release\bin\OuroNet.Server.Business.dll.config
2026-09-10 12:13:44 | INFO    | PipelineLogger.write | CLEANUP REMOVE..........: C:\Setups\.work\wcfmovimento\Release\bin\OuroNet.Server.Business.pdb
2026-09-10 12:13:45 | INFO    | PipelineLogger.write | CLEANUP REMOVE..........: C:\Setups\.work\wcfmovimento\Release\bin\OuroNet.Server.Common.dll.config
2026-09-10 12:13:45 | INFO    | PipelineLogger.write | CLEANUP REMOVE..........: C:\Setups\.work\wcfmovimento\Release\bin\OuroNet.Server.Common.pdb
2026-09-10 12:13:45 | INFO    | PipelineLogger.write | CLEANUP REMOVE..........: C:\Setups\.work\wcfmovimento\Release\bin\OuroNet.Server.DataAccess.dll.config
2026-09-10 12:13:45 | INFO    | PipelineLogger.write | CLEANUP REMOVE..........: C:\Setups\.work\wcfmovimento\Release\bin\OuroNet.Server.DataAccess.pdb
2026-09-10 12:13:46 | INFO    | PipelineLogger.write | CLEANUP REMOVE..........: C:\Setups\.work\wcfmovimento\Release\bin\OuroNet.Server.Entities.dll.config
2026-09-10 12:13:46 | INFO    | PipelineLogger.write | CLEANUP REMOVE..........: C:\Setups\.work\wcfmovimento\Release\bin\OuroNet.Server.Entities.pdb
2026-09-10 12:13:47 | INFO    | PipelineLogger.write | CLEANUP REMOVE..........: C:\Setups\.work\wcfmovimento\Release\bin\OuroNet.Server.ServiceInterfaces.dll.config
2026-09-10 12:13:47 | INFO    | PipelineLogger.write | CLEANUP REMOVE..........: C:\Setups\.work\wcfmovimento\Release\bin\OuroNet.Server.ServiceInterfaces.pdb
2026-09-10 12:13:47 | INFO    | PipelineLogger.write | CLEANUP REMOVE..........: C:\Setups\.work\wcfmovimento\Release\bin\OuroNet.Server.Services.dll.config
2026-09-10 12:13:47 | INFO    | PipelineLogger.write | CLEANUP REMOVE..........: C:\Setups\.work\wcfmovimento\Release\bin\OuroNet.Server.Services.pdb
2026-09-10 12:13:47 | INFO    | PipelineLogger.write | CLEANUP REMOVE..........: C:\Setups\.work\wcfmovimento\Release\bin\OuroNet.Server.WCF.Movement.pdb
2026-09-10 12:13:47 | INFO    | PipelineLogger.write | CLEANUP REMOVE..........: C:\Setups\.work\wcfmovimento\Release\bin\SkiaSharp.pdb
2026-09-10 12:13:47 | INFO    | PipelineLogger.write | CLEANUP REMOVE..........: C:\Setups\.work\wcfmovimento\Release\bin\arm\libSkiaSharp.so
2026-09-10 12:13:47 | INFO    | PipelineLogger.write | CLEANUP REMOVE..........: C:\Setups\.work\wcfmovimento\Release\bin\arm64\libSkiaSharp.so
2026-09-10 12:13:48 | INFO    | PipelineLogger.write | CLEANUP REMOVE..........: C:\Setups\.work\wcfmovimento\Release\bin\loongarch64\libSkiaSharp.so
2026-09-10 12:13:48 | INFO    | PipelineLogger.write | CLEANUP REMOVE..........: C:\Setups\.work\wcfmovimento\Release\bin\musl-arm\libSkiaSharp.so
2026-09-10 12:13:49 | INFO    | PipelineLogger.write | CLEANUP REMOVE..........: C:\Setups\.work\wcfmovimento\Release\bin\musl-arm64\libSkiaSharp.so
2026-09-10 12:13:49 | INFO    | PipelineLogger.write | CLEANUP REMOVE..........: C:\Setups\.work\wcfmovimento\Release\bin\musl-loongarch64\libSkiaSharp.so
2026-09-10 12:13:50 | INFO    | PipelineLogger.write | CLEANUP REMOVE..........: C:\Setups\.work\wcfmovimento\Release\bin\musl-riscv64\libSkiaSharp.so
2026-09-10 12:13:50 | INFO    | PipelineLogger.write | CLEANUP REMOVE..........: C:\Setups\.work\wcfmovimento\Release\bin\musl-x64\libSkiaSharp.so
2026-09-10 12:13:51 | INFO    | PipelineLogger.write | CLEANUP REMOVE..........: C:\Setups\.work\wcfmovimento\Release\bin\riscv64\libSkiaSharp.so
2026-09-10 12:13:51 | INFO    | PipelineLogger.write | CLEANUP REMOVE..........: C:\Setups\.work\wcfmovimento\Release\bin\x64\libSkiaSharp.so
2026-09-10 12:13:51 | INFO    | PipelineLogger.write | CLEANUP REMOVE..........: C:\Setups\.work\wcfmovimento\Release\bin\x86\libSkiaSharp.so
2026-09-10 12:13:51 | INFO    | PipelineLogger.write | CLEANUP PRESERVE........: C:\Setups\.work\wcfmovimento\Release\connectionStrings.config
2026-09-10 12:13:51 | INFO    | PipelineLogger.write | CLEANUP PRESERVE........: C:\Setups\.work\wcfmovimento\Release\custom.configuration.server.config
2026-09-10 12:13:51 | INFO    | PipelineLogger.write | CLEANUP PRESERVE........: C:\Setups\.work\wcfmovimento\Release\Movimento.svc
2026-09-10 12:13:51 | INFO    | PipelineLogger.write | CLEANUP PRESERVE........: C:\Setups\.work\wcfmovimento\Release\packages.config
2026-09-10 12:13:51 | INFO    | PipelineLogger.write | CLEANUP PRESERVE........: C:\Setups\.work\wcfmovimento\Release\Web.config
2026-09-10 12:13:52 | INFO    | PipelineLogger.write | CLEANUP PRESERVE........: C:\Setups\.work\wcfmovimento\Release\bin\ADODB.dll
2026-09-10 12:13:52 | INFO    | PipelineLogger.write | CLEANUP PRESERVE........: C:\Setups\.work\wcfmovimento\Release\bin\Aspose.HTML.dll
2026-09-10 12:13:52 | INFO    | PipelineLogger.write | CLEANUP PRESERVE........: C:\Setups\.work\wcfmovimento\Release\bin\Aspose.Words.dll
2026-09-10 12:13:52 | INFO    | PipelineLogger.write | CLEANUP PRESERVE........: C:\Setups\.work\wcfmovimento\Release\bin\BouncyCastle.Crypto.dll
2026-09-10 12:13:52 | INFO    | PipelineLogger.write | CLEANUP PRESERVE........: C:\Setups\.work\wcfmovimento\Release\bin\BouncyCastle.Cryptography.dll
2026-09-10 12:13:52 | INFO    | PipelineLogger.write | CLEANUP PRESERVE........: C:\Setups\.work\wcfmovimento\Release\bin\connectionStrings.config
2026-09-10 12:13:52 | INFO    | PipelineLogger.write | CLEANUP PRESERVE........: C:\Setups\.work\wcfmovimento\Release\bin\Custom.Business.dll
2026-09-10 12:13:52 | INFO    | PipelineLogger.write | CLEANUP PRESERVE........: C:\Setups\.work\wcfmovimento\Release\bin\custom.configuration.server.config
2026-09-10 12:13:52 | INFO    | PipelineLogger.write | CLEANUP PRESERVE........: C:\Setups\.work\wcfmovimento\Release\bin\Custom.DataAccess.dll
2026-09-10 12:13:52 | INFO    | PipelineLogger.write | CLEANUP PRESERVE........: C:\Setups\.work\wcfmovimento\Release\bin\Custom.Framework.CommonFileDialogs.dll
2026-09-10 12:13:52 | INFO    | PipelineLogger.write | CLEANUP PRESERVE........: C:\Setups\.work\wcfmovimento\Release\bin\Custom.Framework.Data.dll
2026-09-10 12:13:52 | INFO    | PipelineLogger.write | CLEANUP PRESERVE........: C:\Setups\.work\wcfmovimento\Release\bin\Custom.Framework.Diagnostics.dll
2026-09-10 12:13:52 | INFO    | PipelineLogger.write | CLEANUP PRESERVE........: C:\Setups\.work\wcfmovimento\Release\bin\Custom.Framework.dll
2026-09-10 12:13:52 | INFO    | PipelineLogger.write | CLEANUP PRESERVE........: C:\Setups\.work\wcfmovimento\Release\bin\Custom.Framework.Entities.dll
2026-09-10 12:13:52 | INFO    | PipelineLogger.write | CLEANUP PRESERVE........: C:\Setups\.work\wcfmovimento\Release\bin\Custom.Framework.Server.dll
2026-09-10 12:13:52 | INFO    | PipelineLogger.write | CLEANUP PRESERVE........: C:\Setups\.work\wcfmovimento\Release\bin\Custom.Framework.Services.dll
2026-09-10 12:13:52 | INFO    | PipelineLogger.write | CLEANUP PRESERVE........: C:\Setups\.work\wcfmovimento\Release\bin\Custom.Integration.NFSe.Municipal.dll
2026-09-10 12:13:53 | INFO    | PipelineLogger.write | CLEANUP PRESERVE........: C:\Setups\.work\wcfmovimento\Release\bin\Custom.Integration.PharmaLinkDistributors.Library.dll
2026-09-10 12:13:53 | INFO    | PipelineLogger.write | CLEANUP PRESERVE........: C:\Setups\.work\wcfmovimento\Release\bin\Custom.OuroNet.Library.Core.Layer.AcessData.V20.dll
2026-09-10 12:13:53 | INFO    | PipelineLogger.write | CLEANUP PRESERVE........: C:\Setups\.work\wcfmovimento\Release\bin\Custom.OuroNet.Library.Core.Layer.Exception.V20.dll
2026-09-10 12:13:53 | INFO    | PipelineLogger.write | CLEANUP PRESERVE........: C:\Setups\.work\wcfmovimento\Release\bin\Custom.Services.dll
2026-09-10 12:13:53 | INFO    | PipelineLogger.write | CLEANUP PRESERVE........: C:\Setups\.work\wcfmovimento\Release\bin\Custom.Utilities.Security.EncryptionCOM.dll
2026-09-10 12:13:53 | INFO    | PipelineLogger.write | CLEANUP PRESERVE........: C:\Setups\.work\wcfmovimento\Release\bin\Custom.Utilities.Security.EncryptionNET.dll
2026-09-10 12:13:54 | INFO    | PipelineLogger.write | CLEANUP PRESERVE........: C:\Setups\.work\wcfmovimento\Release\bin\DevExpress.Charts.v23.2.Core.dll
2026-09-10 12:13:54 | INFO    | PipelineLogger.write | CLEANUP PRESERVE........: C:\Setups\.work\wcfmovimento\Release\bin\DevExpress.CodeParser.v23.2.dll
2026-09-10 12:13:55 | INFO    | PipelineLogger.write | CLEANUP PRESERVE........: C:\Setups\.work\wcfmovimento\Release\bin\DevExpress.Data.Desktop.v23.2.dll
2026-09-10 12:13:55 | INFO    | PipelineLogger.write | CLEANUP PRESERVE........: C:\Setups\.work\wcfmovimento\Release\bin\DevExpress.Data.v11.2.dll
2026-09-10 12:13:56 | INFO    | PipelineLogger.write | CLEANUP PRESERVE........: C:\Setups\.work\wcfmovimento\Release\bin\DevExpress.Data.v23.2.dll
2026-09-10 12:13:56 | INFO    | PipelineLogger.write | CLEANUP PRESERVE........: C:\Setups\.work\wcfmovimento\Release\bin\DevExpress.DataAccess.v23.2.dll
2026-09-10 12:13:56 | INFO    | PipelineLogger.write | CLEANUP PRESERVE........: C:\Setups\.work\wcfmovimento\Release\bin\DevExpress.DataVisualization.v23.2.Core.dll
2026-09-10 12:13:56 | INFO    | PipelineLogger.write | CLEANUP PRESERVE........: C:\Setups\.work\wcfmovimento\Release\bin\DevExpress.Dialogs.v23.2.Core.dll
2026-09-10 12:13:56 | INFO    | PipelineLogger.write | CLEANUP PRESERVE........: C:\Setups\.work\wcfmovimento\Release\bin\DevExpress.Drawing.v23.2.dll
2026-09-10 12:13:56 | INFO    | PipelineLogger.write | CLEANUP PRESERVE........: C:\Setups\.work\wcfmovimento\Release\bin\DevExpress.Office.v23.2.Core.dll
2026-09-10 12:13:56 | INFO    | PipelineLogger.write | CLEANUP PRESERVE........: C:\Setups\.work\wcfmovimento\Release\bin\DevExpress.Pdf.v23.2.Core.dll
2026-09-10 12:13:57 | INFO    | PipelineLogger.write | CLEANUP PRESERVE........: C:\Setups\.work\wcfmovimento\Release\bin\DevExpress.Pdf.v23.2.Drawing.dll
2026-09-10 12:13:57 | INFO    | PipelineLogger.write | CLEANUP PRESERVE........: C:\Setups\.work\wcfmovimento\Release\bin\DevExpress.PivotGrid.v23.2.Core.dll
2026-09-10 12:13:58 | INFO    | PipelineLogger.write | CLEANUP PRESERVE........: C:\Setups\.work\wcfmovimento\Release\bin\DevExpress.Printing.v11.2.Core.dll
2026-09-10 12:13:58 | INFO    | PipelineLogger.write | CLEANUP PRESERVE........: C:\Setups\.work\wcfmovimento\Release\bin\DevExpress.Printing.v23.2.Core.dll
2026-09-10 12:13:58 | INFO    | PipelineLogger.write | CLEANUP PRESERVE........: C:\Setups\.work\wcfmovimento\Release\bin\DevExpress.RichEdit.v23.2.Core.dll
2026-09-10 12:13:58 | INFO    | PipelineLogger.write | CLEANUP PRESERVE........: C:\Setups\.work\wcfmovimento\Release\bin\DevExpress.Sparkline.v23.2.Core.dll
2026-09-10 12:13:58 | INFO    | PipelineLogger.write | CLEANUP PRESERVE........: C:\Setups\.work\wcfmovimento\Release\bin\DevExpress.Utils.v11.2.dll
2026-09-10 12:13:58 | INFO    | PipelineLogger.write | CLEANUP PRESERVE........: C:\Setups\.work\wcfmovimento\Release\bin\DevExpress.Utils.v23.2.dll
2026-09-10 12:13:58 | INFO    | PipelineLogger.write | CLEANUP PRESERVE........: C:\Setups\.work\wcfmovimento\Release\bin\DevExpress.Xpo.v23.2.dll
2026-09-10 12:13:59 | INFO    | PipelineLogger.write | CLEANUP PRESERVE........: C:\Setups\.work\wcfmovimento\Release\bin\DevExpress.XtraBars.v23.2.dll
2026-09-10 12:13:59 | INFO    | PipelineLogger.write | CLEANUP PRESERVE........: C:\Setups\.work\wcfmovimento\Release\bin\DevExpress.XtraCharts.v23.2.dll
2026-09-10 12:14:00 | INFO    | PipelineLogger.write | CLEANUP PRESERVE........: C:\Setups\.work\wcfmovimento\Release\bin\DevExpress.XtraDialogs.v23.2.dll
2026-09-10 12:14:01 | INFO    | PipelineLogger.write | CLEANUP PRESERVE........: C:\Setups\.work\wcfmovimento\Release\bin\DevExpress.XtraEditors.v11.2.dll
2026-09-10 12:14:01 | INFO    | PipelineLogger.write | CLEANUP PRESERVE........: C:\Setups\.work\wcfmovimento\Release\bin\DevExpress.XtraEditors.v23.2.dll
2026-09-10 12:14:02 | INFO    | PipelineLogger.write | CLEANUP PRESERVE........: C:\Setups\.work\wcfmovimento\Release\bin\DevExpress.XtraGauges.v23.2.Core.dll
2026-09-10 12:14:02 | INFO    | PipelineLogger.write | CLEANUP PRESERVE........: C:\Setups\.work\wcfmovimento\Release\bin\DevExpress.XtraGrid.v23.2.dll
2026-09-10 12:14:03 | INFO    | PipelineLogger.write | CLEANUP PRESERVE........: C:\Setups\.work\wcfmovimento\Release\bin\DevExpress.XtraLayout.v23.2.dll
2026-09-10 12:14:03 | INFO    | PipelineLogger.write | CLEANUP PRESERVE........: C:\Setups\.work\wcfmovimento\Release\bin\DevExpress.XtraPrinting.v23.2.dll
2026-09-10 12:14:03 | INFO    | PipelineLogger.write | CLEANUP PRESERVE........: C:\Setups\.work\wcfmovimento\Release\bin\DevExpress.XtraReports.v23.2.dll
2026-09-10 12:14:03 | INFO    | PipelineLogger.write | CLEANUP PRESERVE........: C:\Setups\.work\wcfmovimento\Release\bin\DevExpress.XtraTreeList.v23.2.dll
2026-09-10 12:14:03 | INFO    | PipelineLogger.write | CLEANUP PRESERVE........: C:\Setups\.work\wcfmovimento\Release\bin\FileHelpers.dll
2026-09-10 12:14:03 | INFO    | PipelineLogger.write | CLEANUP PRESERVE........: C:\Setups\.work\wcfmovimento\Release\bin\Framawork.DFe.Classes.dll
2026-09-10 12:14:03 | INFO    | PipelineLogger.write | CLEANUP PRESERVE........: C:\Setups\.work\wcfmovimento\Release\bin\Framawork.DFe.Utils.dll
2026-09-10 12:14:03 | INFO    | PipelineLogger.write | CLEANUP PRESERVE........: C:\Setups\.work\wcfmovimento\Release\bin\Framawork.DFe.Wsdl.dll
2026-09-10 12:14:03 | INFO    | PipelineLogger.write | CLEANUP PRESERVE........: C:\Setups\.work\wcfmovimento\Release\bin\Framework.BoletoNet.dll
2026-09-10 12:14:04 | INFO    | PipelineLogger.write | CLEANUP PRESERVE........: C:\Setups\.work\wcfmovimento\Release\bin\Framework.NFe.Classes.dll
2026-09-10 12:14:04 | INFO    | PipelineLogger.write | CLEANUP PRESERVE........: C:\Setups\.work\wcfmovimento\Release\bin\Framework.NFe.Print.dll
2026-09-10 12:14:04 | INFO    | PipelineLogger.write | CLEANUP PRESERVE........: C:\Setups\.work\wcfmovimento\Release\bin\Framework.NFe.Servicos.dll
2026-09-10 12:14:04 | INFO    | PipelineLogger.write | CLEANUP PRESERVE........: C:\Setups\.work\wcfmovimento\Release\bin\Framework.NFe.Utils.dll
2026-09-10 12:14:04 | INFO    | PipelineLogger.write | CLEANUP PRESERVE........: C:\Setups\.work\wcfmovimento\Release\bin\Framework.NFe.Wsdl.dll
2026-09-10 12:14:04 | INFO    | PipelineLogger.write | CLEANUP PRESERVE........: C:\Setups\.work\wcfmovimento\Release\bin\MailKit.dll
2026-09-10 12:14:04 | INFO    | PipelineLogger.write | CLEANUP PRESERVE........: C:\Setups\.work\wcfmovimento\Release\bin\Microsoft.Bcl.AsyncInterfaces.dll
2026-09-10 12:14:04 | INFO    | PipelineLogger.write | CLEANUP PRESERVE........: C:\Setups\.work\wcfmovimento\Release\bin\Microsoft.Practices.EnterpriseLibrary.Common.dll
2026-09-10 12:14:04 | INFO    | PipelineLogger.write | CLEANUP PRESERVE........: C:\Setups\.work\wcfmovimento\Release\bin\Microsoft.Practices.EnterpriseLibrary.Data.dll
2026-09-10 12:14:05 | INFO    | PipelineLogger.write | CLEANUP PRESERVE........: C:\Setups\.work\wcfmovimento\Release\bin\Microsoft.Practices.ServiceLocation.dll
2026-09-10 12:14:05 | INFO    | PipelineLogger.write | CLEANUP PRESERVE........: C:\Setups\.work\wcfmovimento\Release\bin\Microsoft.Practices.Unity.dll
2026-09-10 12:14:06 | INFO    | PipelineLogger.write | CLEANUP PRESERVE........: C:\Setups\.work\wcfmovimento\Release\bin\Microsoft.Practices.Unity.Interception.dll
2026-09-10 12:14:07 | INFO    | PipelineLogger.write | CLEANUP PRESERVE........: C:\Setups\.work\wcfmovimento\Release\bin\MimeKit.dll
2026-09-10 12:14:07 | INFO    | PipelineLogger.write | CLEANUP PRESERVE........: C:\Setups\.work\wcfmovimento\Release\bin\Newtonsoft.Json.dll
2026-09-10 12:14:08 | INFO    | PipelineLogger.write | CLEANUP PRESERVE........: C:\Setups\.work\wcfmovimento\Release\bin\NPOI.dll
2026-09-10 12:14:08 | INFO    | PipelineLogger.write | CLEANUP PRESERVE........: C:\Setups\.work\wcfmovimento\Release\bin\NPOI.OOXML.dll
2026-09-10 12:14:08 | INFO    | PipelineLogger.write | CLEANUP PRESERVE........: C:\Setups\.work\wcfmovimento\Release\bin\NPOI.OpenXml4Net.dll
2026-09-10 12:14:08 | INFO    | PipelineLogger.write | CLEANUP PRESERVE........: C:\Setups\.work\wcfmovimento\Release\bin\NPOI.OpenXmlFormats.dll
2026-09-10 12:14:08 | INFO    | PipelineLogger.write | CLEANUP PRESERVE........: C:\Setups\.work\wcfmovimento\Release\bin\NReco.PdfGenerator.dll
2026-09-10 12:14:08 | INFO    | PipelineLogger.write | CLEANUP PRESERVE........: C:\Setups\.work\wcfmovimento\Release\bin\OpenAC.Net.Core.dll
2026-09-10 12:14:09 | INFO    | PipelineLogger.write | CLEANUP PRESERVE........: C:\Setups\.work\wcfmovimento\Release\bin\OpenAC.Net.DFe.Core.dll
2026-09-10 12:14:09 | INFO    | PipelineLogger.write | CLEANUP PRESERVE........: C:\Setups\.work\wcfmovimento\Release\bin\OuroNet.Server.Business.dll
2026-09-10 12:14:09 | INFO    | PipelineLogger.write | CLEANUP PRESERVE........: C:\Setups\.work\wcfmovimento\Release\bin\OuroNet.Server.Business.XmlSerializers.dll
2026-09-10 12:14:09 | INFO    | PipelineLogger.write | CLEANUP PRESERVE........: C:\Setups\.work\wcfmovimento\Release\bin\OuroNet.Server.Common.dll
2026-09-10 12:14:09 | INFO    | PipelineLogger.write | CLEANUP PRESERVE........: C:\Setups\.work\wcfmovimento\Release\bin\OuroNet.Server.DataAccess.dll
2026-09-10 12:14:10 | INFO    | PipelineLogger.write | CLEANUP PRESERVE........: C:\Setups\.work\wcfmovimento\Release\bin\OuroNet.Server.Entities.dll
2026-09-10 12:14:10 | INFO    | PipelineLogger.write | CLEANUP PRESERVE........: C:\Setups\.work\wcfmovimento\Release\bin\OuroNet.Server.ServiceInterfaces.dll
2026-09-10 12:14:10 | INFO    | PipelineLogger.write | CLEANUP PRESERVE........: C:\Setups\.work\wcfmovimento\Release\bin\OuroNet.Server.Services.dll
2026-09-10 12:14:10 | INFO    | PipelineLogger.write | CLEANUP PRESERVE........: C:\Setups\.work\wcfmovimento\Release\bin\OuroNet.Server.WCF.Movement.dll
2026-09-10 12:14:10 | INFO    | PipelineLogger.write | CLEANUP PRESERVE........: C:\Setups\.work\wcfmovimento\Release\bin\protobuf-net.dll
2026-09-10 12:14:10 | INFO    | PipelineLogger.write | CLEANUP PRESERVE........: C:\Setups\.work\wcfmovimento\Release\bin\QRCoder.dll
2026-09-10 12:14:10 | INFO    | PipelineLogger.write | CLEANUP PRESERVE........: C:\Setups\.work\wcfmovimento\Release\bin\RestSharp.dll
2026-09-10 12:14:10 | INFO    | PipelineLogger.write | CLEANUP PRESERVE........: C:\Setups\.work\wcfmovimento\Release\bin\SkiaSharp.dll
2026-09-10 12:14:10 | INFO    | PipelineLogger.write | CLEANUP PRESERVE........: C:\Setups\.work\wcfmovimento\Release\bin\System.Buffers.dll
2026-09-10 12:14:10 | INFO    | PipelineLogger.write | CLEANUP PRESERVE........: C:\Setups\.work\wcfmovimento\Release\bin\System.Formats.Asn1.dll
2026-09-10 12:14:10 | INFO    | PipelineLogger.write | CLEANUP PRESERVE........: C:\Setups\.work\wcfmovimento\Release\bin\System.IO.Pipelines.dll
2026-09-10 12:14:10 | INFO    | PipelineLogger.write | CLEANUP PRESERVE........: C:\Setups\.work\wcfmovimento\Release\bin\System.Memory.dll
2026-09-10 12:14:10 | INFO    | PipelineLogger.write | CLEANUP PRESERVE........: C:\Setups\.work\wcfmovimento\Release\bin\System.Net.Http.Json.dll
2026-09-10 12:14:10 | INFO    | PipelineLogger.write | CLEANUP PRESERVE........: C:\Setups\.work\wcfmovimento\Release\bin\System.Numerics.Vectors.dll
2026-09-10 12:14:11 | INFO    | PipelineLogger.write | CLEANUP PRESERVE........: C:\Setups\.work\wcfmovimento\Release\bin\System.Runtime.CompilerServices.Unsafe.dll
2026-09-10 12:14:11 | INFO    | PipelineLogger.write | CLEANUP PRESERVE........: C:\Setups\.work\wcfmovimento\Release\bin\System.Text.Encodings.Web.dll
2026-09-10 12:14:12 | INFO    | PipelineLogger.write | CLEANUP PRESERVE........: C:\Setups\.work\wcfmovimento\Release\bin\System.Text.Json.dll
2026-09-10 12:14:13 | INFO    | PipelineLogger.write | CLEANUP PRESERVE........: C:\Setups\.work\wcfmovimento\Release\bin\System.Threading.Tasks.Extensions.dll
2026-09-10 12:14:13 | INFO    | PipelineLogger.write | CLEANUP PRESERVE........: C:\Setups\.work\wcfmovimento\Release\bin\arm64\libSkiaSharp.dll
2026-09-10 12:14:14 | INFO    | PipelineLogger.write | CLEANUP PRESERVE........: C:\Setups\.work\wcfmovimento\Release\bin\x64\libSkiaSharp.dll
2026-09-10 12:14:14 | INFO    | PipelineLogger.write | CLEANUP PRESERVE........: C:\Setups\.work\wcfmovimento\Release\bin\x64\SQLite.Interop.dll
2026-09-10 12:14:14 | INFO    | PipelineLogger.write | CLEANUP PRESERVE........: C:\Setups\.work\wcfmovimento\Release\bin\x86\libSkiaSharp.dll
2026-09-10 12:14:14 | INFO    | PipelineLogger.write | CLEANUP PRESERVE........: C:\Setups\.work\wcfmovimento\Release\bin\x86\SQLite.Interop.dll
2026-09-10 12:14:14 | INFO    | PipelineLogger.write | CLEANUP PRESERVE........: C:\Setups\.work\wcfmovimento\Release\bin\Xml\Movimento\NFSe\Abaco\xmldsig-core-schema20020212.xsd
2026-09-10 12:14:14 | INFO    | PipelineLogger.write | CLEANUP PRESERVE........: C:\Setups\.work\wcfmovimento\Release\bin\Xml\Movimento\NFSe\ABase\xmldsig-core-schema20020212.xsd
2026-09-10 12:14:14 | INFO    | PipelineLogger.write | CLEANUP PRESERVE........: C:\Setups\.work\wcfmovimento\Release\bin\Xml\Movimento\NFSe\BHISS\xmldsig-core-schema20020212.xsd
2026-09-10 12:14:14 | INFO    | PipelineLogger.write | CLEANUP PRESERVE........: C:\Setups\.work\wcfmovimento\Release\bin\Xml\Movimento\NFSe\ISSNet\1.00\servico_cancelar_nfse_envio.xsd
2026-09-10 12:14:14 | INFO    | PipelineLogger.write | CLEANUP PRESERVE........: C:\Setups\.work\wcfmovimento\Release\bin\Xml\Movimento\NFSe\ISSNet\1.00\servico_cancelar_nfse_resposta.xsd
2026-09-10 12:14:14 | INFO    | PipelineLogger.write | CLEANUP PRESERVE........: C:\Setups\.work\wcfmovimento\Release\bin\Xml\Movimento\NFSe\ISSNet\1.00\servico_consultar_lote_rps_envio.xsd
2026-09-10 12:14:14 | INFO    | PipelineLogger.write | CLEANUP PRESERVE........: C:\Setups\.work\wcfmovimento\Release\bin\Xml\Movimento\NFSe\ISSNet\1.00\servico_consultar_lote_rps_resposta.xsd
2026-09-10 12:14:15 | INFO    | PipelineLogger.write | CLEANUP PRESERVE........: C:\Setups\.work\wcfmovimento\Release\bin\Xml\Movimento\NFSe\ISSNet\1.00\servico_consultar_nfse_envio.xsd
2026-09-10 12:14:15 | INFO    | PipelineLogger.write | CLEANUP PRESERVE........: C:\Setups\.work\wcfmovimento\Release\bin\Xml\Movimento\NFSe\ISSNet\1.00\servico_consultar_nfse_resposta.xsd
2026-09-10 12:14:15 | INFO    | PipelineLogger.write | CLEANUP PRESERVE........: C:\Setups\.work\wcfmovimento\Release\bin\Xml\Movimento\NFSe\ISSNet\1.00\servico_consultar_nfse_rps_envio.xsd
2026-09-10 12:14:15 | INFO    | PipelineLogger.write | CLEANUP PRESERVE........: C:\Setups\.work\wcfmovimento\Release\bin\Xml\Movimento\NFSe\ISSNet\1.00\servico_consultar_nfse_rps_resposta.xsd
2026-09-10 12:14:15 | INFO    | PipelineLogger.write | CLEANUP PRESERVE........: C:\Setups\.work\wcfmovimento\Release\bin\Xml\Movimento\NFSe\ISSNet\1.00\servico_consultar_situacao_lote_rps_envio.xsd
2026-09-10 12:14:15 | INFO    | PipelineLogger.write | CLEANUP PRESERVE........: C:\Setups\.work\wcfmovimento\Release\bin\Xml\Movimento\NFSe\ISSNet\1.00\servico_consultar_situacao_lote_rps_resposta.xsd
2026-09-10 12:14:15 | INFO    | PipelineLogger.write | CLEANUP PRESERVE........: C:\Setups\.work\wcfmovimento\Release\bin\Xml\Movimento\NFSe\ISSNet\1.00\servico_consultar_url_visualizacao_nfse_envio.xsd
2026-09-10 12:14:15 | INFO    | PipelineLogger.write | CLEANUP PRESERVE........: C:\Setups\.work\wcfmovimento\Release\bin\Xml\Movimento\NFSe\ISSNet\1.00\servico_consultar_url_visualizacao_nfse_resposta.xsd
2026-09-10 12:14:15 | INFO    | PipelineLogger.write | CLEANUP PRESERVE........: C:\Setups\.work\wcfmovimento\Release\bin\Xml\Movimento\NFSe\ISSNet\1.00\servico_consultar_url_visualizacao_nfse_serie_envio.xsd
2026-09-10 12:14:15 | INFO    | PipelineLogger.write | CLEANUP PRESERVE........: C:\Setups\.work\wcfmovimento\Release\bin\Xml\Movimento\NFSe\ISSNet\1.00\servico_consultar_url_visualizacao_nfse_serie_resposta.xsd
2026-09-10 12:14:15 | INFO    | PipelineLogger.write | CLEANUP PRESERVE........: C:\Setups\.work\wcfmovimento\Release\bin\Xml\Movimento\NFSe\ISSNet\1.00\servico_enviar_lote_rps_envio.xsd
2026-09-10 12:14:15 | INFO    | PipelineLogger.write | CLEANUP PRESERVE........: C:\Setups\.work\wcfmovimento\Release\bin\Xml\Movimento\NFSe\ISSNet\1.00\servico_enviar_lote_rps_resposta.xsd
2026-09-10 12:14:15 | INFO    | PipelineLogger.write | CLEANUP PRESERVE........: C:\Setups\.work\wcfmovimento\Release\bin\Xml\Movimento\NFSe\ISSNet\1.00\tipos_complexos.xsd
2026-09-10 12:14:15 | INFO    | PipelineLogger.write | CLEANUP PRESERVE........: C:\Setups\.work\wcfmovimento\Release\bin\Xml\Movimento\NFSe\ISSNet\1.00\tipos_simples.xsd
2026-09-10 12:14:15 | INFO    | PipelineLogger.write | CLEANUP PRESERVE........: C:\Setups\.work\wcfmovimento\Release\bin\Xml\Movimento\NFSe\ISSNet\1.00\xmldsig-core-schema20020212.xsd
2026-09-10 12:14:15 | INFO    | PipelineLogger.write | CLEANUP PRESERVE........: C:\Setups\.work\wcfmovimento\Release\bin\Xml\Movimento\NFSe\ISSNet\2.04\nfse.xsd
2026-09-10 12:14:15 | INFO    | PipelineLogger.write | CLEANUP PRESERVE........: C:\Setups\.work\wcfmovimento\Release\bin\Xml\Movimento\NFSe\ISSNet\2.04\xmldsig-core-schema20020212.xsd
2026-09-10 12:14:16 | INFO    | PipelineLogger.write | CLEANUP PRESERVE........: C:\Setups\.work\wcfmovimento\Release\bin\Xml\Movimento\NFSe\ISSDSF\1.00\ConsultaSeqRps.xsd
2026-09-10 12:14:16 | INFO    | PipelineLogger.write | CLEANUP PRESERVE........: C:\Setups\.work\wcfmovimento\Release\bin\Xml\Movimento\NFSe\ISSDSF\1.00\ReqCancelamentoNFSe.xsd
2026-09-10 12:14:16 | INFO    | PipelineLogger.write | CLEANUP PRESERVE........: C:\Setups\.work\wcfmovimento\Release\bin\Xml\Movimento\NFSe\ISSDSF\1.00\ReqConsultaLote.xsd
2026-09-10 12:14:17 | INFO    | PipelineLogger.write | CLEANUP PRESERVE........: C:\Setups\.work\wcfmovimento\Release\bin\Xml\Movimento\NFSe\ISSDSF\1.00\ReqConsultaNFSeRPS.xsd
2026-09-10 12:14:17 | INFO    | PipelineLogger.write | CLEANUP PRESERVE........: C:\Setups\.work\wcfmovimento\Release\bin\Xml\Movimento\NFSe\ISSDSF\1.00\ReqConsultaNotas.xsd
2026-09-10 12:14:18 | INFO    | PipelineLogger.write | CLEANUP PRESERVE........: C:\Setups\.work\wcfmovimento\Release\bin\Xml\Movimento\NFSe\ISSDSF\1.00\ReqEnvioLoteRPS.xsd
2026-09-10 12:14:18 | INFO    | PipelineLogger.write | CLEANUP PRESERVE........: C:\Setups\.work\wcfmovimento\Release\bin\Xml\Movimento\NFSe\ISSDSF\1.00\RetornoCancelamentoNFSe.xsd
2026-09-10 12:14:18 | INFO    | PipelineLogger.write | CLEANUP PRESERVE........: C:\Setups\.work\wcfmovimento\Release\bin\Xml\Movimento\NFSe\ISSDSF\1.00\RetornoConsultaLote.xsd
2026-09-10 12:14:18 | INFO    | PipelineLogger.write | CLEANUP PRESERVE........: C:\Setups\.work\wcfmovimento\Release\bin\Xml\Movimento\NFSe\ISSDSF\1.00\RetornoConsultaNFSeRPS.xsd
2026-09-10 12:14:18 | INFO    | PipelineLogger.write | CLEANUP PRESERVE........: C:\Setups\.work\wcfmovimento\Release\bin\Xml\Movimento\NFSe\ISSDSF\1.00\RetornoConsultaNotas.xsd
2026-09-10 12:14:19 | INFO    | PipelineLogger.write | CLEANUP PRESERVE........: C:\Setups\.work\wcfmovimento\Release\bin\Xml\Movimento\NFSe\ISSDSF\1.00\RetornoConsultaSeqRps.xsd
2026-09-10 12:14:19 | INFO    | PipelineLogger.write | CLEANUP PRESERVE........: C:\Setups\.work\wcfmovimento\Release\bin\Xml\Movimento\NFSe\ISSDSF\1.00\RetornoEnvioLoteRPS.xsd
2026-09-10 12:14:20 | INFO    | PipelineLogger.write | CLEANUP PRESERVE........: C:\Setups\.work\wcfmovimento\Release\bin\Xml\Movimento\NFSe\ISSDSF\1.00\Tipos.xsd
2026-09-10 12:14:20 | INFO    | PipelineLogger.write | CLEANUP PRESERVE........: C:\Setups\.work\wcfmovimento\Release\bin\Xml\Movimento\NFSe\ISSDSF\1.00\xmldsig-core-schema_v1.01.xsd
2026-09-10 12:14:20 | INFO    | PipelineLogger.write | CLEANUP PRESERVE........: C:\Setups\.work\wcfmovimento\Release\bin\Xml\Movimento\NFSe\ISSDSF\1.01\ConsultaSeqRps.xsd
2026-09-10 12:14:21 | INFO    | PipelineLogger.write | CLEANUP PRESERVE........: C:\Setups\.work\wcfmovimento\Release\bin\Xml\Movimento\NFSe\ISSDSF\1.01\ReqCancelamentoNFSe.xsd
2026-09-10 12:14:21 | INFO    | PipelineLogger.write | CLEANUP PRESERVE........: C:\Setups\.work\wcfmovimento\Release\bin\Xml\Movimento\NFSe\ISSDSF\1.01\ReqConsultaLote.xsd
2026-09-10 12:14:22 | INFO    | PipelineLogger.write | CLEANUP PRESERVE........: C:\Setups\.work\wcfmovimento\Release\bin\Xml\Movimento\NFSe\ISSDSF\1.01\ReqConsultaNFSeRPS.xsd
2026-09-10 12:14:23 | INFO    | PipelineLogger.write | CLEANUP PRESERVE........: C:\Setups\.work\wcfmovimento\Release\bin\Xml\Movimento\NFSe\ISSDSF\1.01\ReqConsultaNotas.xsd
2026-09-10 12:14:23 | INFO    | PipelineLogger.write | CLEANUP PRESERVE........: C:\Setups\.work\wcfmovimento\Release\bin\Xml\Movimento\NFSe\ISSDSF\1.01\ReqEnvioLoteRPS.xsd
2026-09-10 12:14:23 | INFO    | PipelineLogger.write | CLEANUP PRESERVE........: C:\Setups\.work\wcfmovimento\Release\bin\Xml\Movimento\NFSe\ISSDSF\1.01\RetornoCancelamentoNFSe.xsd
2026-09-10 12:14:24 | INFO    | PipelineLogger.write | CLEANUP PRESERVE........: C:\Setups\.work\wcfmovimento\Release\bin\Xml\Movimento\NFSe\ISSDSF\1.01\RetornoConsultaLote.xsd
2026-09-10 12:14:24 | INFO    | PipelineLogger.write | CLEANUP PRESERVE........: C:\Setups\.work\wcfmovimento\Release\bin\Xml\Movimento\NFSe\ISSDSF\1.01\RetornoConsultaNFSeRPS.xsd
2026-09-10 12:14:24 | INFO    | PipelineLogger.write | CLEANUP PRESERVE........: C:\Setups\.work\wcfmovimento\Release\bin\Xml\Movimento\NFSe\ISSDSF\1.01\RetornoConsultaNotas.xsd
2026-09-10 12:14:24 | INFO    | PipelineLogger.write | CLEANUP PRESERVE........: C:\Setups\.work\wcfmovimento\Release\bin\Xml\Movimento\NFSe\ISSDSF\1.01\RetornoConsultaSeqRps.xsd
2026-09-10 12:14:24 | INFO    | PipelineLogger.write | CLEANUP PRESERVE........: C:\Setups\.work\wcfmovimento\Release\bin\Xml\Movimento\NFSe\ISSDSF\1.01\RetornoEnvioLoteRPS.xsd
2026-09-10 12:14:24 | INFO    | PipelineLogger.write | CLEANUP PRESERVE........: C:\Setups\.work\wcfmovimento\Release\bin\Xml\Movimento\NFSe\ISSDSF\1.01\Tipos.xsd
2026-09-10 12:14:24 | INFO    | PipelineLogger.write | CLEANUP PRESERVE........: C:\Setups\.work\wcfmovimento\Release\bin\Xml\Movimento\NFSe\ISSDSF\1.01\xmldsig-core-schema_v1.01.xsd
2026-09-10 12:14:24 | INFO    | PipelineLogger.write | CLEANUP PRESERVE........: C:\Setups\.work\wcfmovimento\Release\bin\Xml\Movimento\NFSe\ISSCuritiba\1.00\nfse.xsd
2026-09-10 12:14:25 | INFO    | PipelineLogger.write | CLEANUP PRESERVE........: C:\Setups\.work\wcfmovimento\Release\bin\Xml\Movimento\NFSe\ISSCuritiba\1.00\xmldsig-core-schema20020212.xsd
2026-09-10 12:14:25 | INFO    | PipelineLogger.write | CLEANUP PRESERVE........: C:\Setups\.work\wcfmovimento\Release\bin\Xml\Movimento\NFSe\IPM\2.04\nfse.xsd
2026-09-10 12:14:25 | INFO    | PipelineLogger.write | CLEANUP PRESERVE........: C:\Setups\.work\wcfmovimento\Release\bin\Xml\Movimento\NFSe\IPM\2.04\xmldsig-core-schema20020212.xsd
2026-09-10 12:14:25 | INFO    | PipelineLogger.write | CLEANUP PRESERVE........: C:\Setups\.work\wcfmovimento\Release\bin\Xml\Movimento\NFSe\Ginfes\1.00\cabecalho_v03.xsd
2026-09-10 12:14:25 | INFO    | PipelineLogger.write | CLEANUP PRESERVE........: C:\Setups\.work\wcfmovimento\Release\bin\Xml\Movimento\NFSe\Ginfes\1.00\servico_cancelar_nfse_envio_v02.xsd
2026-09-10 12:14:25 | INFO    | PipelineLogger.write | CLEANUP PRESERVE........: C:\Setups\.work\wcfmovimento\Release\bin\Xml\Movimento\NFSe\Ginfes\1.00\servico_cancelar_nfse_envio_v03.xsd
2026-09-10 12:14:25 | INFO    | PipelineLogger.write | CLEANUP PRESERVE........: C:\Setups\.work\wcfmovimento\Release\bin\Xml\Movimento\NFSe\Ginfes\1.00\servico_cancelar_nfse_resposta_v03.xsd
2026-09-10 12:14:25 | INFO    | PipelineLogger.write | CLEANUP PRESERVE........: C:\Setups\.work\wcfmovimento\Release\bin\Xml\Movimento\NFSe\Ginfes\1.00\servico_consultar_lote_rps_envio_v02.xsd
2026-09-10 12:14:25 | INFO    | PipelineLogger.write | CLEANUP PRESERVE........: C:\Setups\.work\wcfmovimento\Release\bin\Xml\Movimento\NFSe\Ginfes\1.00\servico_consultar_lote_rps_envio_v03.xsd
2026-09-10 12:14:25 | INFO    | PipelineLogger.write | CLEANUP PRESERVE........: C:\Setups\.work\wcfmovimento\Release\bin\Xml\Movimento\NFSe\Ginfes\1.00\servico_consultar_lote_rps_resposta_v03.xsd
2026-09-10 12:14:25 | INFO    | PipelineLogger.write | CLEANUP PRESERVE........: C:\Setups\.work\wcfmovimento\Release\bin\Xml\Movimento\NFSe\Ginfes\1.00\servico_consultar_nfse_envio_v02.xsd
2026-09-10 12:14:25 | INFO    | PipelineLogger.write | CLEANUP PRESERVE........: C:\Setups\.work\wcfmovimento\Release\bin\Xml\Movimento\NFSe\Ginfes\1.00\servico_consultar_nfse_envio_v03.xsd
2026-09-10 12:14:25 | INFO    | PipelineLogger.write | CLEANUP PRESERVE........: C:\Setups\.work\wcfmovimento\Release\bin\Xml\Movimento\NFSe\Ginfes\1.00\servico_consultar_nfse_resposta_v03.xsd
2026-09-10 12:14:25 | INFO    | PipelineLogger.write | CLEANUP PRESERVE........: C:\Setups\.work\wcfmovimento\Release\bin\Xml\Movimento\NFSe\Ginfes\1.00\servico_consultar_nfse_rps_envio_v02.xsd
2026-09-10 12:14:25 | INFO    | PipelineLogger.write | CLEANUP PRESERVE........: C:\Setups\.work\wcfmovimento\Release\bin\Xml\Movimento\NFSe\Ginfes\1.00\servico_consultar_nfse_rps_envio_v03.xsd
2026-09-10 12:14:25 | INFO    | PipelineLogger.write | CLEANUP PRESERVE........: C:\Setups\.work\wcfmovimento\Release\bin\Xml\Movimento\NFSe\Ginfes\1.00\servico_consultar_nfse_rps_resposta_v03.xsd
2026-09-10 12:14:25 | INFO    | PipelineLogger.write | CLEANUP PRESERVE........: C:\Setups\.work\wcfmovimento\Release\bin\Xml\Movimento\NFSe\Ginfes\1.00\servico_consultar_situacao_lote_rps_envio_v02.xsd
2026-09-10 12:14:26 | INFO    | PipelineLogger.write | CLEANUP PRESERVE........: C:\Setups\.work\wcfmovimento\Release\bin\Xml\Movimento\NFSe\Ginfes\1.00\servico_consultar_situacao_lote_rps_envio_v03.xsd
2026-09-10 12:14:27 | INFO    | PipelineLogger.write | CLEANUP PRESERVE........: C:\Setups\.work\wcfmovimento\Release\bin\Xml\Movimento\NFSe\Ginfes\1.00\servico_consultar_situacao_lote_rps_resposta_v03.xsd
2026-09-10 12:14:27 | INFO    | PipelineLogger.write | CLEANUP PRESERVE........: C:\Setups\.work\wcfmovimento\Release\bin\Xml\Movimento\NFSe\Ginfes\1.00\servico_enviar_lote_rps_envio_v02.xsd
2026-09-10 12:14:27 | INFO    | PipelineLogger.write | CLEANUP PRESERVE........: C:\Setups\.work\wcfmovimento\Release\bin\Xml\Movimento\NFSe\Ginfes\1.00\servico_enviar_lote_rps_envio_v03.xsd
2026-09-10 12:14:27 | INFO    | PipelineLogger.write | CLEANUP PRESERVE........: C:\Setups\.work\wcfmovimento\Release\bin\Xml\Movimento\NFSe\Ginfes\1.00\servico_enviar_lote_rps_resposta_v03.xsd
2026-09-10 12:14:27 | INFO    | PipelineLogger.write | CLEANUP PRESERVE........: C:\Setups\.work\wcfmovimento\Release\bin\Xml\Movimento\NFSe\Ginfes\1.00\tipos_v02.xsd
2026-09-10 12:14:27 | INFO    | PipelineLogger.write | CLEANUP PRESERVE........: C:\Setups\.work\wcfmovimento\Release\bin\Xml\Movimento\NFSe\Ginfes\1.00\tipos_v03.xsd
2026-09-10 12:14:28 | INFO    | PipelineLogger.write | CLEANUP PRESERVE........: C:\Setups\.work\wcfmovimento\Release\bin\Xml\Movimento\NFSe\Ginfes\1.00\xmldsig-core-schema20020212_v03.xsd
2026-09-10 12:14:28 | INFO    | PipelineLogger.write | CLEANUP PRESERVE........: C:\Setups\.work\wcfmovimento\Release\bin\Xml\Movimento\NFSe\Ginfes\1.00\xmldsig-core-schema_v02.xsd
2026-09-10 12:14:28 | INFO    | PipelineLogger.write | CLEANUP PRESERVE........: C:\Setups\.work\wcfmovimento\Release\bin\Xml\Movimento\NFSe\FissLex\1.00\nfse.xsd
2026-09-10 12:14:28 | INFO    | PipelineLogger.write | CLEANUP PRESERVE........: C:\Setups\.work\wcfmovimento\Release\bin\Xml\Movimento\NFSe\FissLex\1.00\xmldsig-core-schema20020212.xsd
2026-09-10 12:14:28 | INFO    | PipelineLogger.write | CLEANUP PRESERVE........: C:\Setups\.work\wcfmovimento\Release\bin\Xml\Movimento\NFSe\Fisco\2.03\nfse.xsd
2026-09-10 12:14:28 | INFO    | PipelineLogger.write | CLEANUP PRESERVE........: C:\Setups\.work\wcfmovimento\Release\bin\Xml\Movimento\NFSe\Fisco\2.03\xmldsig-core-schema20020212.xsd
2026-09-10 12:14:28 | INFO    | PipelineLogger.write | CLEANUP PRESERVE........: C:\Setups\.work\wcfmovimento\Release\bin\Xml\Movimento\NFSe\Fiorilli\2.00\nfse.xsd
2026-09-10 12:14:28 | INFO    | PipelineLogger.write | CLEANUP PRESERVE........: C:\Setups\.work\wcfmovimento\Release\bin\Xml\Movimento\NFSe\Fiorilli\2.00\xmldsig-core-schema20020212.xsd
2026-09-10 12:14:28 | INFO    | PipelineLogger.write | CLEANUP PRESERVE........: C:\Setups\.work\wcfmovimento\Release\bin\Xml\Movimento\NFSe\Fiorilli\2.01\nfse.xsd
2026-09-10 12:14:28 | INFO    | PipelineLogger.write | CLEANUP PRESERVE........: C:\Setups\.work\wcfmovimento\Release\bin\Xml\Movimento\NFSe\Fiorilli\2.01\xmldsig-core-schema20020212.xsd
2026-09-10 12:14:28 | INFO    | PipelineLogger.write | CLEANUP PRESERVE........: C:\Setups\.work\wcfmovimento\Release\bin\Xml\Movimento\NFSe\Equiplano\1.00\esCancelarNfseEnvio_v01.xsd
2026-09-10 12:14:28 | INFO    | PipelineLogger.write | CLEANUP PRESERVE........: C:\Setups\.work\wcfmovimento\Release\bin\Xml\Movimento\NFSe\Equiplano\1.00\esCancelarNfseResposta_v01.xsd
2026-09-10 12:14:28 | INFO    | PipelineLogger.write | CLEANUP PRESERVE........: C:\Setups\.work\wcfmovimento\Release\bin\Xml\Movimento\NFSe\Equiplano\1.00\esConsultarLoteRpsEnvio_v01.xsd
2026-09-10 12:14:28 | INFO    | PipelineLogger.write | CLEANUP PRESERVE........: C:\Setups\.work\wcfmovimento\Release\bin\Xml\Movimento\NFSe\Equiplano\1.00\esConsultarLoteRpsResposta_v01.xsd
2026-09-10 12:14:29 | INFO    | PipelineLogger.write | CLEANUP PRESERVE........: C:\Setups\.work\wcfmovimento\Release\bin\Xml\Movimento\NFSe\Equiplano\1.00\esConsultarNfseEnvio_v01.xsd
2026-09-10 12:14:29 | INFO    | PipelineLogger.write | CLEANUP PRESERVE........: C:\Setups\.work\wcfmovimento\Release\bin\Xml\Movimento\NFSe\Equiplano\1.00\esConsultarNfsePorRpsEnvio_v01.xsd
2026-09-10 12:14:29 | INFO    | PipelineLogger.write | CLEANUP PRESERVE........: C:\Setups\.work\wcfmovimento\Release\bin\Xml\Movimento\NFSe\Equiplano\1.00\esConsultarNfsePorRpsResposta_v01.xsd
2026-09-10 12:14:29 | INFO    | PipelineLogger.write | CLEANUP PRESERVE........: C:\Setups\.work\wcfmovimento\Release\bin\Xml\Movimento\NFSe\Equiplano\1.00\esConsultarNfseResposta_v01.xsd
2026-09-10 12:14:29 | INFO    | PipelineLogger.write | CLEANUP PRESERVE........: C:\Setups\.work\wcfmovimento\Release\bin\Xml\Movimento\NFSe\Equiplano\1.00\esConsultarSituacaoLoteRpsEnvio_v01.xsd
2026-09-10 12:14:29 | INFO    | PipelineLogger.write | CLEANUP PRESERVE........: C:\Setups\.work\wcfmovimento\Release\bin\Xml\Movimento\NFSe\Equiplano\1.00\esConsultarSituacaoLoteRpsResposta_v01.xsd
2026-09-10 12:14:29 | INFO    | PipelineLogger.write | CLEANUP PRESERVE........: C:\Setups\.work\wcfmovimento\Release\bin\Xml\Movimento\NFSe\Equiplano\1.00\esRecepcionarLoteRpsEnvio_v01.xsd
2026-09-10 12:14:29 | INFO    | PipelineLogger.write | CLEANUP PRESERVE........: C:\Setups\.work\wcfmovimento\Release\bin\Xml\Movimento\NFSe\Equiplano\1.00\esRecepcionarLoteRpsResposta_v01.xsd
2026-09-10 12:14:29 | INFO    | PipelineLogger.write | CLEANUP PRESERVE........: C:\Setups\.work\wcfmovimento\Release\bin\Xml\Movimento\NFSe\Equiplano\1.00\TiposEsnfs_v01.xsd
2026-09-10 12:14:29 | INFO    | PipelineLogger.write | CLEANUP PRESERVE........: C:\Setups\.work\wcfmovimento\Release\bin\Xml\Movimento\NFSe\Equiplano\1.00\xmldsig-core-schema_v01.xsd
2026-09-10 12:14:29 | INFO    | PipelineLogger.write | CLEANUP PRESERVE........: C:\Setups\.work\wcfmovimento\Release\bin\Xml\Movimento\NFSe\DSF\1.00\nfse.xsd
2026-09-10 12:14:29 | INFO    | PipelineLogger.write | CLEANUP PRESERVE........: C:\Setups\.work\wcfmovimento\Release\bin\Xml\Movimento\NFSe\DSF\1.00\xmldsig-core-schema20020212.xsd
2026-09-10 12:14:29 | INFO    | PipelineLogger.write | CLEANUP PRESERVE........: C:\Setups\.work\wcfmovimento\Release\bin\Xml\Movimento\NFSe\DSF\2.00\nfse.xsd
2026-09-10 12:14:29 | INFO    | PipelineLogger.write | CLEANUP PRESERVE........: C:\Setups\.work\wcfmovimento\Release\bin\Xml\Movimento\NFSe\DSF\2.00\xmldsig-core-schema20020212.xsd
2026-09-10 12:14:29 | INFO    | PipelineLogger.write | CLEANUP PRESERVE........: C:\Setups\.work\wcfmovimento\Release\bin\Xml\Movimento\NFSe\DSF\2.03\nfse.xsd
2026-09-10 12:14:29 | INFO    | PipelineLogger.write | CLEANUP PRESERVE........: C:\Setups\.work\wcfmovimento\Release\bin\Xml\Movimento\NFSe\DSF\2.03\xmldsig-core-schema20020212.xsd
2026-09-10 12:14:29 | INFO    | PipelineLogger.write | CLEANUP PRESERVE........: C:\Setups\.work\wcfmovimento\Release\bin\Xml\Movimento\NFSe\DBSeller\1.00\nfse.xsd
2026-09-10 12:14:29 | INFO    | PipelineLogger.write | CLEANUP PRESERVE........: C:\Setups\.work\wcfmovimento\Release\bin\Xml\Movimento\NFSe\DBSeller\1.00\xmldsig-core-schema_v01.xsd
2026-09-10 12:14:30 | INFO    | PipelineLogger.write | CLEANUP PRESERVE........: C:\Setups\.work\wcfmovimento\Release\bin\Xml\Movimento\NFSe\DBSeller\2.04\nfse.xsd
2026-09-10 12:14:30 | INFO    | PipelineLogger.write | CLEANUP PRESERVE........: C:\Setups\.work\wcfmovimento\Release\bin\Xml\Movimento\NFSe\DBSeller\2.04\xmldsig-core-schema20020212.xsd
2026-09-10 12:14:30 | INFO    | PipelineLogger.write | CLEANUP PRESERVE........: C:\Setups\.work\wcfmovimento\Release\bin\Xml\Movimento\NFSe\Coplan\2.01\nfse.xsd
2026-09-10 12:14:30 | INFO    | PipelineLogger.write | CLEANUP PRESERVE........: C:\Setups\.work\wcfmovimento\Release\bin\Xml\Movimento\NFSe\Coplan\2.01\xmldsig-core-schema20020212.xsd
2026-09-10 12:14:30 | INFO    | PipelineLogger.write | CLEANUP PRESERVE........: C:\Setups\.work\wcfmovimento\Release\bin\Xml\Movimento\NFSe\Conam\1.00\Informacao.txt
2026-09-10 12:14:30 | INFO    | PipelineLogger.write | CLEANUP PRESERVE........: C:\Setups\.work\wcfmovimento\Release\bin\Xml\Movimento\NFSe\Citta\2.03\nfse.xsd
2026-09-10 12:14:31 | INFO    | PipelineLogger.write | CLEANUP PRESERVE........: C:\Setups\.work\wcfmovimento\Release\bin\Xml\Movimento\NFSe\Citta\2.03\xmldsig-core-schema20020212.xsd
2026-09-10 12:14:31 | INFO    | PipelineLogger.write | CLEANUP PRESERVE........: C:\Setups\.work\wcfmovimento\Release\bin\Xml\Movimento\NFSe\Betha\1.00\servico_cancelar_nfse_envio_v01.xsd
2026-09-10 12:14:32 | INFO    | PipelineLogger.write | CLEANUP PRESERVE........: C:\Setups\.work\wcfmovimento\Release\bin\Xml\Movimento\NFSe\Betha\1.00\servico_cancelar_nfse_resposta_v01.xsd
2026-09-10 12:14:32 | INFO    | PipelineLogger.write | CLEANUP PRESERVE........: C:\Setups\.work\wcfmovimento\Release\bin\Xml\Movimento\NFSe\Betha\1.00\servico_consultar_lote_rps_envio_v01.xsd
2026-09-10 12:14:32 | INFO    | PipelineLogger.write | CLEANUP PRESERVE........: C:\Setups\.work\wcfmovimento\Release\bin\Xml\Movimento\NFSe\Betha\1.00\servico_consultar_lote_rps_resposta_v01.xsd
2026-09-10 12:14:32 | INFO    | PipelineLogger.write | CLEANUP PRESERVE........: C:\Setups\.work\wcfmovimento\Release\bin\Xml\Movimento\NFSe\Betha\1.00\servico_consultar_nfse_envio_v01.xsd
2026-09-10 12:14:32 | INFO    | PipelineLogger.write | CLEANUP PRESERVE........: C:\Setups\.work\wcfmovimento\Release\bin\Xml\Movimento\NFSe\Betha\1.00\servico_consultar_nfse_resposta_v01.xsd
2026-09-10 12:14:32 | INFO    | PipelineLogger.write | CLEANUP PRESERVE........: C:\Setups\.work\wcfmovimento\Release\bin\Xml\Movimento\NFSe\Betha\1.00\servico_consultar_nfse_rps_envio_v01.xsd
2026-09-10 12:14:32 | INFO    | PipelineLogger.write | CLEANUP PRESERVE........: C:\Setups\.work\wcfmovimento\Release\bin\Xml\Movimento\NFSe\Betha\1.00\servico_consultar_nfse_rps_resposta_v01.xsd
2026-09-10 12:14:33 | INFO    | PipelineLogger.write | CLEANUP PRESERVE........: C:\Setups\.work\wcfmovimento\Release\bin\Xml\Movimento\NFSe\Betha\1.00\servico_consultar_situacao_lote_rps_envio_v01.xsd
2026-09-10 12:14:34 | INFO    | PipelineLogger.write | CLEANUP PRESERVE........: C:\Setups\.work\wcfmovimento\Release\bin\Xml\Movimento\NFSe\Betha\1.00\servico_consultar_situacao_lote_rps_resposta_v01.xsd
2026-09-10 12:14:34 | INFO    | PipelineLogger.write | CLEANUP PRESERVE........: C:\Setups\.work\wcfmovimento\Release\bin\Xml\Movimento\NFSe\Betha\1.00\servico_enviar_lote_rps_envio_v01.xsd
2026-09-10 12:14:34 | INFO    | PipelineLogger.write | CLEANUP PRESERVE........: C:\Setups\.work\wcfmovimento\Release\bin\Xml\Movimento\NFSe\Betha\1.00\servico_enviar_lote_rps_resposta_v01.xsd
2026-09-10 12:14:34 | INFO    | PipelineLogger.write | CLEANUP PRESERVE........: C:\Setups\.work\wcfmovimento\Release\bin\Xml\Movimento\NFSe\Betha\1.00\TiposNFe_v01.xsd
2026-09-10 12:14:34 | INFO    | PipelineLogger.write | CLEANUP PRESERVE........: C:\Setups\.work\wcfmovimento\Release\bin\Xml\Movimento\NFSe\Betha\1.00\xmldsig-core-schema_v01.xsd
2026-09-10 12:14:34 | INFO    | PipelineLogger.write | CLEANUP PRESERVE........: C:\Setups\.work\wcfmovimento\Release\bin\Xml\Movimento\NFSe\Betha\2.02\nfse_v202.xsd
2026-09-10 12:14:34 | INFO    | PipelineLogger.write | CLEANUP PRESERVE........: C:\Setups\.work\wcfmovimento\Release\bin\Xml\Movimento\NFSe\Betha\2.02\xmldsig-core-schema20020212.xsd
2026-09-10 12:14:34 | INFO    | PipelineLogger.write | CLEANUP PRESERVE........: C:\Setups\.work\wcfmovimento\Release\bin\Xml\Movimento\NFSe\ABRASF\1.00\nfse.xsd
2026-09-10 12:14:34 | INFO    | PipelineLogger.write | CLEANUP PRESERVE........: C:\Setups\.work\wcfmovimento\Release\bin\Xml\Movimento\NFSe\ABRASF\1.00\xmldsig-core-schema20020212.xsd
2026-09-10 12:14:34 | INFO    | PipelineLogger.write | CLEANUP PRESERVE........: C:\Setups\.work\wcfmovimento\Release\bin\Xml\Movimento\NFSe\ABRASF\2.00\nfse v200.xsd
2026-09-10 12:14:35 | INFO    | PipelineLogger.write | CLEANUP PRESERVE........: C:\Setups\.work\wcfmovimento\Release\bin\Xml\Movimento\NFSe\ABRASF\2.00\xmldsig-core-schema20020212.xsd
2026-09-10 12:14:35 | INFO    | PipelineLogger.write | CLEANUP PRESERVE........: C:\Setups\.work\wcfmovimento\Release\bin\Xml\Movimento\NFSe\ABRASF\2.01\nfse v201.xsd
2026-09-10 12:14:35 | INFO    | PipelineLogger.write | CLEANUP PRESERVE........: C:\Setups\.work\wcfmovimento\Release\bin\Xml\Movimento\NFSe\ABRASF\2.01\xmldsig-core-schema20020212.xsd
2026-09-10 12:14:35 | INFO    | PipelineLogger.write | CLEANUP PRESERVE........: C:\Setups\.work\wcfmovimento\Release\bin\Xml\Movimento\NFSe\ABRASF\2.02\nfse v202.xsd
2026-09-10 12:14:35 | INFO    | PipelineLogger.write | CLEANUP PRESERVE........: C:\Setups\.work\wcfmovimento\Release\bin\Xml\Movimento\NFSe\ABRASF\2.02\xmldsig-core-schema20020212.xsd
2026-09-10 12:14:36 | INFO    | PipelineLogger.write | CLEANUP PRESERVE........: C:\Setups\.work\wcfmovimento\Release\bin\Xml\Movimento\NFSe\ABRASF\2.03\nfse_v203.xsd
2026-09-10 12:14:36 | INFO    | PipelineLogger.write | CLEANUP PRESERVE........: C:\Setups\.work\wcfmovimento\Release\bin\Xml\Movimento\NFSe\ABRASF\2.03\xmldsig-core-schema20020212.xsd
2026-09-10 12:14:36 | INFO    | PipelineLogger.write | CLEANUP PRESERVE........: C:\Setups\.work\wcfmovimento\Release\bin\Xml\Movimento\NFSe\ABRASF\2.04\nfse_v204.xsd
2026-09-10 12:14:36 | INFO    | PipelineLogger.write | CLEANUP PRESERVE........: C:\Setups\.work\wcfmovimento\Release\bin\Xml\Movimento\NFSe\ABRASF\2.04\xmldsig-core-schema20020212.xsd
2026-09-10 12:14:36 | INFO    | PipelineLogger.write | CLEANUP PRESERVE........: C:\Setups\.work\wcfmovimento\Release\bin\Xml\Movimento\NFSe\ABase\2.01\nfse.xsd
2026-09-10 12:14:36 | INFO    | PipelineLogger.write | CLEANUP PRESERVE........: C:\Setups\.work\wcfmovimento\Release\bin\Xml\Movimento\NFSe\ABase\2.01\xmldsig-core-schema20020212.xsd
2026-09-10 12:14:36 | INFO    | PipelineLogger.write | CLEANUP PRESERVE........: C:\Setups\.work\wcfmovimento\Release\bin\Xml\Movimento\NFSe\Abaco\1.00\nfse_v2010.xsd
2026-09-10 12:14:36 | INFO    | PipelineLogger.write | CLEANUP PRESERVE........: C:\Setups\.work\wcfmovimento\Release\bin\Xml\Movimento\NFSe\Abaco\1.00\xmldsig-core-schema20020212.xsd
2026-09-10 12:14:36 | INFO    | PipelineLogger.write | CLEANUP PRESERVE........: C:\Setups\.work\wcfmovimento\Release\bin\Xml\Movimento\NFSe\Abaco\1.01\nfse_v2010.xsd
2026-09-10 12:14:36 | INFO    | PipelineLogger.write | CLEANUP PRESERVE........: C:\Setups\.work\wcfmovimento\Release\bin\Xml\Movimento\NFSe\Abaco\1.01\xmldsig-core-schema20020212.xsd
2026-09-10 12:14:36 | INFO    | PipelineLogger.write | CLEANUP PRESERVE........: C:\Setups\.work\wcfmovimento\Release\bin\Xml\Movimento\NFSe\Abaco\2.04\nfse.xsd
2026-09-10 12:14:36 | INFO    | PipelineLogger.write | CLEANUP PRESERVE........: C:\Setups\.work\wcfmovimento\Release\bin\Xml\Movimento\NFSe\Abaco\2.04\xmldsig-core-schema20020212.xsd
2026-09-10 12:14:36 | INFO    | PipelineLogger.write | CLEANUP PRESERVE........: C:\Setups\.work\wcfmovimento\Release\bin\Xml\Movimento\NFe\Schemas\atuCadEmiDFe_v1.01.xsd
2026-09-10 12:14:36 | INFO    | PipelineLogger.write | CLEANUP PRESERVE........: C:\Setups\.work\wcfmovimento\Release\bin\Xml\Movimento\NFe\Schemas\autorizacaoRetorno_v1.00.xsd
2026-09-10 12:14:36 | INFO    | PipelineLogger.write | CLEANUP PRESERVE........: C:\Setups\.work\wcfmovimento\Release\bin\Xml\Movimento\NFe\Schemas\autorizacao_v1.00.xsd
2026-09-10 12:14:37 | INFO    | PipelineLogger.write | CLEANUP PRESERVE........: C:\Setups\.work\wcfmovimento\Release\bin\Xml\Movimento\NFe\Schemas\Averb_v1.00.xsd
2026-09-10 12:14:37 | INFO    | PipelineLogger.write | CLEANUP PRESERVE........: C:\Setups\.work\wcfmovimento\Release\bin\Xml\Movimento\NFe\Schemas\cabecMsg_v1.02.xsd
2026-09-10 12:14:37 | INFO    | PipelineLogger.write | CLEANUP PRESERVE........: C:\Setups\.work\wcfmovimento\Release\bin\Xml\Movimento\NFe\Schemas\cadEmiDFe_v1.01.xsd
2026-09-10 12:14:37 | INFO    | PipelineLogger.write | CLEANUP PRESERVE........: C:\Setups\.work\wcfmovimento\Release\bin\Xml\Movimento\NFe\Schemas\cancNFe_v2.00.xsd
2026-09-10 12:14:37 | INFO    | PipelineLogger.write | CLEANUP PRESERVE........: C:\Setups\.work\wcfmovimento\Release\bin\Xml\Movimento\NFe\Schemas\CCe_v1.00.xsd
2026-09-10 12:14:38 | INFO    | PipelineLogger.write | CLEANUP PRESERVE........: C:\Setups\.work\wcfmovimento\Release\bin\Xml\Movimento\NFe\Schemas\confRecebto_v1.00.xsd
2026-09-10 12:14:38 | INFO    | PipelineLogger.write | CLEANUP PRESERVE........: C:\Setups\.work\wcfmovimento\Release\bin\Xml\Movimento\NFe\Schemas\consCad_v2.00.xsd
2026-09-10 12:14:39 | INFO    | PipelineLogger.write | CLEANUP PRESERVE........: C:\Setups\.work\wcfmovimento\Release\bin\Xml\Movimento\NFe\Schemas\consCad_v3.10.xsd
2026-09-10 12:14:39 | INFO    | PipelineLogger.write | CLEANUP PRESERVE........: C:\Setups\.work\wcfmovimento\Release\bin\Xml\Movimento\NFe\Schemas\consDPEC_v1.01.xsd
2026-09-10 12:14:40 | INFO    | PipelineLogger.write | CLEANUP PRESERVE........: C:\Setups\.work\wcfmovimento\Release\bin\Xml\Movimento\NFe\Schemas\consGTIN_v1.00.xsd
2026-09-10 12:14:40 | INFO    | PipelineLogger.write | CLEANUP PRESERVE........: C:\Setups\.work\wcfmovimento\Release\bin\Xml\Movimento\NFe\Schemas\consNFeDest_v1.01.xsd
2026-09-10 12:14:41 | INFO    | PipelineLogger.write | CLEANUP PRESERVE........: C:\Setups\.work\wcfmovimento\Release\bin\Xml\Movimento\NFe\Schemas\consReciNFe_v2.00.xsd
2026-09-10 12:14:41 | INFO    | PipelineLogger.write | CLEANUP PRESERVE........: C:\Setups\.work\wcfmovimento\Release\bin\Xml\Movimento\NFe\Schemas\consReciNFe_v3.10.xsd
2026-09-10 12:14:41 | INFO    | PipelineLogger.write | CLEANUP PRESERVE........: C:\Setups\.work\wcfmovimento\Release\bin\Xml\Movimento\NFe\Schemas\consReciNFe_v4.00.xsd
2026-09-10 12:14:41 | INFO    | PipelineLogger.write | CLEANUP PRESERVE........: C:\Setups\.work\wcfmovimento\Release\bin\Xml\Movimento\NFe\Schemas\consSitNFe_v2.00.xsd
2026-09-10 12:14:42 | INFO    | PipelineLogger.write | CLEANUP PRESERVE........: C:\Setups\.work\wcfmovimento\Release\bin\Xml\Movimento\NFe\Schemas\consSitNFe_v2.01.xsd
2026-09-10 12:14:42 | INFO    | PipelineLogger.write | CLEANUP PRESERVE........: C:\Setups\.work\wcfmovimento\Release\bin\Xml\Movimento\NFe\Schemas\consSitNFe_v3.10.xsd
2026-09-10 12:14:43 | INFO    | PipelineLogger.write | CLEANUP PRESERVE........: C:\Setups\.work\wcfmovimento\Release\bin\Xml\Movimento\NFe\Schemas\consSitNFe_v4.00.xsd
2026-09-10 12:14:43 | INFO    | PipelineLogger.write | CLEANUP PRESERVE........: C:\Setups\.work\wcfmovimento\Release\bin\Xml\Movimento\NFe\Schemas\consStatServ_v2.00.xsd
2026-09-10 12:14:43 | INFO    | PipelineLogger.write | CLEANUP PRESERVE........: C:\Setups\.work\wcfmovimento\Release\bin\Xml\Movimento\NFe\Schemas\consStatServ_v3.10.xsd
2026-09-10 12:14:43 | INFO    | PipelineLogger.write | CLEANUP PRESERVE........: C:\Setups\.work\wcfmovimento\Release\bin\Xml\Movimento\NFe\Schemas\consStatServ_v4.00.xsd
2026-09-10 12:14:43 | INFO    | PipelineLogger.write | CLEANUP PRESERVE........: C:\Setups\.work\wcfmovimento\Release\bin\Xml\Movimento\NFe\Schemas\DFeTiposBasicos_v1.00.xsd
2026-09-10 12:14:43 | INFO    | PipelineLogger.write | CLEANUP PRESERVE........: C:\Setups\.work\wcfmovimento\Release\bin\Xml\Movimento\NFe\Schemas\distDFeInt_v1.00.xsd
2026-09-10 12:14:43 | INFO    | PipelineLogger.write | CLEANUP PRESERVE........: C:\Setups\.work\wcfmovimento\Release\bin\Xml\Movimento\NFe\Schemas\distDFeInt_v1.01.xsd
2026-09-10 12:14:43 | INFO    | PipelineLogger.write | CLEANUP PRESERVE........: C:\Setups\.work\wcfmovimento\Release\bin\Xml\Movimento\NFe\Schemas\downloadNFe_v1.00.xsd
2026-09-10 12:14:43 | INFO    | PipelineLogger.write | CLEANUP PRESERVE........: C:\Setups\.work\wcfmovimento\Release\bin\Xml\Movimento\NFe\Schemas\e110110_v1.00.xsd
2026-09-10 12:14:43 | INFO    | PipelineLogger.write | CLEANUP PRESERVE........: C:\Setups\.work\wcfmovimento\Release\bin\Xml\Movimento\NFe\Schemas\e110111_v1.00.xsd
2026-09-10 12:14:43 | INFO    | PipelineLogger.write | CLEANUP PRESERVE........: C:\Setups\.work\wcfmovimento\Release\bin\Xml\Movimento\NFe\Schemas\e110112_v1.00.xsd
2026-09-10 12:14:43 | INFO    | PipelineLogger.write | CLEANUP PRESERVE........: C:\Setups\.work\wcfmovimento\Release\bin\Xml\Movimento\NFe\Schemas\e110130_v1.00.xsd
2026-09-10 12:14:43 | INFO    | PipelineLogger.write | CLEANUP PRESERVE........: C:\Setups\.work\wcfmovimento\Release\bin\Xml\Movimento\NFe\Schemas\e110131_v1.00.xsd
2026-09-10 12:14:43 | INFO    | PipelineLogger.write | CLEANUP PRESERVE........: C:\Setups\.work\wcfmovimento\Release\bin\Xml\Movimento\NFe\Schemas\e110140NFCe_v1.00.xsd
2026-09-10 12:14:44 | INFO    | PipelineLogger.write | CLEANUP PRESERVE........: C:\Setups\.work\wcfmovimento\Release\bin\Xml\Movimento\NFe\Schemas\e110140NFe_v1.00.xsd
2026-09-10 12:14:44 | INFO    | PipelineLogger.write | CLEANUP PRESERVE........: C:\Setups\.work\wcfmovimento\Release\bin\Xml\Movimento\NFe\Schemas\e110140_v1.00.xsd
2026-09-10 12:14:44 | INFO    | PipelineLogger.write | CLEANUP PRESERVE........: C:\Setups\.work\wcfmovimento\Release\bin\Xml\Movimento\NFe\Schemas\e110150_v1.00.xsd
2026-09-10 12:14:44 | INFO    | PipelineLogger.write | CLEANUP PRESERVE........: C:\Setups\.work\wcfmovimento\Release\bin\Xml\Movimento\NFe\Schemas\e110192_v1.00.xsd
2026-09-10 12:14:45 | INFO    | PipelineLogger.write | CLEANUP PRESERVE........: C:\Setups\.work\wcfmovimento\Release\bin\Xml\Movimento\NFe\Schemas\e110193_v1.00.xsd
2026-09-10 12:14:45 | INFO    | PipelineLogger.write | CLEANUP PRESERVE........: C:\Setups\.work\wcfmovimento\Release\bin\Xml\Movimento\NFe\Schemas\e110750_v1.00.xsd
2026-09-10 12:14:45 | INFO    | PipelineLogger.write | CLEANUP PRESERVE........: C:\Setups\.work\wcfmovimento\Release\bin\Xml\Movimento\NFe\Schemas\e110751_v1.00.xsd
2026-09-10 12:14:45 | INFO    | PipelineLogger.write | CLEANUP PRESERVE........: C:\Setups\.work\wcfmovimento\Release\bin\Xml\Movimento\NFe\Schemas\e111500_v1.00.xsd
2026-09-10 12:14:46 | INFO    | PipelineLogger.write | CLEANUP PRESERVE........: C:\Setups\.work\wcfmovimento\Release\bin\Xml\Movimento\NFe\Schemas\e111501_v1.00.xsd
2026-09-10 12:14:46 | INFO    | PipelineLogger.write | CLEANUP PRESERVE........: C:\Setups\.work\wcfmovimento\Release\bin\Xml\Movimento\NFe\Schemas\e111502_v1.00.xsd
2026-09-10 12:14:47 | INFO    | PipelineLogger.write | CLEANUP PRESERVE........: C:\Setups\.work\wcfmovimento\Release\bin\Xml\Movimento\NFe\Schemas\e111503_v1.00.xsd
2026-09-10 12:14:47 | INFO    | PipelineLogger.write | CLEANUP PRESERVE........: C:\Setups\.work\wcfmovimento\Release\bin\Xml\Movimento\NFe\Schemas\e210200_v1.00.xsd
2026-09-10 12:14:47 | INFO    | PipelineLogger.write | CLEANUP PRESERVE........: C:\Setups\.work\wcfmovimento\Release\bin\Xml\Movimento\NFe\Schemas\e210210_v1.00.xsd
2026-09-10 12:14:47 | INFO    | PipelineLogger.write | CLEANUP PRESERVE........: C:\Setups\.work\wcfmovimento\Release\bin\Xml\Movimento\NFe\Schemas\e210220_v1.00.xsd
2026-09-10 12:14:47 | INFO    | PipelineLogger.write | CLEANUP PRESERVE........: C:\Setups\.work\wcfmovimento\Release\bin\Xml\Movimento\NFe\Schemas\e210240_v1.00.xsd
2026-09-10 12:14:47 | INFO    | PipelineLogger.write | CLEANUP PRESERVE........: C:\Setups\.work\wcfmovimento\Release\bin\Xml\Movimento\NFe\Schemas\e411500_v1.00.xsd
2026-09-10 12:14:47 | INFO    | PipelineLogger.write | CLEANUP PRESERVE........: C:\Setups\.work\wcfmovimento\Release\bin\Xml\Movimento\NFe\Schemas\e411501_v1.00.xsd
2026-09-10 12:14:47 | INFO    | PipelineLogger.write | CLEANUP PRESERVE........: C:\Setups\.work\wcfmovimento\Release\bin\Xml\Movimento\NFe\Schemas\e411502_v1.00.xsd
2026-09-10 12:14:47 | INFO    | PipelineLogger.write | CLEANUP PRESERVE........: C:\Setups\.work\wcfmovimento\Release\bin\Xml\Movimento\NFe\Schemas\e411503_v1.00.xsd
2026-09-10 12:14:47 | INFO    | PipelineLogger.write | CLEANUP PRESERVE........: C:\Setups\.work\wcfmovimento\Release\bin\Xml\Movimento\NFe\Schemas\e610130_v1.00.xsd
2026-09-10 12:14:47 | INFO    | PipelineLogger.write | CLEANUP PRESERVE........: C:\Setups\.work\wcfmovimento\Release\bin\Xml\Movimento\NFe\Schemas\e610131_v1.00.xsd
2026-09-10 12:14:47 | INFO    | PipelineLogger.write | CLEANUP PRESERVE........: C:\Setups\.work\wcfmovimento\Release\bin\Xml\Movimento\NFe\Schemas\e790700_v1.00.xsd
2026-09-10 12:14:48 | INFO    | PipelineLogger.write | CLEANUP PRESERVE........: C:\Setups\.work\wcfmovimento\Release\bin\Xml\Movimento\NFe\Schemas\e990900_v1.00.xsd
2026-09-10 12:14:49 | INFO    | PipelineLogger.write | CLEANUP PRESERVE........: C:\Setups\.work\wcfmovimento\Release\bin\Xml\Movimento\NFe\Schemas\e990910_v1.00.xsd
2026-09-10 12:14:49 | INFO    | PipelineLogger.write | CLEANUP PRESERVE........: C:\Setups\.work\wcfmovimento\Release\bin\Xml\Movimento\NFe\Schemas\envAverb_v1.00.xsd
2026-09-10 12:14:49 | INFO    | PipelineLogger.write | CLEANUP PRESERVE........: C:\Setups\.work\wcfmovimento\Release\bin\Xml\Movimento\NFe\Schemas\envCancelPProrrogNFe_v1.0.xsd
2026-09-10 12:14:49 | INFO    | PipelineLogger.write | CLEANUP PRESERVE........: C:\Setups\.work\wcfmovimento\Release\bin\Xml\Movimento\NFe\Schemas\envCCe_v1.00.xsd
2026-09-10 12:14:49 | INFO    | PipelineLogger.write | CLEANUP PRESERVE........: C:\Setups\.work\wcfmovimento\Release\bin\Xml\Movimento\NFe\Schemas\envComprovanteEntregaNFe_v1.00.xsd
2026-09-10 12:14:49 | INFO    | PipelineLogger.write | CLEANUP PRESERVE........: C:\Setups\.work\wcfmovimento\Release\bin\Xml\Movimento\NFe\Schemas\envConfRecebto_v1.00.xsd
2026-09-10 12:14:49 | INFO    | PipelineLogger.write | CLEANUP PRESERVE........: C:\Setups\.work\wcfmovimento\Release\bin\Xml\Movimento\NFe\Schemas\envDPEC_v1.01.xsd
2026-09-10 12:14:49 | INFO    | PipelineLogger.write | CLEANUP PRESERVE........: C:\Setups\.work\wcfmovimento\Release\bin\Xml\Movimento\NFe\Schemas\envEPEC_v1.00.xsd
2026-09-10 12:14:49 | INFO    | PipelineLogger.write | CLEANUP PRESERVE........: C:\Setups\.work\wcfmovimento\Release\bin\Xml\Movimento\NFe\Schemas\envEventoAtorInteressado_v1.00.xsd
2026-09-10 12:14:49 | INFO    | PipelineLogger.write | CLEANUP PRESERVE........: C:\Setups\.work\wcfmovimento\Release\bin\Xml\Movimento\NFe\Schemas\envEventoCancEConf_v1.00.xsd
2026-09-10 12:14:49 | INFO    | PipelineLogger.write | CLEANUP PRESERVE........: C:\Setups\.work\wcfmovimento\Release\bin\Xml\Movimento\NFe\Schemas\envEventoCancEntregaNFe_v1.00.xsd
2026-09-10 12:14:49 | INFO    | PipelineLogger.write | CLEANUP PRESERVE........: C:\Setups\.work\wcfmovimento\Release\bin\Xml\Movimento\NFe\Schemas\envEventoCancInsucessoNFe_v1.00.xsd
2026-09-10 12:14:49 | INFO    | PipelineLogger.write | CLEANUP PRESERVE........: C:\Setups\.work\wcfmovimento\Release\bin\Xml\Movimento\NFe\Schemas\envEventoCancNFe_v1.00.xsd
2026-09-10 12:14:49 | INFO    | PipelineLogger.write | CLEANUP PRESERVE........: C:\Setups\.work\wcfmovimento\Release\bin\Xml\Movimento\NFe\Schemas\envEventoCancSubst_v1.00.xsd
2026-09-10 12:14:49 | INFO    | PipelineLogger.write | CLEANUP PRESERVE........: C:\Setups\.work\wcfmovimento\Release\bin\Xml\Movimento\NFe\Schemas\envEventoEConf_v1.00.xsd
2026-09-10 12:14:49 | INFO    | PipelineLogger.write | CLEANUP PRESERVE........: C:\Setups\.work\wcfmovimento\Release\bin\Xml\Movimento\NFe\Schemas\envEventoEntregaNFe_v1.00.xsd
2026-09-10 12:14:49 | INFO    | PipelineLogger.write | CLEANUP PRESERVE........: C:\Setups\.work\wcfmovimento\Release\bin\Xml\Movimento\NFe\Schemas\envEventoInsucessoNFe_v1.00.xsd
2026-09-10 12:14:50 | INFO    | PipelineLogger.write | CLEANUP PRESERVE........: C:\Setups\.work\wcfmovimento\Release\bin\Xml\Movimento\NFe\Schemas\envEvento_v1.00.xsd
2026-09-10 12:14:50 | INFO    | PipelineLogger.write | CLEANUP PRESERVE........: C:\Setups\.work\wcfmovimento\Release\bin\Xml\Movimento\NFe\Schemas\envFiscoNfe_v1.0.xsd
2026-09-10 12:14:50 | INFO    | PipelineLogger.write | CLEANUP PRESERVE........: C:\Setups\.work\wcfmovimento\Release\bin\Xml\Movimento\NFe\Schemas\enviNFe_v2.00.xsd
2026-09-10 12:14:50 | INFO    | PipelineLogger.write | CLEANUP PRESERVE........: C:\Setups\.work\wcfmovimento\Release\bin\Xml\Movimento\NFe\Schemas\enviNFe_v3.10.xsd
2026-09-10 12:14:50 | INFO    | PipelineLogger.write | CLEANUP PRESERVE........: C:\Setups\.work\wcfmovimento\Release\bin\Xml\Movimento\NFe\Schemas\enviNFe_v4.00.xsd
2026-09-10 12:14:51 | INFO    | PipelineLogger.write | CLEANUP PRESERVE........: C:\Setups\.work\wcfmovimento\Release\bin\Xml\Movimento\NFe\Schemas\envPProrrogNFe_v1.0.xsd
2026-09-10 12:14:51 | INFO    | PipelineLogger.write | CLEANUP PRESERVE........: C:\Setups\.work\wcfmovimento\Release\bin\Xml\Movimento\NFe\Schemas\envRemIndus_v1.00.xsd
2026-09-10 12:14:52 | INFO    | PipelineLogger.write | CLEANUP PRESERVE........: C:\Setups\.work\wcfmovimento\Release\bin\Xml\Movimento\NFe\Schemas\envSuframaInternaliza_v1.00.xsd
2026-09-10 12:14:52 | INFO    | PipelineLogger.write | CLEANUP PRESERVE........: C:\Setups\.work\wcfmovimento\Release\bin\Xml\Movimento\NFe\Schemas\envSuframaVistoria_v1.00.xsd
2026-09-10 12:14:53 | INFO    | PipelineLogger.write | CLEANUP PRESERVE........: C:\Setups\.work\wcfmovimento\Release\bin\Xml\Movimento\NFe\Schemas\EPEC_v1.00.xsd
2026-09-10 12:14:53 | INFO    | PipelineLogger.write | CLEANUP PRESERVE........: C:\Setups\.work\wcfmovimento\Release\bin\Xml\Movimento\NFe\Schemas\eventoAtorInteressado_v1.00.xsd
2026-09-10 12:14:54 | INFO    | PipelineLogger.write | CLEANUP PRESERVE........: C:\Setups\.work\wcfmovimento\Release\bin\Xml\Movimento\NFe\Schemas\EventoCancEConf_v1.00.xsd
2026-09-10 12:14:55 | INFO    | PipelineLogger.write | CLEANUP PRESERVE........: C:\Setups\.work\wcfmovimento\Release\bin\Xml\Movimento\NFe\Schemas\eventoCancEntregaNFe_v1.00.xsd
2026-09-10 12:14:56 | INFO    | PipelineLogger.write | CLEANUP PRESERVE........: C:\Setups\.work\wcfmovimento\Release\bin\Xml\Movimento\NFe\Schemas\EventoCancInsucessoNFe_v1.00.xsd
2026-09-10 12:14:56 | INFO    | PipelineLogger.write | CLEANUP PRESERVE........: C:\Setups\.work\wcfmovimento\Release\bin\Xml\Movimento\NFe\Schemas\eventoCancNFe_v1.00.xsd
2026-09-10 12:14:56 | INFO    | PipelineLogger.write | CLEANUP PRESERVE........: C:\Setups\.work\wcfmovimento\Release\bin\Xml\Movimento\NFe\Schemas\eventoCancSubst_v1.00.xsd
2026-09-10 12:14:57 | INFO    | PipelineLogger.write | CLEANUP PRESERVE........: C:\Setups\.work\wcfmovimento\Release\bin\Xml\Movimento\NFe\Schemas\EventoEConf_v1.00.xsd
2026-09-10 12:14:57 | INFO    | PipelineLogger.write | CLEANUP PRESERVE........: C:\Setups\.work\wcfmovimento\Release\bin\Xml\Movimento\NFe\Schemas\eventoEntregaNFe_v1.00.xsd
2026-09-10 12:14:57 | INFO    | PipelineLogger.write | CLEANUP PRESERVE........: C:\Setups\.work\wcfmovimento\Release\bin\Xml\Movimento\NFe\Schemas\eventoEPEC_v0.01.xsd
2026-09-10 12:14:57 | INFO    | PipelineLogger.write | CLEANUP PRESERVE........: C:\Setups\.work\wcfmovimento\Release\bin\Xml\Movimento\NFe\Schemas\eventoEPEC_v1.00.xsd
2026-09-10 12:14:57 | INFO    | PipelineLogger.write | CLEANUP PRESERVE........: C:\Setups\.work\wcfmovimento\Release\bin\Xml\Movimento\NFe\Schemas\EventoInsucessoNFe_v1.00.xsd
2026-09-10 12:14:57 | INFO    | PipelineLogger.write | CLEANUP PRESERVE........: C:\Setups\.work\wcfmovimento\Release\bin\Xml\Movimento\NFe\Schemas\eventoRemIndus_v1.00.xsd
2026-09-10 12:14:57 | INFO    | PipelineLogger.write | CLEANUP PRESERVE........: C:\Setups\.work\wcfmovimento\Release\bin\Xml\Movimento\NFe\Schemas\inutNFe_v2.00.xsd
2026-09-10 12:14:57 | INFO    | PipelineLogger.write | CLEANUP PRESERVE........: C:\Setups\.work\wcfmovimento\Release\bin\Xml\Movimento\NFe\Schemas\inutNFe_v3.10.xsd
2026-09-10 12:14:57 | INFO    | PipelineLogger.write | CLEANUP PRESERVE........: C:\Setups\.work\wcfmovimento\Release\bin\Xml\Movimento\NFe\Schemas\inutNFe_v4.00.xsd
2026-09-10 12:14:57 | INFO    | PipelineLogger.write | CLEANUP PRESERVE........: C:\Setups\.work\wcfmovimento\Release\bin\Xml\Movimento\NFe\Schemas\leiauteAverb_v1.00.xsd
2026-09-10 12:14:57 | INFO    | PipelineLogger.write | CLEANUP PRESERVE........: C:\Setups\.work\wcfmovimento\Release\bin\Xml\Movimento\NFe\Schemas\LeiauteCadastroEmissorDFe_v1.01.xsd
2026-09-10 12:14:57 | INFO    | PipelineLogger.write | CLEANUP PRESERVE........: C:\Setups\.work\wcfmovimento\Release\bin\Xml\Movimento\NFe\Schemas\leiauteCancNFe_v2.00.xsd
2026-09-10 12:14:58 | INFO    | PipelineLogger.write | CLEANUP PRESERVE........: C:\Setups\.work\wcfmovimento\Release\bin\Xml\Movimento\NFe\Schemas\leiauteCCe_v1.00.xsd
2026-09-10 12:14:58 | INFO    | PipelineLogger.write | CLEANUP PRESERVE........: C:\Setups\.work\wcfmovimento\Release\bin\Xml\Movimento\NFe\Schemas\leiauteCcgConsGTIN_v1.00.xsd
2026-09-10 12:14:58 | INFO    | PipelineLogger.write | CLEANUP PRESERVE........: C:\Setups\.work\wcfmovimento\Release\bin\Xml\Movimento\NFe\Schemas\leiauteComprovanteEntregaNFe_v1.00.xsd
2026-09-10 12:14:58 | INFO    | PipelineLogger.write | CLEANUP PRESERVE........: C:\Setups\.work\wcfmovimento\Release\bin\Xml\Movimento\NFe\Schemas\leiauteConfRecebto_v1.00.xsd
2026-09-10 12:14:58 | INFO    | PipelineLogger.write | CLEANUP PRESERVE........: C:\Setups\.work\wcfmovimento\Release\bin\Xml\Movimento\NFe\Schemas\leiauteConsNFeDest_v1.01.xsd
2026-09-10 12:14:58 | INFO    | PipelineLogger.write | CLEANUP PRESERVE........: C:\Setups\.work\wcfmovimento\Release\bin\Xml\Movimento\NFe\Schemas\leiauteConsSitNFe_v2.01.xsd
2026-09-10 12:14:58 | INFO    | PipelineLogger.write | CLEANUP PRESERVE........: C:\Setups\.work\wcfmovimento\Release\bin\Xml\Movimento\NFe\Schemas\leiauteConsSitNFe_v3.10.xsd
2026-09-10 12:14:58 | INFO    | PipelineLogger.write | CLEANUP PRESERVE........: C:\Setups\.work\wcfmovimento\Release\bin\Xml\Movimento\NFe\Schemas\leiauteConsSitNFe_v4.00.xsd
2026-09-10 12:14:58 | INFO    | PipelineLogger.write | CLEANUP PRESERVE........: C:\Setups\.work\wcfmovimento\Release\bin\Xml\Movimento\NFe\Schemas\leiauteConsStatServ_v2.00.xsd
2026-09-10 12:14:58 | INFO    | PipelineLogger.write | CLEANUP PRESERVE........: C:\Setups\.work\wcfmovimento\Release\bin\Xml\Movimento\NFe\Schemas\leiauteConsStatServ_v3.10.xsd
2026-09-10 12:14:58 | INFO    | PipelineLogger.write | CLEANUP PRESERVE........: C:\Setups\.work\wcfmovimento\Release\bin\Xml\Movimento\NFe\Schemas\leiauteConsStatServ_v4.00.xsd
2026-09-10 12:14:58 | INFO    | PipelineLogger.write | CLEANUP PRESERVE........: C:\Setups\.work\wcfmovimento\Release\bin\Xml\Movimento\NFe\Schemas\leiauteConsultaCadastro_v1.01.xsd
2026-09-10 12:14:58 | INFO    | PipelineLogger.write | CLEANUP PRESERVE........: C:\Setups\.work\wcfmovimento\Release\bin\Xml\Movimento\NFe\Schemas\leiauteConsultaCadastro_v2.00.xsd
2026-09-10 12:14:58 | INFO    | PipelineLogger.write | CLEANUP PRESERVE........: C:\Setups\.work\wcfmovimento\Release\bin\Xml\Movimento\NFe\Schemas\leiauteConsultaCadastro_v3.10.xsd
2026-09-10 12:14:58 | INFO    | PipelineLogger.write | CLEANUP PRESERVE........: C:\Setups\.work\wcfmovimento\Release\bin\Xml\Movimento\NFe\Schemas\leiauteDownloadNFe_v1.00.xsd
2026-09-10 12:14:58 | INFO    | PipelineLogger.write | CLEANUP PRESERVE........: C:\Setups\.work\wcfmovimento\Release\bin\Xml\Movimento\NFe\Schemas\leiauteDPEC_v1.01.xsd
2026-09-10 12:14:58 | INFO    | PipelineLogger.write | CLEANUP PRESERVE........: C:\Setups\.work\wcfmovimento\Release\bin\Xml\Movimento\NFe\Schemas\leiauteEPEC_v1.00.xsd
2026-09-10 12:14:59 | INFO    | PipelineLogger.write | CLEANUP PRESERVE........: C:\Setups\.work\wcfmovimento\Release\bin\Xml\Movimento\NFe\Schemas\leiauteEventoAtorInteressado_v1.00.xsd
2026-09-10 12:14:59 | INFO    | PipelineLogger.write | CLEANUP PRESERVE........: C:\Setups\.work\wcfmovimento\Release\bin\Xml\Movimento\NFe\Schemas\leiauteEventoCancEConf_v1.00.xsd
2026-09-10 12:14:59 | INFO    | PipelineLogger.write | CLEANUP PRESERVE........: C:\Setups\.work\wcfmovimento\Release\bin\Xml\Movimento\NFe\Schemas\leiauteEventoCancEntregaNFe_v1.00.xsd
2026-09-10 12:14:59 | INFO    | PipelineLogger.write | CLEANUP PRESERVE........: C:\Setups\.work\wcfmovimento\Release\bin\Xml\Movimento\NFe\Schemas\leiauteEventoCancInsucessoNFe_v1.00.xsd
2026-09-10 12:14:59 | INFO    | PipelineLogger.write | CLEANUP PRESERVE........: C:\Setups\.work\wcfmovimento\Release\bin\Xml\Movimento\NFe\Schemas\leiauteEventoCancNFe_v1.00.xsd
2026-09-10 12:14:59 | INFO    | PipelineLogger.write | CLEANUP PRESERVE........: C:\Setups\.work\wcfmovimento\Release\bin\Xml\Movimento\NFe\Schemas\leiauteEventoCancSubst_v1.00.xsd
2026-09-10 12:14:59 | INFO    | PipelineLogger.write | CLEANUP PRESERVE........: C:\Setups\.work\wcfmovimento\Release\bin\Xml\Movimento\NFe\Schemas\leiauteEventoEConf_v1.00.xsd
2026-09-10 12:14:59 | INFO    | PipelineLogger.write | CLEANUP PRESERVE........: C:\Setups\.work\wcfmovimento\Release\bin\Xml\Movimento\NFe\Schemas\leiauteEventoEntregaNFe_v1.00.xsd
2026-09-10 12:14:59 | INFO    | PipelineLogger.write | CLEANUP PRESERVE........: C:\Setups\.work\wcfmovimento\Release\bin\Xml\Movimento\NFe\Schemas\leiauteEventoInsucessoNFe_v1.00.xsd
2026-09-10 12:14:59 | INFO    | PipelineLogger.write | CLEANUP PRESERVE........: C:\Setups\.work\wcfmovimento\Release\bin\Xml\Movimento\NFe\Schemas\leiauteEvento_v1.00.xsd
2026-09-10 12:14:59 | INFO    | PipelineLogger.write | CLEANUP PRESERVE........: C:\Setups\.work\wcfmovimento\Release\bin\Xml\Movimento\NFe\Schemas\leiauteInutNFe_v2.00.xsd
2026-09-10 12:14:59 | INFO    | PipelineLogger.write | CLEANUP PRESERVE........: C:\Setups\.work\wcfmovimento\Release\bin\Xml\Movimento\NFe\Schemas\leiauteInutNFe_v3.10.xsd
2026-09-10 12:14:59 | INFO    | PipelineLogger.write | CLEANUP PRESERVE........: C:\Setups\.work\wcfmovimento\Release\bin\Xml\Movimento\NFe\Schemas\leiauteInutNFe_v4.00.xsd
2026-09-10 12:14:59 | INFO    | PipelineLogger.write | CLEANUP PRESERVE........: C:\Setups\.work\wcfmovimento\Release\bin\Xml\Movimento\NFe\Schemas\leiauteLivroCombustivel_v1.00.xsd
2026-09-10 12:14:59 | INFO    | PipelineLogger.write | CLEANUP PRESERVE........: C:\Setups\.work\wcfmovimento\Release\bin\Xml\Movimento\NFe\Schemas\leiauteLMCAutorizacaoRetorno_v1.00.xsd
2026-09-10 12:14:59 | INFO    | PipelineLogger.write | CLEANUP PRESERVE........: C:\Setups\.work\wcfmovimento\Release\bin\Xml\Movimento\NFe\Schemas\leiauteLMCAutorizacao_v1.00.xsd
2026-09-10 12:15:00 | INFO    | PipelineLogger.write | CLEANUP PRESERVE........: C:\Setups\.work\wcfmovimento\Release\bin\Xml\Movimento\NFe\Schemas\leiauteLMCStatusServico_v1.00.xsd
2026-09-10 12:15:00 | INFO    | PipelineLogger.write | CLEANUP PRESERVE........: C:\Setups\.work\wcfmovimento\Release\bin\Xml\Movimento\NFe\Schemas\leiauteNFe_v2.00.xsd
2026-09-10 12:15:00 | INFO    | PipelineLogger.write | CLEANUP PRESERVE........: C:\Setups\.work\wcfmovimento\Release\bin\Xml\Movimento\NFe\Schemas\leiauteNFe_v3.10.xsd
2026-09-10 12:15:00 | INFO    | PipelineLogger.write | CLEANUP PRESERVE........: C:\Setups\.work\wcfmovimento\Release\bin\Xml\Movimento\NFe\Schemas\leiauteNFe_v4.00.xsd
2026-09-10 12:15:00 | INFO    | PipelineLogger.write | CLEANUP PRESERVE........: C:\Setups\.work\wcfmovimento\Release\bin\Xml\Movimento\NFe\Schemas\leiauteNFe_v4.00_Homologacao.xsd
2026-09-10 12:15:00 | INFO    | PipelineLogger.write | CLEANUP PRESERVE........: C:\Setups\.work\wcfmovimento\Release\bin\Xml\Movimento\NFe\Schemas\leiauteProtLivroCombustivel_v1.00.xsd
2026-09-10 12:15:00 | INFO    | PipelineLogger.write | CLEANUP PRESERVE........: C:\Setups\.work\wcfmovimento\Release\bin\Xml\Movimento\NFe\Schemas\leiauteRemIndus_v1.00.xsd
2026-09-10 12:15:00 | INFO    | PipelineLogger.write | CLEANUP PRESERVE........: C:\Setups\.work\wcfmovimento\Release\bin\Xml\Movimento\NFe\Schemas\leiauteSRE_v1.00.xsd
2026-09-10 12:15:00 | INFO    | PipelineLogger.write | CLEANUP PRESERVE........: C:\Setups\.work\wcfmovimento\Release\bin\Xml\Movimento\NFe\Schemas\leiauteSuframaInternaliza_v1.00.xsd
2026-09-10 12:15:01 | INFO    | PipelineLogger.write | CLEANUP PRESERVE........: C:\Setups\.work\wcfmovimento\Release\bin\Xml\Movimento\NFe\Schemas\leiauteSuframaVistoria_v1.00.xsd
2026-09-10 12:15:01 | INFO    | PipelineLogger.write | CLEANUP PRESERVE........: C:\Setups\.work\wcfmovimento\Release\bin\Xml\Movimento\NFe\Schemas\livroCombustivel_v1.00.xsd
2026-09-10 12:15:01 | INFO    | PipelineLogger.write | CLEANUP PRESERVE........: C:\Setups\.work\wcfmovimento\Release\bin\Xml\Movimento\NFe\Schemas\lmcComum_v1.00.xsd
2026-09-10 12:15:01 | INFO    | PipelineLogger.write | CLEANUP PRESERVE........: C:\Setups\.work\wcfmovimento\Release\bin\Xml\Movimento\NFe\Schemas\nfe_v2.00.xsd
2026-09-10 12:15:01 | INFO    | PipelineLogger.write | CLEANUP PRESERVE........: C:\Setups\.work\wcfmovimento\Release\bin\Xml\Movimento\NFe\Schemas\nfe_v3.10.xsd
2026-09-10 12:15:01 | INFO    | PipelineLogger.write | CLEANUP PRESERVE........: C:\Setups\.work\wcfmovimento\Release\bin\Xml\Movimento\NFe\Schemas\nfe_v4.00.xsd
2026-09-10 12:15:01 | INFO    | PipelineLogger.write | CLEANUP PRESERVE........: C:\Setups\.work\wcfmovimento\Release\bin\Xml\Movimento\NFe\Schemas\procAverbNFe_v1.00.xsd
2026-09-10 12:15:01 | INFO    | PipelineLogger.write | CLEANUP PRESERVE........: C:\Setups\.work\wcfmovimento\Release\bin\Xml\Movimento\NFe\Schemas\procCancNFe_v2.00.xsd
2026-09-10 12:15:01 | INFO    | PipelineLogger.write | CLEANUP PRESERVE........: C:\Setups\.work\wcfmovimento\Release\bin\Xml\Movimento\NFe\Schemas\procCCeNFe_v1.00.xsd
2026-09-10 12:15:01 | INFO    | PipelineLogger.write | CLEANUP PRESERVE........: C:\Setups\.work\wcfmovimento\Release\bin\Xml\Movimento\NFe\Schemas\procComprovanteEntregaNFe_v1.00.xsd
2026-09-10 12:15:01 | INFO    | PipelineLogger.write | CLEANUP PRESERVE........: C:\Setups\.work\wcfmovimento\Release\bin\Xml\Movimento\NFe\Schemas\procConfRecebtoNFe_v1.00.xsd
2026-09-10 12:15:01 | INFO    | PipelineLogger.write | CLEANUP PRESERVE........: C:\Setups\.work\wcfmovimento\Release\bin\Xml\Movimento\NFe\Schemas\procEPEC_v1.00.xsd
2026-09-10 12:15:01 | INFO    | PipelineLogger.write | CLEANUP PRESERVE........: C:\Setups\.work\wcfmovimento\Release\bin\Xml\Movimento\NFe\Schemas\procEventoAtorInteressado_v1.00.xsd
2026-09-10 12:15:01 | INFO    | PipelineLogger.write | CLEANUP PRESERVE........: C:\Setups\.work\wcfmovimento\Release\bin\Xml\Movimento\NFe\Schemas\procEventoCancEConf_v1.00.xsd
2026-09-10 12:15:01 | INFO    | PipelineLogger.write | CLEANUP PRESERVE........: C:\Setups\.work\wcfmovimento\Release\bin\Xml\Movimento\NFe\Schemas\procEventoCancEntregaNFe_v1.00.xsd
2026-09-10 12:15:01 | INFO    | PipelineLogger.write | CLEANUP PRESERVE........: C:\Setups\.work\wcfmovimento\Release\bin\Xml\Movimento\NFe\Schemas\procEventoCancInsucessoNFe_v1.00.xsd
2026-09-10 12:15:01 | INFO    | PipelineLogger.write | CLEANUP PRESERVE........: C:\Setups\.work\wcfmovimento\Release\bin\Xml\Movimento\NFe\Schemas\procEventoCancNFe_v1.00.xsd
2026-09-10 12:15:01 | INFO    | PipelineLogger.write | CLEANUP PRESERVE........: C:\Setups\.work\wcfmovimento\Release\bin\Xml\Movimento\NFe\Schemas\procEventoCancSubst_v1.00.xsd
2026-09-10 12:15:02 | INFO    | PipelineLogger.write | CLEANUP PRESERVE........: C:\Setups\.work\wcfmovimento\Release\bin\Xml\Movimento\NFe\Schemas\procEventoEConf_v1.00.xsd
2026-09-10 12:15:02 | INFO    | PipelineLogger.write | CLEANUP PRESERVE........: C:\Setups\.work\wcfmovimento\Release\bin\Xml\Movimento\NFe\Schemas\procEventoEntregaNFe_v1.00.xsd
2026-09-10 12:15:02 | INFO    | PipelineLogger.write | CLEANUP PRESERVE........: C:\Setups\.work\wcfmovimento\Release\bin\Xml\Movimento\NFe\Schemas\procEventoInsucessoNFe_v1.00.xsd
2026-09-10 12:15:02 | INFO    | PipelineLogger.write | CLEANUP PRESERVE........: C:\Setups\.work\wcfmovimento\Release\bin\Xml\Movimento\NFe\Schemas\procEventoNFe_v1.00.xsd
2026-09-10 12:15:02 | INFO    | PipelineLogger.write | CLEANUP PRESERVE........: C:\Setups\.work\wcfmovimento\Release\bin\Xml\Movimento\NFe\Schemas\procEventoNFe_v99.99.xsd
2026-09-10 12:15:02 | INFO    | PipelineLogger.write | CLEANUP PRESERVE........: C:\Setups\.work\wcfmovimento\Release\bin\Xml\Movimento\NFe\Schemas\procInutNFe_v2.00.xsd
2026-09-10 12:15:02 | INFO    | PipelineLogger.write | CLEANUP PRESERVE........: C:\Setups\.work\wcfmovimento\Release\bin\Xml\Movimento\NFe\Schemas\procInutNFe_v3.10.xsd
2026-09-10 12:15:02 | INFO    | PipelineLogger.write | CLEANUP PRESERVE........: C:\Setups\.work\wcfmovimento\Release\bin\Xml\Movimento\NFe\Schemas\procInutNFe_v4.00.xsd
2026-09-10 12:15:02 | INFO    | PipelineLogger.write | CLEANUP PRESERVE........: C:\Setups\.work\wcfmovimento\Release\bin\Xml\Movimento\NFe\Schemas\procNFe_v2.00.xsd
2026-09-10 12:15:02 | INFO    | PipelineLogger.write | CLEANUP PRESERVE........: C:\Setups\.work\wcfmovimento\Release\bin\Xml\Movimento\NFe\Schemas\procNFe_v3.10.xsd
2026-09-10 12:15:02 | INFO    | PipelineLogger.write | CLEANUP PRESERVE........: C:\Setups\.work\wcfmovimento\Release\bin\Xml\Movimento\NFe\Schemas\procNFe_v4.00.xsd
2026-09-10 12:15:02 | INFO    | PipelineLogger.write | CLEANUP PRESERVE........: C:\Setups\.work\wcfmovimento\Release\bin\Xml\Movimento\NFe\Schemas\procRemIndus_v1.00.xsd
2026-09-10 12:15:02 | INFO    | PipelineLogger.write | CLEANUP PRESERVE........: C:\Setups\.work\wcfmovimento\Release\bin\Xml\Movimento\NFe\Schemas\prod_leiauteNFe_v4.00.xsd
2026-09-10 12:15:02 | INFO    | PipelineLogger.write | CLEANUP PRESERVE........: C:\Setups\.work\wcfmovimento\Release\bin\Xml\Movimento\NFe\Schemas\resEvento_v1.00.xsd
2026-09-10 12:15:02 | INFO    | PipelineLogger.write | CLEANUP PRESERVE........: C:\Setups\.work\wcfmovimento\Release\bin\Xml\Movimento\NFe\Schemas\resEvento_v1.01.xsd
2026-09-10 12:15:02 | INFO    | PipelineLogger.write | CLEANUP PRESERVE........: C:\Setups\.work\wcfmovimento\Release\bin\Xml\Movimento\NFe\Schemas\resNFe_v1.00.xsd
2026-09-10 12:15:02 | INFO    | PipelineLogger.write | CLEANUP PRESERVE........: C:\Setups\.work\wcfmovimento\Release\bin\Xml\Movimento\NFe\Schemas\resNFe_v1.01.xsd
2026-09-10 12:15:02 | INFO    | PipelineLogger.write | CLEANUP PRESERVE........: C:\Setups\.work\wcfmovimento\Release\bin\Xml\Movimento\NFe\Schemas\retAtuCadEmiDFe_v1.01.xsd
2026-09-10 12:15:02 | INFO    | PipelineLogger.write | CLEANUP PRESERVE........: C:\Setups\.work\wcfmovimento\Release\bin\Xml\Movimento\NFe\Schemas\retCancNFe_v2.00.xsd
2026-09-10 12:15:02 | INFO    | PipelineLogger.write | CLEANUP PRESERVE........: C:\Setups\.work\wcfmovimento\Release\bin\Xml\Movimento\NFe\Schemas\retComprovanteEntregaNFe_v1.00.xsd
2026-09-10 12:15:03 | INFO    | PipelineLogger.write | CLEANUP PRESERVE........: C:\Setups\.work\wcfmovimento\Release\bin\Xml\Movimento\NFe\Schemas\retConsCad_v2.00.xsd
2026-09-10 12:15:04 | INFO    | PipelineLogger.write | CLEANUP PRESERVE........: C:\Setups\.work\wcfmovimento\Release\bin\Xml\Movimento\NFe\Schemas\retConsDPEC_v1.01.xsd
2026-09-10 12:15:04 | INFO    | PipelineLogger.write | CLEANUP PRESERVE........: C:\Setups\.work\wcfmovimento\Release\bin\Xml\Movimento\NFe\Schemas\retConsGTIN_v1.00.xsd
2026-09-10 12:15:04 | INFO    | PipelineLogger.write | CLEANUP PRESERVE........: C:\Setups\.work\wcfmovimento\Release\bin\Xml\Movimento\NFe\Schemas\retconsNFeDest_v1.01.xsd
2026-09-10 12:15:05 | INFO    | PipelineLogger.write | CLEANUP PRESERVE........: C:\Setups\.work\wcfmovimento\Release\bin\Xml\Movimento\NFe\Schemas\retConsReciNFe_v2.00.xsd
2026-09-10 12:15:05 | INFO    | PipelineLogger.write | CLEANUP PRESERVE........: C:\Setups\.work\wcfmovimento\Release\bin\Xml\Movimento\NFe\Schemas\retConsReciNFe_v3.10.xsd
2026-09-10 12:15:06 | INFO    | PipelineLogger.write | CLEANUP PRESERVE........: C:\Setups\.work\wcfmovimento\Release\bin\Xml\Movimento\NFe\Schemas\retConsReciNFe_v4.00.xsd
2026-09-10 12:15:06 | INFO    | PipelineLogger.write | CLEANUP PRESERVE........: C:\Setups\.work\wcfmovimento\Release\bin\Xml\Movimento\NFe\Schemas\retConsSitNFe_v2.01.xsd
2026-09-10 12:15:07 | INFO    | PipelineLogger.write | CLEANUP PRESERVE........: C:\Setups\.work\wcfmovimento\Release\bin\Xml\Movimento\NFe\Schemas\retConsSitNFe_v3.10.xsd
2026-09-10 12:15:07 | INFO    | PipelineLogger.write | CLEANUP PRESERVE........: C:\Setups\.work\wcfmovimento\Release\bin\Xml\Movimento\NFe\Schemas\retConsSitNFe_v4.00.xsd
2026-09-10 12:15:08 | INFO    | PipelineLogger.write | CLEANUP PRESERVE........: C:\Setups\.work\wcfmovimento\Release\bin\Xml\Movimento\NFe\Schemas\retConsStatServ_v2.00.xsd
2026-09-10 12:15:08 | INFO    | PipelineLogger.write | CLEANUP PRESERVE........: C:\Setups\.work\wcfmovimento\Release\bin\Xml\Movimento\NFe\Schemas\retConsStatServ_v3.10.xsd
2026-09-10 12:15:09 | INFO    | PipelineLogger.write | CLEANUP PRESERVE........: C:\Setups\.work\wcfmovimento\Release\bin\Xml\Movimento\NFe\Schemas\retConsStatServ_v4.00.xsd
2026-09-10 12:15:09 | INFO    | PipelineLogger.write | CLEANUP PRESERVE........: C:\Setups\.work\wcfmovimento\Release\bin\Xml\Movimento\NFe\Schemas\retDistDFeInt_v1.00.xsd
2026-09-10 12:15:09 | INFO    | PipelineLogger.write | CLEANUP PRESERVE........: C:\Setups\.work\wcfmovimento\Release\bin\Xml\Movimento\NFe\Schemas\retDistDFeInt_v1.01.xsd
2026-09-10 12:15:10 | INFO    | PipelineLogger.write | CLEANUP PRESERVE........: C:\Setups\.work\wcfmovimento\Release\bin\Xml\Movimento\NFe\Schemas\retDownloadNFe_v1.00.xsd
2026-09-10 12:15:10 | INFO    | PipelineLogger.write | CLEANUP PRESERVE........: C:\Setups\.work\wcfmovimento\Release\bin\Xml\Movimento\NFe\Schemas\retDPEC_v1.01.xsd
2026-09-10 12:15:10 | INFO    | PipelineLogger.write | CLEANUP PRESERVE........: C:\Setups\.work\wcfmovimento\Release\bin\Xml\Movimento\NFe\Schemas\retEnvAverb_v1.00.xsd
2026-09-10 12:15:11 | INFO    | PipelineLogger.write | CLEANUP PRESERVE........: C:\Setups\.work\wcfmovimento\Release\bin\Xml\Movimento\NFe\Schemas\retEnvCancelPProrrogNFe_v1.0.xsd
2026-09-10 12:15:11 | INFO    | PipelineLogger.write | CLEANUP PRESERVE........: C:\Setups\.work\wcfmovimento\Release\bin\Xml\Movimento\NFe\Schemas\retEnvCCe_v1.00.xsd
2026-09-10 12:15:12 | INFO    | PipelineLogger.write | CLEANUP PRESERVE........: C:\Setups\.work\wcfmovimento\Release\bin\Xml\Movimento\NFe\Schemas\retEnvConfRecebto_v1.00.xsd
2026-09-10 12:15:12 | INFO    | PipelineLogger.write | CLEANUP PRESERVE........: C:\Setups\.work\wcfmovimento\Release\bin\Xml\Movimento\NFe\Schemas\retEnvEPEC_v1.00.xsd
2026-09-10 12:15:14 | INFO    | PipelineLogger.write | CLEANUP PRESERVE........: C:\Setups\.work\wcfmovimento\Release\bin\Xml\Movimento\NFe\Schemas\retEnvEventoAtorInteressado_v1.00.xsd
2026-09-10 12:15:14 | INFO    | PipelineLogger.write | CLEANUP PRESERVE........: C:\Setups\.work\wcfmovimento\Release\bin\Xml\Movimento\NFe\Schemas\retEnvEventoCancNFe_v1.00.xsd
2026-09-10 12:15:14 | INFO    | PipelineLogger.write | CLEANUP PRESERVE........: C:\Setups\.work\wcfmovimento\Release\bin\Xml\Movimento\NFe\Schemas\retEnvEventoCancSubst_v1.00.xsd
2026-09-10 12:15:15 | INFO    | PipelineLogger.write | CLEANUP PRESERVE........: C:\Setups\.work\wcfmovimento\Release\bin\Xml\Movimento\NFe\Schemas\retEnvEvento_v1.00.xsd
2026-09-10 12:15:15 | INFO    | PipelineLogger.write | CLEANUP PRESERVE........: C:\Setups\.work\wcfmovimento\Release\bin\Xml\Movimento\NFe\Schemas\retEnvFiscoNFe_v1.0.xsd
2026-09-10 12:15:16 | INFO    | PipelineLogger.write | CLEANUP PRESERVE........: C:\Setups\.work\wcfmovimento\Release\bin\Xml\Movimento\NFe\Schemas\retEnviNFe_v2.00.xsd
2026-09-10 12:15:16 | INFO    | PipelineLogger.write | CLEANUP PRESERVE........: C:\Setups\.work\wcfmovimento\Release\bin\Xml\Movimento\NFe\Schemas\retEnviNFe_v3.10.xsd
2026-09-10 12:15:16 | INFO    | PipelineLogger.write | CLEANUP PRESERVE........: C:\Setups\.work\wcfmovimento\Release\bin\Xml\Movimento\NFe\Schemas\retEnviNFe_v4.00.xsd
2026-09-10 12:15:16 | INFO    | PipelineLogger.write | CLEANUP PRESERVE........: C:\Setups\.work\wcfmovimento\Release\bin\Xml\Movimento\NFe\Schemas\retEnvRemIndus_v1.00.xsd
2026-09-10 12:15:16 | INFO    | PipelineLogger.write | CLEANUP PRESERVE........: C:\Setups\.work\wcfmovimento\Release\bin\Xml\Movimento\NFe\Schemas\retEnvSuframaInternaliza_v1.00.xsd
2026-09-10 12:15:16 | INFO    | PipelineLogger.write | CLEANUP PRESERVE........: C:\Setups\.work\wcfmovimento\Release\bin\Xml\Movimento\NFe\Schemas\retEnvSuframaVistoria_v1.00.xsd
2026-09-10 12:15:16 | INFO    | PipelineLogger.write | CLEANUP PRESERVE........: C:\Setups\.work\wcfmovimento\Release\bin\Xml\Movimento\NFe\Schemas\retEventoCancEConf_v1.00.xsd
2026-09-10 12:15:16 | INFO    | PipelineLogger.write | CLEANUP PRESERVE........: C:\Setups\.work\wcfmovimento\Release\bin\Xml\Movimento\NFe\Schemas\retEventoCancEntregaNFe_v1.00.xsd
2026-09-10 12:15:17 | INFO    | PipelineLogger.write | CLEANUP PRESERVE........: C:\Setups\.work\wcfmovimento\Release\bin\Xml\Movimento\NFe\Schemas\retEventoCancInsucessoNFe_v1.00.xsd
2026-09-10 12:15:17 | INFO    | PipelineLogger.write | CLEANUP PRESERVE........: C:\Setups\.work\wcfmovimento\Release\bin\Xml\Movimento\NFe\Schemas\retEventoEConf_v1.00.xsd
2026-09-10 12:15:17 | INFO    | PipelineLogger.write | CLEANUP PRESERVE........: C:\Setups\.work\wcfmovimento\Release\bin\Xml\Movimento\NFe\Schemas\retEventoEntregaNFe_v1.00.xsd
2026-09-10 12:15:17 | INFO    | PipelineLogger.write | CLEANUP PRESERVE........: C:\Setups\.work\wcfmovimento\Release\bin\Xml\Movimento\NFe\Schemas\retEventoEPEC_v0.01.xsd
2026-09-10 12:15:17 | INFO    | PipelineLogger.write | CLEANUP PRESERVE........: C:\Setups\.work\wcfmovimento\Release\bin\Xml\Movimento\NFe\Schemas\retEventoInsucessoNFe_v1.00.xsd
2026-09-10 12:15:17 | INFO    | PipelineLogger.write | CLEANUP PRESERVE........: C:\Setups\.work\wcfmovimento\Release\bin\Xml\Movimento\NFe\Schemas\retInutNFe_v2.00.xsd
2026-09-10 12:15:17 | INFO    | PipelineLogger.write | CLEANUP PRESERVE........: C:\Setups\.work\wcfmovimento\Release\bin\Xml\Movimento\NFe\Schemas\retInutNFe_v3.10.xsd
2026-09-10 12:15:17 | INFO    | PipelineLogger.write | CLEANUP PRESERVE........: C:\Setups\.work\wcfmovimento\Release\bin\Xml\Movimento\NFe\Schemas\retInutNFe_v4.00.xsd
2026-09-10 12:15:17 | INFO    | PipelineLogger.write | CLEANUP PRESERVE........: C:\Setups\.work\wcfmovimento\Release\bin\Xml\Movimento\NFe\Schemas\retPProrrogNFe_v1.0.xsd
2026-09-10 12:15:17 | INFO    | PipelineLogger.write | CLEANUP PRESERVE........: C:\Setups\.work\wcfmovimento\Release\bin\Xml\Movimento\NFe\Schemas\statusServico_v1.00.xsd
2026-09-10 12:15:17 | INFO    | PipelineLogger.write | CLEANUP PRESERVE........: C:\Setups\.work\wcfmovimento\Release\bin\Xml\Movimento\NFe\Schemas\SuframaInternaliza_v1.00.xsd
2026-09-10 12:15:17 | INFO    | PipelineLogger.write | CLEANUP PRESERVE........: C:\Setups\.work\wcfmovimento\Release\bin\Xml\Movimento\NFe\Schemas\SuframaVistoria_v1.00.xsd
2026-09-10 12:15:17 | INFO    | PipelineLogger.write | CLEANUP PRESERVE........: C:\Setups\.work\wcfmovimento\Release\bin\Xml\Movimento\NFe\Schemas\tiposBasicosCcgConsGTIN_v1.00.xsd
2026-09-10 12:15:17 | INFO    | PipelineLogger.write | CLEANUP PRESERVE........: C:\Setups\.work\wcfmovimento\Release\bin\Xml\Movimento\NFe\Schemas\tiposBasico_v1.00.xsd
2026-09-10 12:15:17 | INFO    | PipelineLogger.write | CLEANUP PRESERVE........: C:\Setups\.work\wcfmovimento\Release\bin\Xml\Movimento\NFe\Schemas\tiposBasico_v1.03.xsd
2026-09-10 12:15:17 | INFO    | PipelineLogger.write | CLEANUP PRESERVE........: C:\Setups\.work\wcfmovimento\Release\bin\Xml\Movimento\NFe\Schemas\tiposBasico_v1.03_OPENSSL.xsd
2026-09-10 12:15:17 | INFO    | PipelineLogger.write | CLEANUP PRESERVE........: C:\Setups\.work\wcfmovimento\Release\bin\Xml\Movimento\NFe\Schemas\tiposBasico_v3.10.xsd
2026-09-10 12:15:17 | INFO    | PipelineLogger.write | CLEANUP PRESERVE........: C:\Setups\.work\wcfmovimento\Release\bin\Xml\Movimento\NFe\Schemas\tiposBasico_v3.10_OPENSSL.xsd
2026-09-10 12:15:17 | INFO    | PipelineLogger.write | CLEANUP PRESERVE........: C:\Setups\.work\wcfmovimento\Release\bin\Xml\Movimento\NFe\Schemas\tiposBasico_v4.00.xsd
2026-09-10 12:15:18 | INFO    | PipelineLogger.write | CLEANUP PRESERVE........: C:\Setups\.work\wcfmovimento\Release\bin\Xml\Movimento\NFe\Schemas\tiposDistDFe_v1.00.xsd
2026-09-10 12:15:18 | INFO    | PipelineLogger.write | CLEANUP PRESERVE........: C:\Setups\.work\wcfmovimento\Release\bin\Xml\Movimento\NFe\Schemas\tiposDistDFe_v1.01.xsd
2026-09-10 12:15:18 | INFO    | PipelineLogger.write | CLEANUP PRESERVE........: C:\Setups\.work\wcfmovimento\Release\bin\Xml\Movimento\NFe\Schemas\xmldsig-core-schema_v1.01.xsd
2026-09-10 12:15:18 | INFO    | PipelineLogger.write | CLEANUP PRESERVE........: C:\Setups\.work\wcfmovimento\Release\bin\Xml\Movimento\Cte\Schemas\2.00\cancCTeTiposBasico_v2.00.xsd
2026-09-10 12:15:18 | INFO    | PipelineLogger.write | CLEANUP PRESERVE........: C:\Setups\.work\wcfmovimento\Release\bin\Xml\Movimento\Cte\Schemas\2.00\consReciCTeTiposBasico_v2.00.xsd
2026-09-10 12:15:18 | INFO    | PipelineLogger.write | CLEANUP PRESERVE........: C:\Setups\.work\wcfmovimento\Release\bin\Xml\Movimento\Cte\Schemas\2.00\consReciCTe_v2.00.xsd
2026-09-10 12:15:18 | INFO    | PipelineLogger.write | CLEANUP PRESERVE........: C:\Setups\.work\wcfmovimento\Release\bin\Xml\Movimento\Cte\Schemas\2.00\consSitCTeTiposBasico_v2.00.xsd
2026-09-10 12:15:18 | INFO    | PipelineLogger.write | CLEANUP PRESERVE........: C:\Setups\.work\wcfmovimento\Release\bin\Xml\Movimento\Cte\Schemas\2.00\consSitCTe_v2.00.xsd
2026-09-10 12:15:18 | INFO    | PipelineLogger.write | CLEANUP PRESERVE........: C:\Setups\.work\wcfmovimento\Release\bin\Xml\Movimento\Cte\Schemas\2.00\consStatServCTe_v2.00.xsd
2026-09-10 12:15:18 | INFO    | PipelineLogger.write | CLEANUP PRESERVE........: C:\Setups\.work\wcfmovimento\Release\bin\Xml\Movimento\Cte\Schemas\2.00\consStatServTiposBasico_v2.00.xsd
2026-09-10 12:15:18 | INFO    | PipelineLogger.write | CLEANUP PRESERVE........: C:\Setups\.work\wcfmovimento\Release\bin\Xml\Movimento\Cte\Schemas\2.00\cteModalAereo_v2.00.xsd
2026-09-10 12:15:18 | INFO    | PipelineLogger.write | CLEANUP PRESERVE........: C:\Setups\.work\wcfmovimento\Release\bin\Xml\Movimento\Cte\Schemas\2.00\cteModalAquaviario_v2.00.xsd
2026-09-10 12:15:18 | INFO    | PipelineLogger.write | CLEANUP PRESERVE........: C:\Setups\.work\wcfmovimento\Release\bin\Xml\Movimento\Cte\Schemas\2.00\cteModalDutoviario_v2.00.xsd
2026-09-10 12:15:18 | INFO    | PipelineLogger.write | CLEANUP PRESERVE........: C:\Setups\.work\wcfmovimento\Release\bin\Xml\Movimento\Cte\Schemas\2.00\cteModalFerroviario_v2.00.xsd
2026-09-10 12:15:18 | INFO    | PipelineLogger.write | CLEANUP PRESERVE........: C:\Setups\.work\wcfmovimento\Release\bin\Xml\Movimento\Cte\Schemas\2.00\cteModalRodoviario_v2.00.xsd
2026-09-10 12:15:18 | INFO    | PipelineLogger.write | CLEANUP PRESERVE........: C:\Setups\.work\wcfmovimento\Release\bin\Xml\Movimento\Cte\Schemas\2.00\cteMultiModal_v2.00.xsd
2026-09-10 12:15:18 | INFO    | PipelineLogger.write | CLEANUP PRESERVE........: C:\Setups\.work\wcfmovimento\Release\bin\Xml\Movimento\Cte\Schemas\2.00\cteTiposBasico_v2.00.xsd
2026-09-10 12:15:18 | INFO    | PipelineLogger.write | CLEANUP PRESERVE........: C:\Setups\.work\wcfmovimento\Release\bin\Xml\Movimento\Cte\Schemas\2.00\cte_v2.00.xsd
2026-09-10 12:15:18 | INFO    | PipelineLogger.write | CLEANUP PRESERVE........: C:\Setups\.work\wcfmovimento\Release\bin\Xml\Movimento\Cte\Schemas\2.00\enviCTe_v2.00.xsd
2026-09-10 12:15:18 | INFO    | PipelineLogger.write | CLEANUP PRESERVE........: C:\Setups\.work\wcfmovimento\Release\bin\Xml\Movimento\Cte\Schemas\2.00\evCancCTe_v2.00.xsd
2026-09-10 12:15:19 | INFO    | PipelineLogger.write | CLEANUP PRESERVE........: C:\Setups\.work\wcfmovimento\Release\bin\Xml\Movimento\Cte\Schemas\2.00\evCCeCTe_v2.00.xsd
2026-09-10 12:15:19 | INFO    | PipelineLogger.write | CLEANUP PRESERVE........: C:\Setups\.work\wcfmovimento\Release\bin\Xml\Movimento\Cte\Schemas\2.00\eventoCTeTiposBasico_v2.00.xsd
2026-09-10 12:15:19 | INFO    | PipelineLogger.write | CLEANUP PRESERVE........: C:\Setups\.work\wcfmovimento\Release\bin\Xml\Movimento\Cte\Schemas\2.00\eventoCTe_v2.00.xsd
2026-09-10 12:15:19 | INFO    | PipelineLogger.write | CLEANUP PRESERVE........: C:\Setups\.work\wcfmovimento\Release\bin\Xml\Movimento\Cte\Schemas\2.00\evEPECCTe_v2.00.xsd
2026-09-10 12:15:19 | INFO    | PipelineLogger.write | CLEANUP PRESERVE........: C:\Setups\.work\wcfmovimento\Release\bin\Xml\Movimento\Cte\Schemas\2.00\evRegMultimodal_v2.00.xsd
2026-09-10 12:15:20 | INFO    | PipelineLogger.write | CLEANUP PRESERVE........: C:\Setups\.work\wcfmovimento\Release\bin\Xml\Movimento\Cte\Schemas\2.00\inutCTeTiposBasico_v2.00.xsd
2026-09-10 12:15:20 | INFO    | PipelineLogger.write | CLEANUP PRESERVE........: C:\Setups\.work\wcfmovimento\Release\bin\Xml\Movimento\Cte\Schemas\2.00\inutCTe_v2.00.xsd
2026-09-10 12:15:21 | INFO    | PipelineLogger.write | CLEANUP PRESERVE........: C:\Setups\.work\wcfmovimento\Release\bin\Xml\Movimento\Cte\Schemas\2.00\procCTe_v2.00.xsd
2026-09-10 12:15:21 | INFO    | PipelineLogger.write | CLEANUP PRESERVE........: C:\Setups\.work\wcfmovimento\Release\bin\Xml\Movimento\Cte\Schemas\2.00\procEventoCTe_v2.00.xsd
2026-09-10 12:15:21 | INFO    | PipelineLogger.write | CLEANUP PRESERVE........: C:\Setups\.work\wcfmovimento\Release\bin\Xml\Movimento\Cte\Schemas\2.00\procInutCTe_v2.00.xsd
2026-09-10 12:15:22 | INFO    | PipelineLogger.write | CLEANUP PRESERVE........: C:\Setups\.work\wcfmovimento\Release\bin\Xml\Movimento\Cte\Schemas\2.00\retConsReciCTe_v2.00.xsd
2026-09-10 12:15:22 | INFO    | PipelineLogger.write | CLEANUP PRESERVE........: C:\Setups\.work\wcfmovimento\Release\bin\Xml\Movimento\Cte\Schemas\2.00\retConsSitCTe_v2.00.xsd
2026-09-10 12:15:23 | INFO    | PipelineLogger.write | CLEANUP PRESERVE........: C:\Setups\.work\wcfmovimento\Release\bin\Xml\Movimento\Cte\Schemas\2.00\retConsStatServCTe_v2.00.xsd
2026-09-10 12:15:23 | INFO    | PipelineLogger.write | CLEANUP PRESERVE........: C:\Setups\.work\wcfmovimento\Release\bin\Xml\Movimento\Cte\Schemas\2.00\retEnviCTe_v2.00.xsd
2026-09-10 12:15:23 | INFO    | PipelineLogger.write | CLEANUP PRESERVE........: C:\Setups\.work\wcfmovimento\Release\bin\Xml\Movimento\Cte\Schemas\2.00\retEventoCTe_v2.00.xsd
2026-09-10 12:15:24 | INFO    | PipelineLogger.write | CLEANUP PRESERVE........: C:\Setups\.work\wcfmovimento\Release\bin\Xml\Movimento\Cte\Schemas\2.00\retInutCTe_v2.00.xsd
2026-09-10 12:15:25 | INFO    | PipelineLogger.write | CLEANUP PRESERVE........: C:\Setups\.work\wcfmovimento\Release\bin\Xml\Movimento\Cte\Schemas\2.00\tiposGeralCTe_v2.00.xsd
2026-09-10 12:15:25 | INFO    | PipelineLogger.write | CLEANUP PRESERVE........: C:\Setups\.work\wcfmovimento\Release\bin\Xml\Movimento\Cte\Schemas\2.00\xmldsig-core-schema_v1.01.xsd
2026-09-10 12:15:25 | INFO    | PipelineLogger.write | CLEANUP PRESERVE........: C:\Setups\.work\wcfmovimento\Release\bin\Xml\Movimento\Cte\Schemas\3.00\consReciCTeTiposBasico_v3.00.xsd
2026-09-10 12:15:26 | INFO    | PipelineLogger.write | CLEANUP PRESERVE........: C:\Setups\.work\wcfmovimento\Release\bin\Xml\Movimento\Cte\Schemas\3.00\consReciCTe_v3.00.xsd
2026-09-10 12:15:26 | INFO    | PipelineLogger.write | CLEANUP PRESERVE........: C:\Setups\.work\wcfmovimento\Release\bin\Xml\Movimento\Cte\Schemas\3.00\consSitCTeTiposBasico_v3.00.xsd
2026-09-10 12:15:26 | INFO    | PipelineLogger.write | CLEANUP PRESERVE........: C:\Setups\.work\wcfmovimento\Release\bin\Xml\Movimento\Cte\Schemas\3.00\consSitCTe_v3.00.xsd
2026-09-10 12:15:26 | INFO    | PipelineLogger.write | CLEANUP PRESERVE........: C:\Setups\.work\wcfmovimento\Release\bin\Xml\Movimento\Cte\Schemas\3.00\consStatServCTe_v3.00.xsd
2026-09-10 12:15:26 | INFO    | PipelineLogger.write | CLEANUP PRESERVE........: C:\Setups\.work\wcfmovimento\Release\bin\Xml\Movimento\Cte\Schemas\3.00\consStatServTiposBasico_v3.00.xsd
2026-09-10 12:15:26 | INFO    | PipelineLogger.write | CLEANUP PRESERVE........: C:\Setups\.work\wcfmovimento\Release\bin\Xml\Movimento\Cte\Schemas\3.00\cteModalAereo_v3.00.xsd
2026-09-10 12:15:26 | INFO    | PipelineLogger.write | CLEANUP PRESERVE........: C:\Setups\.work\wcfmovimento\Release\bin\Xml\Movimento\Cte\Schemas\3.00\cteModalAquaviario_v3.00.xsd
2026-09-10 12:15:26 | INFO    | PipelineLogger.write | CLEANUP PRESERVE........: C:\Setups\.work\wcfmovimento\Release\bin\Xml\Movimento\Cte\Schemas\3.00\cteModalDutoviario_v3.00.xsd
2026-09-10 12:15:26 | INFO    | PipelineLogger.write | CLEANUP PRESERVE........: C:\Setups\.work\wcfmovimento\Release\bin\Xml\Movimento\Cte\Schemas\3.00\cteModalFerroviario_v3.00.xsd
2026-09-10 12:15:26 | INFO    | PipelineLogger.write | CLEANUP PRESERVE........: C:\Setups\.work\wcfmovimento\Release\bin\Xml\Movimento\Cte\Schemas\3.00\cteModalRodoviarioOS_v3.00.xsd
2026-09-10 12:15:27 | INFO    | PipelineLogger.write | CLEANUP PRESERVE........: C:\Setups\.work\wcfmovimento\Release\bin\Xml\Movimento\Cte\Schemas\3.00\cteModalRodoviario_v3.00.xsd
2026-09-10 12:15:27 | INFO    | PipelineLogger.write | CLEANUP PRESERVE........: C:\Setups\.work\wcfmovimento\Release\bin\Xml\Movimento\Cte\Schemas\3.00\cteMultiModal_v3.00.xsd
2026-09-10 12:15:27 | INFO    | PipelineLogger.write | CLEANUP PRESERVE........: C:\Setups\.work\wcfmovimento\Release\bin\Xml\Movimento\Cte\Schemas\3.00\cteOS_v3.00.xsd
2026-09-10 12:15:27 | INFO    | PipelineLogger.write | CLEANUP PRESERVE........: C:\Setups\.work\wcfmovimento\Release\bin\Xml\Movimento\Cte\Schemas\3.00\cteTiposBasico_v3.00.xsd
2026-09-10 12:15:27 | INFO    | PipelineLogger.write | CLEANUP PRESERVE........: C:\Setups\.work\wcfmovimento\Release\bin\Xml\Movimento\Cte\Schemas\3.00\cte_v3.00.xsd
2026-09-10 12:15:27 | INFO    | PipelineLogger.write | CLEANUP PRESERVE........: C:\Setups\.work\wcfmovimento\Release\bin\Xml\Movimento\Cte\Schemas\3.00\enviCTe_v3.00.xsd
2026-09-10 12:15:27 | INFO    | PipelineLogger.write | CLEANUP PRESERVE........: C:\Setups\.work\wcfmovimento\Release\bin\Xml\Movimento\Cte\Schemas\3.00\evCancCECTe_v3.00.xsd
2026-09-10 12:15:27 | INFO    | PipelineLogger.write | CLEANUP PRESERVE........: C:\Setups\.work\wcfmovimento\Release\bin\Xml\Movimento\Cte\Schemas\3.00\evCancCTe_v3.00.xsd
2026-09-10 12:15:27 | INFO    | PipelineLogger.write | CLEANUP PRESERVE........: C:\Setups\.work\wcfmovimento\Release\bin\Xml\Movimento\Cte\Schemas\3.00\evCCeCTe_v3.00.xsd
2026-09-10 12:15:27 | INFO    | PipelineLogger.write | CLEANUP PRESERVE........: C:\Setups\.work\wcfmovimento\Release\bin\Xml\Movimento\Cte\Schemas\3.00\evCECTe_v3.00.xsd
2026-09-10 12:15:27 | INFO    | PipelineLogger.write | CLEANUP PRESERVE........: C:\Setups\.work\wcfmovimento\Release\bin\Xml\Movimento\Cte\Schemas\3.00\eventoCTeTiposBasico_v3.00.xsd
2026-09-10 12:15:27 | INFO    | PipelineLogger.write | CLEANUP PRESERVE........: C:\Setups\.work\wcfmovimento\Release\bin\Xml\Movimento\Cte\Schemas\3.00\eventoCTe_v3.00.xsd
2026-09-10 12:15:27 | INFO    | PipelineLogger.write | CLEANUP PRESERVE........: C:\Setups\.work\wcfmovimento\Release\bin\Xml\Movimento\Cte\Schemas\3.00\evEPECCTe_v3.00.xsd
2026-09-10 12:15:27 | INFO    | PipelineLogger.write | CLEANUP PRESERVE........: C:\Setups\.work\wcfmovimento\Release\bin\Xml\Movimento\Cte\Schemas\3.00\evGTV_v3.00.xsd
2026-09-10 12:15:27 | INFO    | PipelineLogger.write | CLEANUP PRESERVE........: C:\Setups\.work\wcfmovimento\Release\bin\Xml\Movimento\Cte\Schemas\3.00\evPrestDesacordo_v3.00.xsd
2026-09-10 12:15:27 | INFO    | PipelineLogger.write | CLEANUP PRESERVE........: C:\Setups\.work\wcfmovimento\Release\bin\Xml\Movimento\Cte\Schemas\3.00\evRegMultimodal_v3.00.xsd
2026-09-10 12:15:27 | INFO    | PipelineLogger.write | CLEANUP PRESERVE........: C:\Setups\.work\wcfmovimento\Release\bin\Xml\Movimento\Cte\Schemas\3.00\GTVe_v3.00.xsd
2026-09-10 12:15:27 | INFO    | PipelineLogger.write | CLEANUP PRESERVE........: C:\Setups\.work\wcfmovimento\Release\bin\Xml\Movimento\Cte\Schemas\3.00\inutCTeTiposBasico_v3.00.xsd
2026-09-10 12:15:27 | INFO    | PipelineLogger.write | CLEANUP PRESERVE........: C:\Setups\.work\wcfmovimento\Release\bin\Xml\Movimento\Cte\Schemas\3.00\inutCTe_v3.00.xsd
2026-09-10 12:15:27 | INFO    | PipelineLogger.write | CLEANUP PRESERVE........: C:\Setups\.work\wcfmovimento\Release\bin\Xml\Movimento\Cte\Schemas\3.00\procCTeOS_v3.00.xsd
2026-09-10 12:15:27 | INFO    | PipelineLogger.write | CLEANUP PRESERVE........: C:\Setups\.work\wcfmovimento\Release\bin\Xml\Movimento\Cte\Schemas\3.00\procCTe_v3.00.xsd
2026-09-10 12:15:27 | INFO    | PipelineLogger.write | CLEANUP PRESERVE........: C:\Setups\.work\wcfmovimento\Release\bin\Xml\Movimento\Cte\Schemas\3.00\procEventoCTe_v3.00.xsd
2026-09-10 12:15:28 | INFO    | PipelineLogger.write | CLEANUP PRESERVE........: C:\Setups\.work\wcfmovimento\Release\bin\Xml\Movimento\Cte\Schemas\3.00\procGTVe_v3.00.xsd
2026-09-10 12:15:28 | INFO    | PipelineLogger.write | CLEANUP PRESERVE........: C:\Setups\.work\wcfmovimento\Release\bin\Xml\Movimento\Cte\Schemas\3.00\procInutCTe_v3.00.xsd
2026-09-10 12:15:28 | INFO    | PipelineLogger.write | CLEANUP PRESERVE........: C:\Setups\.work\wcfmovimento\Release\bin\Xml\Movimento\Cte\Schemas\3.00\retConsReciCTe_v3.00.xsd
2026-09-10 12:15:28 | INFO    | PipelineLogger.write | CLEANUP PRESERVE........: C:\Setups\.work\wcfmovimento\Release\bin\Xml\Movimento\Cte\Schemas\3.00\retConsSitCTe_v3.00.xsd
2026-09-10 12:15:28 | INFO    | PipelineLogger.write | CLEANUP PRESERVE........: C:\Setups\.work\wcfmovimento\Release\bin\Xml\Movimento\Cte\Schemas\3.00\retConsStatServCTe_v3.00.xsd
2026-09-10 12:15:28 | INFO    | PipelineLogger.write | CLEANUP PRESERVE........: C:\Setups\.work\wcfmovimento\Release\bin\Xml\Movimento\Cte\Schemas\3.00\retCTeOS_v3.00.xsd
2026-09-10 12:15:29 | INFO    | PipelineLogger.write | CLEANUP PRESERVE........: C:\Setups\.work\wcfmovimento\Release\bin\Xml\Movimento\Cte\Schemas\3.00\retCTe_v3.00.xsd
2026-09-10 12:15:29 | INFO    | PipelineLogger.write | CLEANUP PRESERVE........: C:\Setups\.work\wcfmovimento\Release\bin\Xml\Movimento\Cte\Schemas\3.00\retEnviCTe_v3.00.xsd
2026-09-10 12:15:30 | INFO    | PipelineLogger.write | CLEANUP PRESERVE........: C:\Setups\.work\wcfmovimento\Release\bin\Xml\Movimento\Cte\Schemas\3.00\retEventoCTe_v3.00.xsd
2026-09-10 12:15:30 | INFO    | PipelineLogger.write | CLEANUP PRESERVE........: C:\Setups\.work\wcfmovimento\Release\bin\Xml\Movimento\Cte\Schemas\3.00\retGTVe_v3.00.xsd
2026-09-10 12:15:31 | INFO    | PipelineLogger.write | CLEANUP PRESERVE........: C:\Setups\.work\wcfmovimento\Release\bin\Xml\Movimento\Cte\Schemas\3.00\retInutCTe_v3.00.xsd
2026-09-10 12:15:31 | INFO    | PipelineLogger.write | CLEANUP PRESERVE........: C:\Setups\.work\wcfmovimento\Release\bin\Xml\Movimento\Cte\Schemas\3.00\tiposGeralCTe_v3.00.xsd
2026-09-10 12:15:32 | INFO    | PipelineLogger.write | CLEANUP PRESERVE........: C:\Setups\.work\wcfmovimento\Release\bin\Xml\Movimento\Cte\Schemas\3.00\xmldsig-core-schema_v1.01.xsd
2026-09-10 12:15:32 | INFO    | PipelineLogger.write | CLEANUP PRESERVE........: C:\Setups\.work\wcfmovimento\Release\bin\Xml\Movimento\Cte\Schemas\4.00\consSitCTeTiposBasico_v4.00.xsd
2026-09-10 12:15:32 | INFO    | PipelineLogger.write | CLEANUP PRESERVE........: C:\Setups\.work\wcfmovimento\Release\bin\Xml\Movimento\Cte\Schemas\4.00\consSitCTe_v4.00.xsd
2026-09-10 12:15:32 | INFO    | PipelineLogger.write | CLEANUP PRESERVE........: C:\Setups\.work\wcfmovimento\Release\bin\Xml\Movimento\Cte\Schemas\4.00\consStatServCTe_v4.00.xsd
2026-09-10 12:15:32 | INFO    | PipelineLogger.write | CLEANUP PRESERVE........: C:\Setups\.work\wcfmovimento\Release\bin\Xml\Movimento\Cte\Schemas\4.00\consStatServTiposBasico_v4.00.xsd
2026-09-10 12:15:32 | INFO    | PipelineLogger.write | CLEANUP PRESERVE........: C:\Setups\.work\wcfmovimento\Release\bin\Xml\Movimento\Cte\Schemas\4.00\cteModalAereo_v4.00.xsd
2026-09-10 12:15:32 | INFO    | PipelineLogger.write | CLEANUP PRESERVE........: C:\Setups\.work\wcfmovimento\Release\bin\Xml\Movimento\Cte\Schemas\4.00\cteModalAquaviario_v4.00.xsd
2026-09-10 12:15:32 | INFO    | PipelineLogger.write | CLEANUP PRESERVE........: C:\Setups\.work\wcfmovimento\Release\bin\Xml\Movimento\Cte\Schemas\4.00\cteModalDutoviario_v4.00.xsd
2026-09-10 12:15:32 | INFO    | PipelineLogger.write | CLEANUP PRESERVE........: C:\Setups\.work\wcfmovimento\Release\bin\Xml\Movimento\Cte\Schemas\4.00\cteModalFerroviario_v4.00.xsd
2026-09-10 12:15:32 | INFO    | PipelineLogger.write | CLEANUP PRESERVE........: C:\Setups\.work\wcfmovimento\Release\bin\Xml\Movimento\Cte\Schemas\4.00\cteModalRodoviarioOS_v4.00.xsd
2026-09-10 12:15:32 | INFO    | PipelineLogger.write | CLEANUP PRESERVE........: C:\Setups\.work\wcfmovimento\Release\bin\Xml\Movimento\Cte\Schemas\4.00\cteModalRodoviario_v4.00.xsd
2026-09-10 12:15:32 | INFO    | PipelineLogger.write | CLEANUP PRESERVE........: C:\Setups\.work\wcfmovimento\Release\bin\Xml\Movimento\Cte\Schemas\4.00\cteMultiModal_v4.00.xsd
2026-09-10 12:15:32 | INFO    | PipelineLogger.write | CLEANUP PRESERVE........: C:\Setups\.work\wcfmovimento\Release\bin\Xml\Movimento\Cte\Schemas\4.00\cteOS_v4.00.xsd
2026-09-10 12:15:32 | INFO    | PipelineLogger.write | CLEANUP PRESERVE........: C:\Setups\.work\wcfmovimento\Release\bin\Xml\Movimento\Cte\Schemas\4.00\cteTiposBasico_v4.00.xsd
2026-09-10 12:15:33 | INFO    | PipelineLogger.write | CLEANUP PRESERVE........: C:\Setups\.work\wcfmovimento\Release\bin\Xml\Movimento\Cte\Schemas\4.00\cte_v4.00.xsd
2026-09-10 12:15:33 | INFO    | PipelineLogger.write | CLEANUP PRESERVE........: C:\Setups\.work\wcfmovimento\Release\bin\Xml\Movimento\Cte\Schemas\4.00\evCancCECTe_v4.00.xsd
2026-09-10 12:15:33 | INFO    | PipelineLogger.write | CLEANUP PRESERVE........: C:\Setups\.work\wcfmovimento\Release\bin\Xml\Movimento\Cte\Schemas\4.00\evCancCTe_v4.00.xsd
2026-09-10 12:15:33 | INFO    | PipelineLogger.write | CLEANUP PRESERVE........: C:\Setups\.work\wcfmovimento\Release\bin\Xml\Movimento\Cte\Schemas\4.00\evCancIECTe_v4.00.xsd
2026-09-10 12:15:33 | INFO    | PipelineLogger.write | CLEANUP PRESERVE........: C:\Setups\.work\wcfmovimento\Release\bin\Xml\Movimento\Cte\Schemas\4.00\evCancPrestDesacordo_v4.00.xsd
2026-09-10 12:15:33 | INFO    | PipelineLogger.write | CLEANUP PRESERVE........: C:\Setups\.work\wcfmovimento\Release\bin\Xml\Movimento\Cte\Schemas\4.00\evCCeCTe_v4.00.xsd
2026-09-10 12:15:33 | INFO    | PipelineLogger.write | CLEANUP PRESERVE........: C:\Setups\.work\wcfmovimento\Release\bin\Xml\Movimento\Cte\Schemas\4.00\evCECTe_v4.00.xsd
2026-09-10 12:15:33 | INFO    | PipelineLogger.write | CLEANUP PRESERVE........: C:\Setups\.work\wcfmovimento\Release\bin\Xml\Movimento\Cte\Schemas\4.00\eventoCTeTiposBasico_v4.00.xsd
2026-09-10 12:15:33 | INFO    | PipelineLogger.write | CLEANUP PRESERVE........: C:\Setups\.work\wcfmovimento\Release\bin\Xml\Movimento\Cte\Schemas\4.00\eventoCTe_v4.00.xsd
2026-09-10 12:15:33 | INFO    | PipelineLogger.write | CLEANUP PRESERVE........: C:\Setups\.work\wcfmovimento\Release\bin\Xml\Movimento\Cte\Schemas\4.00\evEPECCTe_v4.00.xsd
2026-09-10 12:15:33 | INFO    | PipelineLogger.write | CLEANUP PRESERVE........: C:\Setups\.work\wcfmovimento\Release\bin\Xml\Movimento\Cte\Schemas\4.00\evGTV_v4.00.xsd
2026-09-10 12:15:33 | INFO    | PipelineLogger.write | CLEANUP PRESERVE........: C:\Setups\.work\wcfmovimento\Release\bin\Xml\Movimento\Cte\Schemas\4.00\evIECTe_v4.00.xsd
2026-09-10 12:15:33 | INFO    | PipelineLogger.write | CLEANUP PRESERVE........: C:\Setups\.work\wcfmovimento\Release\bin\Xml\Movimento\Cte\Schemas\4.00\evPrestDesacordo_v4.00.xsd
2026-09-10 12:15:33 | INFO    | PipelineLogger.write | CLEANUP PRESERVE........: C:\Setups\.work\wcfmovimento\Release\bin\Xml\Movimento\Cte\Schemas\4.00\evRegMultimodal_v4.00.xsd
2026-09-10 12:15:33 | INFO    | PipelineLogger.write | CLEANUP PRESERVE........: C:\Setups\.work\wcfmovimento\Release\bin\Xml\Movimento\Cte\Schemas\4.00\GTVe_v4.00.xsd
2026-09-10 12:15:33 | INFO    | PipelineLogger.write | CLEANUP PRESERVE........: C:\Setups\.work\wcfmovimento\Release\bin\Xml\Movimento\Cte\Schemas\4.00\inutCTeTiposBasico_v4.00.xsd
2026-09-10 12:15:33 | INFO    | PipelineLogger.write | CLEANUP PRESERVE........: C:\Setups\.work\wcfmovimento\Release\bin\Xml\Movimento\Cte\Schemas\4.00\inutCTe_v4.00.xsd
2026-09-10 12:15:34 | INFO    | PipelineLogger.write | CLEANUP PRESERVE........: C:\Setups\.work\wcfmovimento\Release\bin\Xml\Movimento\Cte\Schemas\4.00\procCTeOS_v4.00.xsd
2026-09-10 12:15:34 | INFO    | PipelineLogger.write | CLEANUP PRESERVE........: C:\Setups\.work\wcfmovimento\Release\bin\Xml\Movimento\Cte\Schemas\4.00\procCTe_v4.00.xsd
2026-09-10 12:15:35 | INFO    | PipelineLogger.write | CLEANUP PRESERVE........: C:\Setups\.work\wcfmovimento\Release\bin\Xml\Movimento\Cte\Schemas\4.00\procEventoCTe_v4.00.xsd
2026-09-10 12:15:35 | INFO    | PipelineLogger.write | CLEANUP PRESERVE........: C:\Setups\.work\wcfmovimento\Release\bin\Xml\Movimento\Cte\Schemas\4.00\procGTVe_v4.00.xsd
2026-09-10 12:15:35 | INFO    | PipelineLogger.write | CLEANUP PRESERVE........: C:\Setups\.work\wcfmovimento\Release\bin\Xml\Movimento\Cte\Schemas\4.00\procInutCTe_v4.00.xsd
2026-09-10 12:15:36 | INFO    | PipelineLogger.write | CLEANUP PRESERVE........: C:\Setups\.work\wcfmovimento\Release\bin\Xml\Movimento\Cte\Schemas\4.00\retConsSitCTe_v4.00.xsd
2026-09-10 12:15:36 | INFO    | PipelineLogger.write | CLEANUP PRESERVE........: C:\Setups\.work\wcfmovimento\Release\bin\Xml\Movimento\Cte\Schemas\4.00\retConsStatServCTe_v4.00.xsd
2026-09-10 12:15:36 | INFO    | PipelineLogger.write | CLEANUP PRESERVE........: C:\Setups\.work\wcfmovimento\Release\bin\Xml\Movimento\Cte\Schemas\4.00\retCTeOS_v4.00.xsd
2026-09-10 12:15:36 | INFO    | PipelineLogger.write | CLEANUP PRESERVE........: C:\Setups\.work\wcfmovimento\Release\bin\Xml\Movimento\Cte\Schemas\4.00\retCTe_v4.00.xsd
2026-09-10 12:15:36 | INFO    | PipelineLogger.write | CLEANUP PRESERVE........: C:\Setups\.work\wcfmovimento\Release\bin\Xml\Movimento\Cte\Schemas\4.00\retEventoCTe_v4.00.xsd
2026-09-10 12:15:37 | INFO    | PipelineLogger.write | CLEANUP PRESERVE........: C:\Setups\.work\wcfmovimento\Release\bin\Xml\Movimento\Cte\Schemas\4.00\retGTVe_v4.00.xsd
2026-09-10 12:15:37 | INFO    | PipelineLogger.write | CLEANUP PRESERVE........: C:\Setups\.work\wcfmovimento\Release\bin\Xml\Movimento\Cte\Schemas\4.00\retInutCTe_v4.00.xsd
2026-09-10 12:15:37 | INFO    | PipelineLogger.write | CLEANUP PRESERVE........: C:\Setups\.work\wcfmovimento\Release\bin\Xml\Movimento\Cte\Schemas\4.00\tiposGeralCTe_v4.00.xsd
2026-09-10 12:15:37 | INFO    | PipelineLogger.write | CLEANUP PRESERVE........: C:\Setups\.work\wcfmovimento\Release\bin\Xml\Movimento\Cte\Schemas\4.00\xmldsig-core-schema_v1.01.xsd
2026-09-10 12:15:37 | INFO    | PipelineLogger.write | CLEANUP DIR REMOVE......: C:\Setups\.work\wcfmovimento\Release\bin\arm
2026-09-10 12:15:37 | INFO    | PipelineLogger.write | CLEANUP DIR REMOVE......: C:\Setups\.work\wcfmovimento\Release\bin\loongarch64
2026-09-10 12:15:37 | INFO    | PipelineLogger.write | CLEANUP DIR REMOVE......: C:\Setups\.work\wcfmovimento\Release\bin\musl-arm
2026-09-10 12:15:37 | INFO    | PipelineLogger.write | CLEANUP DIR REMOVE......: C:\Setups\.work\wcfmovimento\Release\bin\musl-arm64
2026-09-10 12:15:37 | INFO    | PipelineLogger.write | CLEANUP DIR REMOVE......: C:\Setups\.work\wcfmovimento\Release\bin\musl-loongarch64
2026-09-10 12:15:37 | INFO    | PipelineLogger.write | CLEANUP DIR REMOVE......: C:\Setups\.work\wcfmovimento\Release\bin\musl-riscv64
2026-09-10 12:15:37 | INFO    | PipelineLogger.write | CLEANUP DIR REMOVE......: C:\Setups\.work\wcfmovimento\Release\bin\musl-x64
2026-09-10 12:15:37 | INFO    | PipelineLogger.write | CLEANUP DIR REMOVE......: C:\Setups\.work\wcfmovimento\Release\bin\riscv64
2026-09-10 12:15:37 | INFO    | PipelineLogger.write | CLEANUP DIR PRESERVE....: C:\Setups\.work\wcfmovimento\Release\bin\Xml\Movimento\NFSe\Abaco\1.00
2026-09-10 12:15:37 | INFO    | PipelineLogger.write | CLEANUP DIR PRESERVE....: C:\Setups\.work\wcfmovimento\Release\bin\Xml\Movimento\NFSe\Abaco\1.01
2026-09-10 12:15:37 | INFO    | PipelineLogger.write | CLEANUP DIR PRESERVE....: C:\Setups\.work\wcfmovimento\Release\bin\Xml\Movimento\NFSe\Abaco\2.04
2026-09-10 12:15:37 | INFO    | PipelineLogger.write | CLEANUP DIR PRESERVE....: C:\Setups\.work\wcfmovimento\Release\bin\Xml\Movimento\NFSe\ABase\2.01
2026-09-10 12:15:38 | INFO    | PipelineLogger.write | CLEANUP DIR PRESERVE....: C:\Setups\.work\wcfmovimento\Release\bin\Xml\Movimento\NFSe\ABRASF\1.00
2026-09-10 12:15:38 | INFO    | PipelineLogger.write | CLEANUP DIR PRESERVE....: C:\Setups\.work\wcfmovimento\Release\bin\Xml\Movimento\NFSe\ABRASF\2.00
2026-09-10 12:15:39 | INFO    | PipelineLogger.write | CLEANUP DIR PRESERVE....: C:\Setups\.work\wcfmovimento\Release\bin\Xml\Movimento\NFSe\ABRASF\2.01
2026-09-10 12:15:40 | INFO    | PipelineLogger.write | CLEANUP DIR PRESERVE....: C:\Setups\.work\wcfmovimento\Release\bin\Xml\Movimento\NFSe\ABRASF\2.02
2026-09-10 12:15:40 | INFO    | PipelineLogger.write | CLEANUP DIR PRESERVE....: C:\Setups\.work\wcfmovimento\Release\bin\Xml\Movimento\NFSe\ABRASF\2.03
2026-09-10 12:15:40 | INFO    | PipelineLogger.write | CLEANUP DIR PRESERVE....: C:\Setups\.work\wcfmovimento\Release\bin\Xml\Movimento\NFSe\ABRASF\2.04
2026-09-10 12:15:40 | INFO    | PipelineLogger.write | CLEANUP DIR PRESERVE....: C:\Setups\.work\wcfmovimento\Release\bin\Xml\Movimento\NFSe\Betha\1.00
2026-09-10 12:15:40 | INFO    | PipelineLogger.write | CLEANUP DIR PRESERVE....: C:\Setups\.work\wcfmovimento\Release\bin\Xml\Movimento\NFSe\Betha\2.02
2026-09-10 12:15:40 | INFO    | PipelineLogger.write | CLEANUP DIR PRESERVE....: C:\Setups\.work\wcfmovimento\Release\bin\Xml\Movimento\NFSe\Citta\2.03
2026-09-10 12:15:40 | INFO    | PipelineLogger.write | CLEANUP DIR PRESERVE....: C:\Setups\.work\wcfmovimento\Release\bin\Xml\Movimento\NFSe\Conam\1.00
2026-09-10 12:15:40 | INFO    | PipelineLogger.write | CLEANUP DIR PRESERVE....: C:\Setups\.work\wcfmovimento\Release\bin\Xml\Movimento\NFSe\Coplan\2.01
2026-09-10 12:15:40 | INFO    | PipelineLogger.write | CLEANUP DIR PRESERVE....: C:\Setups\.work\wcfmovimento\Release\bin\Xml\Movimento\NFSe\DBSeller\1.00
2026-09-10 12:15:40 | INFO    | PipelineLogger.write | CLEANUP DIR PRESERVE....: C:\Setups\.work\wcfmovimento\Release\bin\Xml\Movimento\NFSe\DBSeller\2.04
2026-09-10 12:15:40 | INFO    | PipelineLogger.write | CLEANUP DIR PRESERVE....: C:\Setups\.work\wcfmovimento\Release\bin\Xml\Movimento\NFSe\DSF\1.00
2026-09-10 12:15:41 | INFO    | PipelineLogger.write | CLEANUP DIR PRESERVE....: C:\Setups\.work\wcfmovimento\Release\bin\Xml\Movimento\NFSe\DSF\2.00
2026-09-10 12:15:41 | INFO    | PipelineLogger.write | CLEANUP DIR PRESERVE....: C:\Setups\.work\wcfmovimento\Release\bin\Xml\Movimento\NFSe\DSF\2.03
2026-09-10 12:15:41 | INFO    | PipelineLogger.write | CLEANUP DIR PRESERVE....: C:\Setups\.work\wcfmovimento\Release\bin\Xml\Movimento\NFSe\Equiplano\1.00
2026-09-10 12:15:41 | INFO    | PipelineLogger.write | CLEANUP DIR PRESERVE....: C:\Setups\.work\wcfmovimento\Release\bin\Xml\Movimento\NFSe\Fiorilli\2.00
2026-09-10 12:15:41 | INFO    | PipelineLogger.write | CLEANUP DIR PRESERVE....: C:\Setups\.work\wcfmovimento\Release\bin\Xml\Movimento\NFSe\Fiorilli\2.01
2026-09-10 12:15:41 | INFO    | PipelineLogger.write | CLEANUP DIR PRESERVE....: C:\Setups\.work\wcfmovimento\Release\bin\Xml\Movimento\NFSe\Fisco\2.03
2026-09-10 12:15:41 | INFO    | PipelineLogger.write | CLEANUP DIR PRESERVE....: C:\Setups\.work\wcfmovimento\Release\bin\Xml\Movimento\NFSe\FissLex\1.00
2026-09-10 12:15:41 | INFO    | PipelineLogger.write | CLEANUP DIR PRESERVE....: C:\Setups\.work\wcfmovimento\Release\bin\Xml\Movimento\NFSe\Ginfes\1.00
2026-09-10 12:15:42 | INFO    | PipelineLogger.write | CLEANUP DIR PRESERVE....: C:\Setups\.work\wcfmovimento\Release\bin\Xml\Movimento\NFSe\IPM\2.04
2026-09-10 12:15:43 | INFO    | PipelineLogger.write | CLEANUP DIR PRESERVE....: C:\Setups\.work\wcfmovimento\Release\bin\Xml\Movimento\NFSe\ISSCuritiba\1.00
2026-09-10 12:15:43 | INFO    | PipelineLogger.write | CLEANUP DIR PRESERVE....: C:\Setups\.work\wcfmovimento\Release\bin\Xml\Movimento\NFSe\ISSDSF\1.00
2026-09-10 12:15:44 | INFO    | PipelineLogger.write | CLEANUP DIR PRESERVE....: C:\Setups\.work\wcfmovimento\Release\bin\Xml\Movimento\NFSe\ISSDSF\1.01
2026-09-10 12:15:44 | INFO    | PipelineLogger.write | CLEANUP DIR PRESERVE....: C:\Setups\.work\wcfmovimento\Release\bin\Xml\Movimento\NFSe\ISSNet\1.00
2026-09-10 12:15:45 | INFO    | PipelineLogger.write | CLEANUP DIR PRESERVE....: C:\Setups\.work\wcfmovimento\Release\bin\Xml\Movimento\NFSe\ISSNet\2.04
2026-09-10 12:15:45 | INFO    | PipelineLogger.write | CLEANUP DIR PRESERVE....: C:\Setups\.work\wcfmovimento\Release\bin\Xml\Movimento\Cte\Schemas\2.00
2026-09-10 12:15:46 | INFO    | PipelineLogger.write | CLEANUP DIR PRESERVE....: C:\Setups\.work\wcfmovimento\Release\bin\Xml\Movimento\Cte\Schemas\3.00
2026-09-10 12:15:46 | INFO    | PipelineLogger.write | CLEANUP DIR PRESERVE....: C:\Setups\.work\wcfmovimento\Release\bin\Xml\Movimento\Cte\Schemas\4.00
2026-09-10 12:15:46 | INFO    | PipelineLogger.write | CLEANUP DIR PRESERVE....: C:\Setups\.work\wcfmovimento\Release\bin\Xml\Movimento\Cte\Schemas
2026-09-10 12:15:47 | INFO    | PipelineLogger.write | CLEANUP DIR PRESERVE....: C:\Setups\.work\wcfmovimento\Release\bin\Xml\Movimento\NFe\Schemas
2026-09-10 12:15:47 | INFO    | PipelineLogger.write | CLEANUP DIR PRESERVE....: C:\Setups\.work\wcfmovimento\Release\bin\Xml\Movimento\NFSe\Abaco
2026-09-10 12:15:48 | INFO    | PipelineLogger.write | CLEANUP DIR PRESERVE....: C:\Setups\.work\wcfmovimento\Release\bin\Xml\Movimento\NFSe\ABase
2026-09-10 12:15:48 | INFO    | PipelineLogger.write | CLEANUP DIR PRESERVE....: C:\Setups\.work\wcfmovimento\Release\bin\Xml\Movimento\NFSe\ABRASF
2026-09-10 12:15:48 | INFO    | PipelineLogger.write | CLEANUP DIR PRESERVE....: C:\Setups\.work\wcfmovimento\Release\bin\Xml\Movimento\NFSe\Betha
2026-09-10 12:15:48 | INFO    | PipelineLogger.write | CLEANUP DIR PRESERVE....: C:\Setups\.work\wcfmovimento\Release\bin\Xml\Movimento\NFSe\BHISS
2026-09-10 12:15:49 | INFO    | PipelineLogger.write | CLEANUP DIR PRESERVE....: C:\Setups\.work\wcfmovimento\Release\bin\Xml\Movimento\NFSe\Citta
2026-09-10 12:15:49 | INFO    | PipelineLogger.write | CLEANUP DIR PRESERVE....: C:\Setups\.work\wcfmovimento\Release\bin\Xml\Movimento\NFSe\Conam
2026-09-10 12:15:49 | INFO    | PipelineLogger.write | CLEANUP DIR PRESERVE....: C:\Setups\.work\wcfmovimento\Release\bin\Xml\Movimento\NFSe\Coplan
2026-09-10 12:15:50 | INFO    | PipelineLogger.write | CLEANUP DIR PRESERVE....: C:\Setups\.work\wcfmovimento\Release\bin\Xml\Movimento\NFSe\DBSeller
2026-09-10 12:15:50 | INFO    | PipelineLogger.write | CLEANUP DIR PRESERVE....: C:\Setups\.work\wcfmovimento\Release\bin\Xml\Movimento\NFSe\DSF
2026-09-10 12:15:50 | INFO    | PipelineLogger.write | CLEANUP DIR PRESERVE....: C:\Setups\.work\wcfmovimento\Release\bin\Xml\Movimento\NFSe\Equiplano
2026-09-10 12:15:50 | INFO    | PipelineLogger.write | CLEANUP DIR PRESERVE....: C:\Setups\.work\wcfmovimento\Release\bin\Xml\Movimento\NFSe\Fiorilli
2026-09-10 12:15:50 | INFO    | PipelineLogger.write | CLEANUP DIR PRESERVE....: C:\Setups\.work\wcfmovimento\Release\bin\Xml\Movimento\NFSe\Fisco
2026-09-10 12:15:50 | INFO    | PipelineLogger.write | CLEANUP DIR PRESERVE....: C:\Setups\.work\wcfmovimento\Release\bin\Xml\Movimento\NFSe\FissLex
2026-09-10 12:15:51 | INFO    | PipelineLogger.write | CLEANUP DIR PRESERVE....: C:\Setups\.work\wcfmovimento\Release\bin\Xml\Movimento\NFSe\Ginfes
2026-09-10 12:15:51 | INFO    | PipelineLogger.write | CLEANUP DIR PRESERVE....: C:\Setups\.work\wcfmovimento\Release\bin\Xml\Movimento\NFSe\IPM
2026-09-10 12:15:52 | INFO    | PipelineLogger.write | CLEANUP DIR PRESERVE....: C:\Setups\.work\wcfmovimento\Release\bin\Xml\Movimento\NFSe\ISSCuritiba
2026-09-10 12:15:52 | INFO    | PipelineLogger.write | CLEANUP DIR PRESERVE....: C:\Setups\.work\wcfmovimento\Release\bin\Xml\Movimento\NFSe\ISSDSF
2026-09-10 12:15:53 | INFO    | PipelineLogger.write | CLEANUP DIR PRESERVE....: C:\Setups\.work\wcfmovimento\Release\bin\Xml\Movimento\NFSe\ISSNet
2026-09-10 12:15:53 | INFO    | PipelineLogger.write | CLEANUP DIR PRESERVE....: C:\Setups\.work\wcfmovimento\Release\bin\Xml\Movimento\Cte
2026-09-10 12:15:54 | INFO    | PipelineLogger.write | CLEANUP DIR PRESERVE....: C:\Setups\.work\wcfmovimento\Release\bin\Xml\Movimento\NFe
2026-09-10 12:15:54 | INFO    | PipelineLogger.write | CLEANUP DIR PRESERVE....: C:\Setups\.work\wcfmovimento\Release\bin\Xml\Movimento\NFSe
2026-09-10 12:15:54 | INFO    | PipelineLogger.write | CLEANUP DIR PRESERVE....: C:\Setups\.work\wcfmovimento\Release\bin\Xml\Movimento
2026-09-10 12:15:54 | INFO    | PipelineLogger.write | CLEANUP DIR PRESERVE....: C:\Setups\.work\wcfmovimento\Release\bin\arm64
2026-09-10 12:15:54 | INFO    | PipelineLogger.write | CLEANUP DIR PRESERVE....: C:\Setups\.work\wcfmovimento\Release\bin\x64
2026-09-10 12:15:54 | INFO    | PipelineLogger.write | CLEANUP DIR PRESERVE....: C:\Setups\.work\wcfmovimento\Release\bin\x86
2026-09-10 12:15:54 | INFO    | PipelineLogger.write | CLEANUP DIR PRESERVE....: C:\Setups\.work\wcfmovimento\Release\bin\Xml
2026-09-10 12:15:54 | INFO    | PipelineLogger.write | CLEANUP DIR PRESERVE....: C:\Setups\.work\wcfmovimento\Release\bin
2026-09-10 12:15:54 | INFO    | PipelineLogger.write | ================================================================================
2026-09-10 12:15:54 | INFO    | PipelineLogger.write | WORKSPACE - APOS CLEANUP
2026-09-10 12:15:54 | INFO    | PipelineLogger.write | Diretorio.............: C:\Setups\.work\wcfmovimento\Release
2026-09-10 12:15:54 | INFO    | PipelineLogger.write | Diretorio existe......: True
2026-09-10 12:15:55 | INFO    | PipelineLogger.write | Arquivos..............: 628
2026-09-10 12:15:55 | INFO    | PipelineLogger.write | ARQUIVO...............: bin\ADODB.dll
2026-09-10 12:15:56 | INFO    | PipelineLogger.write | ARQUIVO...............: bin\arm64\libSkiaSharp.dll
2026-09-10 12:15:56 | INFO    | PipelineLogger.write | ARQUIVO...............: bin\Aspose.HTML.dll
2026-09-10 12:15:56 | INFO    | PipelineLogger.write | ARQUIVO...............: bin\Aspose.Words.dll
2026-09-10 12:15:56 | INFO    | PipelineLogger.write | ARQUIVO...............: bin\BouncyCastle.Crypto.dll
2026-09-10 12:15:56 | INFO    | PipelineLogger.write | ARQUIVO...............: bin\BouncyCastle.Cryptography.dll
2026-09-10 12:15:56 | INFO    | PipelineLogger.write | ARQUIVO...............: bin\connectionStrings.config
2026-09-10 12:15:56 | INFO    | PipelineLogger.write | ARQUIVO...............: bin\Custom.Business.dll
2026-09-10 12:15:57 | INFO    | PipelineLogger.write | ARQUIVO...............: bin\custom.configuration.server.config
2026-09-10 12:15:57 | INFO    | PipelineLogger.write | ARQUIVO...............: bin\Custom.DataAccess.dll
2026-09-10 12:15:57 | INFO    | PipelineLogger.write | ARQUIVO...............: bin\Custom.Framework.CommonFileDialogs.dll
2026-09-10 12:15:57 | INFO    | PipelineLogger.write | ARQUIVO...............: bin\Custom.Framework.Data.dll
2026-09-10 12:15:58 | INFO    | PipelineLogger.write | ARQUIVO...............: bin\Custom.Framework.Diagnostics.dll
2026-09-10 12:15:58 | INFO    | PipelineLogger.write | ARQUIVO...............: bin\Custom.Framework.dll
2026-09-10 12:15:59 | INFO    | PipelineLogger.write | ARQUIVO...............: bin\Custom.Framework.Entities.dll
2026-09-10 12:15:59 | INFO    | PipelineLogger.write | ARQUIVO...............: bin\Custom.Framework.Server.dll
2026-09-10 12:15:59 | INFO    | PipelineLogger.write | ARQUIVO...............: bin\Custom.Framework.Services.dll
2026-09-10 12:15:59 | INFO    | PipelineLogger.write | ARQUIVO...............: bin\Custom.Integration.NFSe.Municipal.dll
2026-09-10 12:15:59 | INFO    | PipelineLogger.write | ARQUIVO...............: bin\Custom.Integration.PharmaLinkDistributors.Library.dll
2026-09-10 12:15:59 | INFO    | PipelineLogger.write | ARQUIVO...............: bin\Custom.OuroNet.Library.Core.Layer.AcessData.V20.dll
2026-09-10 12:15:59 | INFO    | PipelineLogger.write | ARQUIVO...............: bin\Custom.OuroNet.Library.Core.Layer.Exception.V20.dll
2026-09-10 12:15:59 | INFO    | PipelineLogger.write | ARQUIVO...............: bin\Custom.Services.dll
2026-09-10 12:15:59 | INFO    | PipelineLogger.write | ARQUIVO...............: bin\Custom.Utilities.Security.EncryptionCOM.dll
2026-09-10 12:15:59 | INFO    | PipelineLogger.write | ARQUIVO...............: bin\Custom.Utilities.Security.EncryptionNET.dll
2026-09-10 12:15:59 | INFO    | PipelineLogger.write | ARQUIVO...............: bin\DevExpress.Charts.v23.2.Core.dll
2026-09-10 12:15:59 | INFO    | PipelineLogger.write | ARQUIVO...............: bin\DevExpress.CodeParser.v23.2.dll
2026-09-10 12:15:59 | INFO    | PipelineLogger.write | ARQUIVO...............: bin\DevExpress.Data.Desktop.v23.2.dll
2026-09-10 12:15:59 | INFO    | PipelineLogger.write | ARQUIVO...............: bin\DevExpress.Data.v11.2.dll
2026-09-10 12:15:59 | INFO    | PipelineLogger.write | ARQUIVO...............: bin\DevExpress.Data.v23.2.dll
2026-09-10 12:15:59 | INFO    | PipelineLogger.write | ARQUIVO...............: bin\DevExpress.DataAccess.v23.2.dll
2026-09-10 12:16:00 | INFO    | PipelineLogger.write | ARQUIVO...............: bin\DevExpress.DataVisualization.v23.2.Core.dll
2026-09-10 12:16:00 | INFO    | PipelineLogger.write | ARQUIVO...............: bin\DevExpress.Dialogs.v23.2.Core.dll
2026-09-10 12:16:00 | INFO    | PipelineLogger.write | ARQUIVO...............: bin\DevExpress.Drawing.v23.2.dll
2026-09-10 12:16:00 | INFO    | PipelineLogger.write | ARQUIVO...............: bin\DevExpress.Office.v23.2.Core.dll
2026-09-10 12:16:00 | INFO    | PipelineLogger.write | ARQUIVO...............: bin\DevExpress.Pdf.v23.2.Core.dll
2026-09-10 12:16:00 | INFO    | PipelineLogger.write | ARQUIVO...............: bin\DevExpress.Pdf.v23.2.Drawing.dll
2026-09-10 12:16:00 | INFO    | PipelineLogger.write | ARQUIVO...............: bin\DevExpress.PivotGrid.v23.2.Core.dll
2026-09-10 12:16:00 | INFO    | PipelineLogger.write | ARQUIVO...............: bin\DevExpress.Printing.v11.2.Core.dll
2026-09-10 12:16:00 | INFO    | PipelineLogger.write | ARQUIVO...............: bin\DevExpress.Printing.v23.2.Core.dll
2026-09-10 12:16:00 | INFO    | PipelineLogger.write | ARQUIVO...............: bin\DevExpress.RichEdit.v23.2.Core.dll
2026-09-10 12:16:00 | INFO    | PipelineLogger.write | ARQUIVO...............: bin\DevExpress.Sparkline.v23.2.Core.dll
2026-09-10 12:16:00 | INFO    | PipelineLogger.write | ARQUIVO...............: bin\DevExpress.Utils.v11.2.dll
2026-09-10 12:16:00 | INFO    | PipelineLogger.write | ARQUIVO...............: bin\DevExpress.Utils.v23.2.dll
2026-09-10 12:16:00 | INFO    | PipelineLogger.write | ARQUIVO...............: bin\DevExpress.Xpo.v23.2.dll
2026-09-10 12:16:00 | INFO    | PipelineLogger.write | ARQUIVO...............: bin\DevExpress.XtraBars.v23.2.dll
2026-09-10 12:16:00 | INFO    | PipelineLogger.write | ARQUIVO...............: bin\DevExpress.XtraCharts.v23.2.dll
2026-09-10 12:16:00 | INFO    | PipelineLogger.write | ARQUIVO...............: bin\DevExpress.XtraDialogs.v23.2.dll
2026-09-10 12:16:00 | INFO    | PipelineLogger.write | ARQUIVO...............: bin\DevExpress.XtraEditors.v11.2.dll
2026-09-10 12:16:00 | INFO    | PipelineLogger.write | ARQUIVO...............: bin\DevExpress.XtraEditors.v23.2.dll
2026-09-10 12:16:00 | INFO    | PipelineLogger.write | ARQUIVO...............: bin\DevExpress.XtraGauges.v23.2.Core.dll
2026-09-10 12:16:00 | INFO    | PipelineLogger.write | ARQUIVO...............: bin\DevExpress.XtraGrid.v23.2.dll
2026-09-10 12:16:00 | INFO    | PipelineLogger.write | ARQUIVO...............: bin\DevExpress.XtraLayout.v23.2.dll
2026-09-10 12:16:01 | INFO    | PipelineLogger.write | ARQUIVO...............: bin\DevExpress.XtraPrinting.v23.2.dll
2026-09-10 12:16:01 | INFO    | PipelineLogger.write | ARQUIVO...............: bin\DevExpress.XtraReports.v23.2.dll
2026-09-10 12:16:01 | INFO    | PipelineLogger.write | ARQUIVO...............: bin\DevExpress.XtraTreeList.v23.2.dll
2026-09-10 12:16:01 | INFO    | PipelineLogger.write | ARQUIVO...............: bin\FileHelpers.dll
2026-09-10 12:16:01 | INFO    | PipelineLogger.write | ARQUIVO...............: bin\Framawork.DFe.Classes.dll
2026-09-10 12:16:01 | INFO    | PipelineLogger.write | ARQUIVO...............: bin\Framawork.DFe.Utils.dll
2026-09-10 12:16:01 | INFO    | PipelineLogger.write | ARQUIVO...............: bin\Framawork.DFe.Wsdl.dll
2026-09-10 12:16:01 | INFO    | PipelineLogger.write | ARQUIVO...............: bin\Framework.BoletoNet.dll
2026-09-10 12:16:01 | INFO    | PipelineLogger.write | ARQUIVO...............: bin\Framework.NFe.Classes.dll
2026-09-10 12:16:01 | INFO    | PipelineLogger.write | ARQUIVO...............: bin\Framework.NFe.Print.dll
2026-09-10 12:16:01 | INFO    | PipelineLogger.write | ARQUIVO...............: bin\Framework.NFe.Servicos.dll
2026-09-10 12:16:01 | INFO    | PipelineLogger.write | ARQUIVO...............: bin\Framework.NFe.Utils.dll
2026-09-10 12:16:01 | INFO    | PipelineLogger.write | ARQUIVO...............: bin\Framework.NFe.Wsdl.dll
2026-09-10 12:16:01 | INFO    | PipelineLogger.write | ARQUIVO...............: bin\MailKit.dll
2026-09-10 12:16:01 | INFO    | PipelineLogger.write | ARQUIVO...............: bin\Microsoft.Bcl.AsyncInterfaces.dll
2026-09-10 12:16:01 | INFO    | PipelineLogger.write | ARQUIVO...............: bin\Microsoft.Practices.EnterpriseLibrary.Common.dll
2026-09-10 12:16:01 | INFO    | PipelineLogger.write | ARQUIVO...............: bin\Microsoft.Practices.EnterpriseLibrary.Data.dll
2026-09-10 12:16:01 | INFO    | PipelineLogger.write | ARQUIVO...............: bin\Microsoft.Practices.ServiceLocation.dll
2026-09-10 12:16:01 | INFO    | PipelineLogger.write | ARQUIVO...............: bin\Microsoft.Practices.Unity.dll
2026-09-10 12:16:01 | INFO    | PipelineLogger.write | ARQUIVO...............: bin\Microsoft.Practices.Unity.Interception.dll
2026-09-10 12:16:01 | INFO    | PipelineLogger.write | ARQUIVO...............: bin\MimeKit.dll
2026-09-10 12:16:02 | INFO    | PipelineLogger.write | ARQUIVO...............: bin\Newtonsoft.Json.dll
2026-09-10 12:16:02 | INFO    | PipelineLogger.write | ARQUIVO...............: bin\NPOI.dll
2026-09-10 12:16:02 | INFO    | PipelineLogger.write | ARQUIVO...............: bin\NPOI.OOXML.dll
2026-09-10 12:16:02 | INFO    | PipelineLogger.write | ARQUIVO...............: bin\NPOI.OpenXml4Net.dll
2026-09-10 12:16:02 | INFO    | PipelineLogger.write | ARQUIVO...............: bin\NPOI.OpenXmlFormats.dll
2026-09-10 12:16:02 | INFO    | PipelineLogger.write | ARQUIVO...............: bin\NReco.PdfGenerator.dll
2026-09-10 12:16:02 | INFO    | PipelineLogger.write | ARQUIVO...............: bin\OpenAC.Net.Core.dll
2026-09-10 12:16:02 | INFO    | PipelineLogger.write | ARQUIVO...............: bin\OpenAC.Net.DFe.Core.dll
2026-09-10 12:16:02 | INFO    | PipelineLogger.write | ARQUIVO...............: bin\OuroNet.Server.Business.dll
2026-09-10 12:16:02 | INFO    | PipelineLogger.write | ARQUIVO...............: bin\OuroNet.Server.Business.XmlSerializers.dll
2026-09-10 12:16:03 | INFO    | PipelineLogger.write | ARQUIVO...............: bin\OuroNet.Server.Common.dll
2026-09-10 12:16:03 | INFO    | PipelineLogger.write | ARQUIVO...............: bin\OuroNet.Server.DataAccess.dll
2026-09-10 12:16:04 | INFO    | PipelineLogger.write | ARQUIVO...............: bin\OuroNet.Server.Entities.dll
2026-09-10 12:16:04 | INFO    | PipelineLogger.write | ARQUIVO...............: bin\OuroNet.Server.ServiceInterfaces.dll
2026-09-10 12:16:05 | INFO    | PipelineLogger.write | ARQUIVO...............: bin\OuroNet.Server.Services.dll
2026-09-10 12:16:05 | INFO    | PipelineLogger.write | ARQUIVO...............: bin\OuroNet.Server.WCF.Movement.dll
2026-09-10 12:16:05 | INFO    | PipelineLogger.write | ARQUIVO...............: bin\protobuf-net.dll
2026-09-10 12:16:06 | INFO    | PipelineLogger.write | ARQUIVO...............: bin\QRCoder.dll
2026-09-10 12:16:06 | INFO    | PipelineLogger.write | ARQUIVO...............: bin\RestSharp.dll
2026-09-10 12:16:06 | INFO    | PipelineLogger.write | ARQUIVO...............: bin\SkiaSharp.dll
2026-09-10 12:16:06 | INFO    | PipelineLogger.write | ARQUIVO...............: bin\System.Buffers.dll
2026-09-10 12:16:06 | INFO    | PipelineLogger.write | ARQUIVO...............: bin\System.Formats.Asn1.dll
2026-09-10 12:16:06 | INFO    | PipelineLogger.write | ARQUIVO...............: bin\System.IO.Pipelines.dll
2026-09-10 12:16:06 | INFO    | PipelineLogger.write | ARQUIVO...............: bin\System.Memory.dll
2026-09-10 12:16:06 | INFO    | PipelineLogger.write | ARQUIVO...............: bin\System.Net.Http.Json.dll
2026-09-10 12:16:06 | INFO    | PipelineLogger.write | ARQUIVO...............: bin\System.Numerics.Vectors.dll
2026-09-10 12:16:06 | INFO    | PipelineLogger.write | ARQUIVO...............: bin\System.Runtime.CompilerServices.Unsafe.dll
2026-09-10 12:16:07 | INFO    | PipelineLogger.write | ARQUIVO...............: bin\System.Text.Encodings.Web.dll
2026-09-10 12:16:07 | INFO    | PipelineLogger.write | ARQUIVO...............: bin\System.Text.Json.dll
2026-09-10 12:16:07 | INFO    | PipelineLogger.write | ARQUIVO...............: bin\System.Threading.Tasks.Extensions.dll
2026-09-10 12:16:07 | INFO    | PipelineLogger.write | ARQUIVO...............: bin\x64\libSkiaSharp.dll
2026-09-10 12:16:07 | INFO    | PipelineLogger.write | ARQUIVO...............: bin\x64\SQLite.Interop.dll
2026-09-10 12:16:08 | INFO    | PipelineLogger.write | ARQUIVO...............: bin\x86\libSkiaSharp.dll
2026-09-10 12:16:09 | INFO    | PipelineLogger.write | ARQUIVO...............: bin\x86\SQLite.Interop.dll
2026-09-10 12:16:09 | INFO    | PipelineLogger.write | ARQUIVO...............: bin\Xml\Movimento\Cte\Schemas\2.00\cancCTeTiposBasico_v2.00.xsd
2026-09-10 12:16:10 | INFO    | PipelineLogger.write | ARQUIVO...............: bin\Xml\Movimento\Cte\Schemas\2.00\consReciCTe_v2.00.xsd
2026-09-10 12:16:10 | INFO    | PipelineLogger.write | ARQUIVO...............: bin\Xml\Movimento\Cte\Schemas\2.00\consReciCTeTiposBasico_v2.00.xsd
2026-09-10 12:16:10 | INFO    | PipelineLogger.write | ARQUIVO...............: bin\Xml\Movimento\Cte\Schemas\2.00\consSitCTe_v2.00.xsd
2026-09-10 12:16:11 | INFO    | PipelineLogger.write | ARQUIVO...............: bin\Xml\Movimento\Cte\Schemas\2.00\consSitCTeTiposBasico_v2.00.xsd
2026-09-10 12:16:11 | INFO    | PipelineLogger.write | ARQUIVO...............: bin\Xml\Movimento\Cte\Schemas\2.00\consStatServCTe_v2.00.xsd
2026-09-10 12:16:11 | INFO    | PipelineLogger.write | ARQUIVO...............: bin\Xml\Movimento\Cte\Schemas\2.00\consStatServTiposBasico_v2.00.xsd
2026-09-10 12:16:11 | INFO    | PipelineLogger.write | ARQUIVO...............: bin\Xml\Movimento\Cte\Schemas\2.00\cte_v2.00.xsd
2026-09-10 12:16:11 | INFO    | PipelineLogger.write | ARQUIVO...............: bin\Xml\Movimento\Cte\Schemas\2.00\cteModalAereo_v2.00.xsd
2026-09-10 12:16:11 | INFO    | PipelineLogger.write | ARQUIVO...............: bin\Xml\Movimento\Cte\Schemas\2.00\cteModalAquaviario_v2.00.xsd
2026-09-10 12:16:11 | INFO    | PipelineLogger.write | ARQUIVO...............: bin\Xml\Movimento\Cte\Schemas\2.00\cteModalDutoviario_v2.00.xsd
2026-09-10 12:16:12 | INFO    | PipelineLogger.write | ARQUIVO...............: bin\Xml\Movimento\Cte\Schemas\2.00\cteModalFerroviario_v2.00.xsd
2026-09-10 12:16:12 | INFO    | PipelineLogger.write | ARQUIVO...............: bin\Xml\Movimento\Cte\Schemas\2.00\cteModalRodoviario_v2.00.xsd
2026-09-10 12:16:12 | INFO    | PipelineLogger.write | ARQUIVO...............: bin\Xml\Movimento\Cte\Schemas\2.00\cteMultiModal_v2.00.xsd
2026-09-10 12:16:12 | INFO    | PipelineLogger.write | ARQUIVO...............: bin\Xml\Movimento\Cte\Schemas\2.00\cteTiposBasico_v2.00.xsd
2026-09-10 12:16:12 | INFO    | PipelineLogger.write | ARQUIVO...............: bin\Xml\Movimento\Cte\Schemas\2.00\enviCTe_v2.00.xsd
2026-09-10 12:16:12 | INFO    | PipelineLogger.write | ARQUIVO...............: bin\Xml\Movimento\Cte\Schemas\2.00\evCancCTe_v2.00.xsd
2026-09-10 12:16:12 | INFO    | PipelineLogger.write | ARQUIVO...............: bin\Xml\Movimento\Cte\Schemas\2.00\evCCeCTe_v2.00.xsd
2026-09-10 12:16:12 | INFO    | PipelineLogger.write | ARQUIVO...............: bin\Xml\Movimento\Cte\Schemas\2.00\eventoCTe_v2.00.xsd
2026-09-10 12:16:13 | INFO    | PipelineLogger.write | ARQUIVO...............: bin\Xml\Movimento\Cte\Schemas\2.00\eventoCTeTiposBasico_v2.00.xsd
2026-09-10 12:16:13 | INFO    | PipelineLogger.write | ARQUIVO...............: bin\Xml\Movimento\Cte\Schemas\2.00\evEPECCTe_v2.00.xsd
2026-09-10 12:16:14 | INFO    | PipelineLogger.write | ARQUIVO...............: bin\Xml\Movimento\Cte\Schemas\2.00\evRegMultimodal_v2.00.xsd
2026-09-10 12:16:14 | INFO    | PipelineLogger.write | ARQUIVO...............: bin\Xml\Movimento\Cte\Schemas\2.00\inutCTe_v2.00.xsd
2026-09-10 12:16:14 | INFO    | PipelineLogger.write | ARQUIVO...............: bin\Xml\Movimento\Cte\Schemas\2.00\inutCTeTiposBasico_v2.00.xsd
2026-09-10 12:16:15 | INFO    | PipelineLogger.write | ARQUIVO...............: bin\Xml\Movimento\Cte\Schemas\2.00\procCTe_v2.00.xsd
2026-09-10 12:16:15 | INFO    | PipelineLogger.write | ARQUIVO...............: bin\Xml\Movimento\Cte\Schemas\2.00\procEventoCTe_v2.00.xsd
2026-09-10 12:16:16 | INFO    | PipelineLogger.write | ARQUIVO...............: bin\Xml\Movimento\Cte\Schemas\2.00\procInutCTe_v2.00.xsd
2026-09-10 12:16:16 | INFO    | PipelineLogger.write | ARQUIVO...............: bin\Xml\Movimento\Cte\Schemas\2.00\retConsReciCTe_v2.00.xsd
2026-09-10 12:16:17 | INFO    | PipelineLogger.write | ARQUIVO...............: bin\Xml\Movimento\Cte\Schemas\2.00\retConsSitCTe_v2.00.xsd
2026-09-10 12:16:17 | INFO    | PipelineLogger.write | ARQUIVO...............: bin\Xml\Movimento\Cte\Schemas\2.00\retConsStatServCTe_v2.00.xsd
2026-09-10 12:16:17 | INFO    | PipelineLogger.write | ARQUIVO...............: bin\Xml\Movimento\Cte\Schemas\2.00\retEnviCTe_v2.00.xsd
2026-09-10 12:16:18 | INFO    | PipelineLogger.write | ARQUIVO...............: bin\Xml\Movimento\Cte\Schemas\2.00\retEventoCTe_v2.00.xsd
2026-09-10 12:16:18 | INFO    | PipelineLogger.write | ARQUIVO...............: bin\Xml\Movimento\Cte\Schemas\2.00\retInutCTe_v2.00.xsd
2026-09-10 12:16:18 | INFO    | PipelineLogger.write | ARQUIVO...............: bin\Xml\Movimento\Cte\Schemas\2.00\tiposGeralCTe_v2.00.xsd
2026-09-10 12:16:18 | INFO    | PipelineLogger.write | ARQUIVO...............: bin\Xml\Movimento\Cte\Schemas\2.00\xmldsig-core-schema_v1.01.xsd
2026-09-10 12:16:18 | INFO    | PipelineLogger.write | ARQUIVO...............: bin\Xml\Movimento\Cte\Schemas\3.00\consReciCTe_v3.00.xsd
2026-09-10 12:16:18 | INFO    | PipelineLogger.write | ARQUIVO...............: bin\Xml\Movimento\Cte\Schemas\3.00\consReciCTeTiposBasico_v3.00.xsd
2026-09-10 12:16:18 | INFO    | PipelineLogger.write | ARQUIVO...............: bin\Xml\Movimento\Cte\Schemas\3.00\consSitCTe_v3.00.xsd
2026-09-10 12:16:18 | INFO    | PipelineLogger.write | ARQUIVO...............: bin\Xml\Movimento\Cte\Schemas\3.00\consSitCTeTiposBasico_v3.00.xsd
2026-09-10 12:16:18 | INFO    | PipelineLogger.write | ARQUIVO...............: bin\Xml\Movimento\Cte\Schemas\3.00\consStatServCTe_v3.00.xsd
2026-09-10 12:16:18 | INFO    | PipelineLogger.write | ARQUIVO...............: bin\Xml\Movimento\Cte\Schemas\3.00\consStatServTiposBasico_v3.00.xsd
2026-09-10 12:16:18 | INFO    | PipelineLogger.write | ARQUIVO...............: bin\Xml\Movimento\Cte\Schemas\3.00\cte_v3.00.xsd
2026-09-10 12:16:18 | INFO    | PipelineLogger.write | ARQUIVO...............: bin\Xml\Movimento\Cte\Schemas\3.00\cteModalAereo_v3.00.xsd
2026-09-10 12:16:18 | INFO    | PipelineLogger.write | ARQUIVO...............: bin\Xml\Movimento\Cte\Schemas\3.00\cteModalAquaviario_v3.00.xsd
2026-09-10 12:16:18 | INFO    | PipelineLogger.write | ARQUIVO...............: bin\Xml\Movimento\Cte\Schemas\3.00\cteModalDutoviario_v3.00.xsd
2026-09-10 12:16:19 | INFO    | PipelineLogger.write | ARQUIVO...............: bin\Xml\Movimento\Cte\Schemas\3.00\cteModalFerroviario_v3.00.xsd
2026-09-10 12:16:19 | INFO    | PipelineLogger.write | ARQUIVO...............: bin\Xml\Movimento\Cte\Schemas\3.00\cteModalRodoviario_v3.00.xsd
2026-09-10 12:16:19 | INFO    | PipelineLogger.write | ARQUIVO...............: bin\Xml\Movimento\Cte\Schemas\3.00\cteModalRodoviarioOS_v3.00.xsd
2026-09-10 12:16:19 | INFO    | PipelineLogger.write | ARQUIVO...............: bin\Xml\Movimento\Cte\Schemas\3.00\cteMultiModal_v3.00.xsd
2026-09-10 12:16:19 | INFO    | PipelineLogger.write | ARQUIVO...............: bin\Xml\Movimento\Cte\Schemas\3.00\cteOS_v3.00.xsd
2026-09-10 12:16:19 | INFO    | PipelineLogger.write | ARQUIVO...............: bin\Xml\Movimento\Cte\Schemas\3.00\cteTiposBasico_v3.00.xsd
2026-09-10 12:16:19 | INFO    | PipelineLogger.write | ARQUIVO...............: bin\Xml\Movimento\Cte\Schemas\3.00\enviCTe_v3.00.xsd
2026-09-10 12:16:19 | INFO    | PipelineLogger.write | ARQUIVO...............: bin\Xml\Movimento\Cte\Schemas\3.00\evCancCECTe_v3.00.xsd
2026-09-10 12:16:19 | INFO    | PipelineLogger.write | ARQUIVO...............: bin\Xml\Movimento\Cte\Schemas\3.00\evCancCTe_v3.00.xsd
2026-09-10 12:16:19 | INFO    | PipelineLogger.write | ARQUIVO...............: bin\Xml\Movimento\Cte\Schemas\3.00\evCCeCTe_v3.00.xsd
2026-09-10 12:16:20 | INFO    | PipelineLogger.write | ARQUIVO...............: bin\Xml\Movimento\Cte\Schemas\3.00\evCECTe_v3.00.xsd
2026-09-10 12:16:20 | INFO    | PipelineLogger.write | ARQUIVO...............: bin\Xml\Movimento\Cte\Schemas\3.00\eventoCTe_v3.00.xsd
2026-09-10 12:16:20 | INFO    | PipelineLogger.write | ARQUIVO...............: bin\Xml\Movimento\Cte\Schemas\3.00\eventoCTeTiposBasico_v3.00.xsd
2026-09-10 12:16:21 | INFO    | PipelineLogger.write | ARQUIVO...............: bin\Xml\Movimento\Cte\Schemas\3.00\evEPECCTe_v3.00.xsd
2026-09-10 12:16:21 | INFO    | PipelineLogger.write | ARQUIVO...............: bin\Xml\Movimento\Cte\Schemas\3.00\evGTV_v3.00.xsd
2026-09-10 12:16:21 | INFO    | PipelineLogger.write | ARQUIVO...............: bin\Xml\Movimento\Cte\Schemas\3.00\evPrestDesacordo_v3.00.xsd
2026-09-10 12:16:22 | INFO    | PipelineLogger.write | ARQUIVO...............: bin\Xml\Movimento\Cte\Schemas\3.00\evRegMultimodal_v3.00.xsd
2026-09-10 12:16:22 | INFO    | PipelineLogger.write | ARQUIVO...............: bin\Xml\Movimento\Cte\Schemas\3.00\GTVe_v3.00.xsd
2026-09-10 12:16:22 | INFO    | PipelineLogger.write | ARQUIVO...............: bin\Xml\Movimento\Cte\Schemas\3.00\inutCTe_v3.00.xsd
2026-09-10 12:16:22 | INFO    | PipelineLogger.write | ARQUIVO...............: bin\Xml\Movimento\Cte\Schemas\3.00\inutCTeTiposBasico_v3.00.xsd
2026-09-10 12:16:22 | INFO    | PipelineLogger.write | ARQUIVO...............: bin\Xml\Movimento\Cte\Schemas\3.00\procCTe_v3.00.xsd
2026-09-10 12:16:22 | INFO    | PipelineLogger.write | ARQUIVO...............: bin\Xml\Movimento\Cte\Schemas\3.00\procCTeOS_v3.00.xsd
2026-09-10 12:16:22 | INFO    | PipelineLogger.write | ARQUIVO...............: bin\Xml\Movimento\Cte\Schemas\3.00\procEventoCTe_v3.00.xsd
2026-09-10 12:16:22 | INFO    | PipelineLogger.write | ARQUIVO...............: bin\Xml\Movimento\Cte\Schemas\3.00\procGTVe_v3.00.xsd
2026-09-10 12:16:22 | INFO    | PipelineLogger.write | ARQUIVO...............: bin\Xml\Movimento\Cte\Schemas\3.00\procInutCTe_v3.00.xsd
2026-09-10 12:16:22 | INFO    | PipelineLogger.write | ARQUIVO...............: bin\Xml\Movimento\Cte\Schemas\3.00\retConsReciCTe_v3.00.xsd
2026-09-10 12:16:22 | INFO    | PipelineLogger.write | ARQUIVO...............: bin\Xml\Movimento\Cte\Schemas\3.00\retConsSitCTe_v3.00.xsd
2026-09-10 12:16:22 | INFO    | PipelineLogger.write | ARQUIVO...............: bin\Xml\Movimento\Cte\Schemas\3.00\retConsStatServCTe_v3.00.xsd
2026-09-10 12:16:22 | INFO    | PipelineLogger.write | ARQUIVO...............: bin\Xml\Movimento\Cte\Schemas\3.00\retCTe_v3.00.xsd
2026-09-10 12:16:22 | INFO    | PipelineLogger.write | ARQUIVO...............: bin\Xml\Movimento\Cte\Schemas\3.00\retCTeOS_v3.00.xsd
2026-09-10 12:16:22 | INFO    | PipelineLogger.write | ARQUIVO...............: bin\Xml\Movimento\Cte\Schemas\3.00\retEnviCTe_v3.00.xsd
2026-09-10 12:16:22 | INFO    | PipelineLogger.write | ARQUIVO...............: bin\Xml\Movimento\Cte\Schemas\3.00\retEventoCTe_v3.00.xsd
2026-09-10 12:16:22 | INFO    | PipelineLogger.write | ARQUIVO...............: bin\Xml\Movimento\Cte\Schemas\3.00\retGTVe_v3.00.xsd
2026-09-10 12:16:22 | INFO    | PipelineLogger.write | ARQUIVO...............: bin\Xml\Movimento\Cte\Schemas\3.00\retInutCTe_v3.00.xsd
2026-09-10 12:16:22 | INFO    | PipelineLogger.write | ARQUIVO...............: bin\Xml\Movimento\Cte\Schemas\3.00\tiposGeralCTe_v3.00.xsd
2026-09-10 12:16:23 | INFO    | PipelineLogger.write | ARQUIVO...............: bin\Xml\Movimento\Cte\Schemas\3.00\xmldsig-core-schema_v1.01.xsd
2026-09-10 12:16:24 | INFO    | PipelineLogger.write | ARQUIVO...............: bin\Xml\Movimento\Cte\Schemas\4.00\consSitCTe_v4.00.xsd
2026-09-10 12:16:24 | INFO    | PipelineLogger.write | ARQUIVO...............: bin\Xml\Movimento\Cte\Schemas\4.00\consSitCTeTiposBasico_v4.00.xsd
2026-09-10 12:16:25 | INFO    | PipelineLogger.write | ARQUIVO...............: bin\Xml\Movimento\Cte\Schemas\4.00\consStatServCTe_v4.00.xsd
2026-09-10 12:16:25 | INFO    | PipelineLogger.write | ARQUIVO...............: bin\Xml\Movimento\Cte\Schemas\4.00\consStatServTiposBasico_v4.00.xsd
2026-09-10 12:16:25 | INFO    | PipelineLogger.write | ARQUIVO...............: bin\Xml\Movimento\Cte\Schemas\4.00\cte_v4.00.xsd
2026-09-10 12:16:26 | INFO    | PipelineLogger.write | ARQUIVO...............: bin\Xml\Movimento\Cte\Schemas\4.00\cteModalAereo_v4.00.xsd
2026-09-10 12:16:26 | INFO    | PipelineLogger.write | ARQUIVO...............: bin\Xml\Movimento\Cte\Schemas\4.00\cteModalAquaviario_v4.00.xsd
2026-09-10 12:16:26 | INFO    | PipelineLogger.write | ARQUIVO...............: bin\Xml\Movimento\Cte\Schemas\4.00\cteModalDutoviario_v4.00.xsd
2026-09-10 12:16:26 | INFO    | PipelineLogger.write | ARQUIVO...............: bin\Xml\Movimento\Cte\Schemas\4.00\cteModalFerroviario_v4.00.xsd
2026-09-10 12:16:26 | INFO    | PipelineLogger.write | ARQUIVO...............: bin\Xml\Movimento\Cte\Schemas\4.00\cteModalRodoviario_v4.00.xsd
2026-09-10 12:16:26 | INFO    | PipelineLogger.write | ARQUIVO...............: bin\Xml\Movimento\Cte\Schemas\4.00\cteModalRodoviarioOS_v4.00.xsd
2026-09-10 12:16:26 | INFO    | PipelineLogger.write | ARQUIVO...............: bin\Xml\Movimento\Cte\Schemas\4.00\cteMultiModal_v4.00.xsd
2026-09-10 12:16:26 | INFO    | PipelineLogger.write | ARQUIVO...............: bin\Xml\Movimento\Cte\Schemas\4.00\cteOS_v4.00.xsd
2026-09-10 12:16:26 | INFO    | PipelineLogger.write | ARQUIVO...............: bin\Xml\Movimento\Cte\Schemas\4.00\cteTiposBasico_v4.00.xsd
2026-09-10 12:16:27 | INFO    | PipelineLogger.write | ARQUIVO...............: bin\Xml\Movimento\Cte\Schemas\4.00\evCancCECTe_v4.00.xsd
2026-09-10 12:16:27 | INFO    | PipelineLogger.write | ARQUIVO...............: bin\Xml\Movimento\Cte\Schemas\4.00\evCancCTe_v4.00.xsd
2026-09-10 12:16:27 | INFO    | PipelineLogger.write | ARQUIVO...............: bin\Xml\Movimento\Cte\Schemas\4.00\evCancIECTe_v4.00.xsd
2026-09-10 12:16:27 | INFO    | PipelineLogger.write | ARQUIVO...............: bin\Xml\Movimento\Cte\Schemas\4.00\evCancPrestDesacordo_v4.00.xsd
2026-09-10 12:16:27 | INFO    | PipelineLogger.write | ARQUIVO...............: bin\Xml\Movimento\Cte\Schemas\4.00\evCCeCTe_v4.00.xsd
2026-09-10 12:16:27 | INFO    | PipelineLogger.write | ARQUIVO...............: bin\Xml\Movimento\Cte\Schemas\4.00\evCECTe_v4.00.xsd
2026-09-10 12:16:27 | INFO    | PipelineLogger.write | ARQUIVO...............: bin\Xml\Movimento\Cte\Schemas\4.00\eventoCTe_v4.00.xsd
2026-09-10 12:16:27 | INFO    | PipelineLogger.write | ARQUIVO...............: bin\Xml\Movimento\Cte\Schemas\4.00\eventoCTeTiposBasico_v4.00.xsd
2026-09-10 12:16:27 | INFO    | PipelineLogger.write | ARQUIVO...............: bin\Xml\Movimento\Cte\Schemas\4.00\evEPECCTe_v4.00.xsd
2026-09-10 12:16:27 | INFO    | PipelineLogger.write | ARQUIVO...............: bin\Xml\Movimento\Cte\Schemas\4.00\evGTV_v4.00.xsd
2026-09-10 12:16:27 | INFO    | PipelineLogger.write | ARQUIVO...............: bin\Xml\Movimento\Cte\Schemas\4.00\evIECTe_v4.00.xsd
2026-09-10 12:16:27 | INFO    | PipelineLogger.write | ARQUIVO...............: bin\Xml\Movimento\Cte\Schemas\4.00\evPrestDesacordo_v4.00.xsd
2026-09-10 12:16:27 | INFO    | PipelineLogger.write | ARQUIVO...............: bin\Xml\Movimento\Cte\Schemas\4.00\evRegMultimodal_v4.00.xsd
2026-09-10 12:16:27 | INFO    | PipelineLogger.write | ARQUIVO...............: bin\Xml\Movimento\Cte\Schemas\4.00\GTVe_v4.00.xsd
2026-09-10 12:16:27 | INFO    | PipelineLogger.write | ARQUIVO...............: bin\Xml\Movimento\Cte\Schemas\4.00\inutCTe_v4.00.xsd
2026-09-10 12:16:27 | INFO    | PipelineLogger.write | ARQUIVO...............: bin\Xml\Movimento\Cte\Schemas\4.00\inutCTeTiposBasico_v4.00.xsd
2026-09-10 12:16:27 | INFO    | PipelineLogger.write | ARQUIVO...............: bin\Xml\Movimento\Cte\Schemas\4.00\procCTe_v4.00.xsd
2026-09-10 12:16:27 | INFO    | PipelineLogger.write | ARQUIVO...............: bin\Xml\Movimento\Cte\Schemas\4.00\procCTeOS_v4.00.xsd
2026-09-10 12:16:28 | INFO    | PipelineLogger.write | ARQUIVO...............: bin\Xml\Movimento\Cte\Schemas\4.00\procEventoCTe_v4.00.xsd
2026-09-10 12:16:28 | INFO    | PipelineLogger.write | ARQUIVO...............: bin\Xml\Movimento\Cte\Schemas\4.00\procGTVe_v4.00.xsd
2026-09-10 12:16:29 | INFO    | PipelineLogger.write | ARQUIVO...............: bin\Xml\Movimento\Cte\Schemas\4.00\procInutCTe_v4.00.xsd
2026-09-10 12:16:29 | INFO    | PipelineLogger.write | ARQUIVO...............: bin\Xml\Movimento\Cte\Schemas\4.00\retConsSitCTe_v4.00.xsd
2026-09-10 12:16:29 | INFO    | PipelineLogger.write | ARQUIVO...............: bin\Xml\Movimento\Cte\Schemas\4.00\retConsStatServCTe_v4.00.xsd
2026-09-10 12:16:29 | INFO    | PipelineLogger.write | ARQUIVO...............: bin\Xml\Movimento\Cte\Schemas\4.00\retCTe_v4.00.xsd
2026-09-10 12:16:29 | INFO    | PipelineLogger.write | ARQUIVO...............: bin\Xml\Movimento\Cte\Schemas\4.00\retCTeOS_v4.00.xsd
2026-09-10 12:16:29 | INFO    | PipelineLogger.write | ARQUIVO...............: bin\Xml\Movimento\Cte\Schemas\4.00\retEventoCTe_v4.00.xsd
2026-09-10 12:16:29 | INFO    | PipelineLogger.write | ARQUIVO...............: bin\Xml\Movimento\Cte\Schemas\4.00\retGTVe_v4.00.xsd
2026-09-10 12:16:29 | INFO    | PipelineLogger.write | ARQUIVO...............: bin\Xml\Movimento\Cte\Schemas\4.00\retInutCTe_v4.00.xsd
2026-09-10 12:16:29 | INFO    | PipelineLogger.write | ARQUIVO...............: bin\Xml\Movimento\Cte\Schemas\4.00\tiposGeralCTe_v4.00.xsd
2026-09-10 12:16:29 | INFO    | PipelineLogger.write | ARQUIVO...............: bin\Xml\Movimento\Cte\Schemas\4.00\xmldsig-core-schema_v1.01.xsd
2026-09-10 12:16:29 | INFO    | PipelineLogger.write | ARQUIVO...............: bin\Xml\Movimento\NFe\Schemas\atuCadEmiDFe_v1.01.xsd
2026-09-10 12:16:29 | INFO    | PipelineLogger.write | ARQUIVO...............: bin\Xml\Movimento\NFe\Schemas\autorizacao_v1.00.xsd
2026-09-10 12:16:29 | INFO    | PipelineLogger.write | ARQUIVO...............: bin\Xml\Movimento\NFe\Schemas\autorizacaoRetorno_v1.00.xsd
2026-09-10 12:16:29 | INFO    | PipelineLogger.write | ARQUIVO...............: bin\Xml\Movimento\NFe\Schemas\Averb_v1.00.xsd
2026-09-10 12:16:29 | INFO    | PipelineLogger.write | ARQUIVO...............: bin\Xml\Movimento\NFe\Schemas\cabecMsg_v1.02.xsd
2026-09-10 12:16:29 | INFO    | PipelineLogger.write | ARQUIVO...............: bin\Xml\Movimento\NFe\Schemas\cadEmiDFe_v1.01.xsd
2026-09-10 12:16:29 | INFO    | PipelineLogger.write | ARQUIVO...............: bin\Xml\Movimento\NFe\Schemas\cancNFe_v2.00.xsd
2026-09-10 12:16:29 | INFO    | PipelineLogger.write | ARQUIVO...............: bin\Xml\Movimento\NFe\Schemas\CCe_v1.00.xsd
2026-09-10 12:16:30 | INFO    | PipelineLogger.write | ARQUIVO...............: bin\Xml\Movimento\NFe\Schemas\confRecebto_v1.00.xsd
2026-09-10 12:16:30 | INFO    | PipelineLogger.write | ARQUIVO...............: bin\Xml\Movimento\NFe\Schemas\consCad_v2.00.xsd
2026-09-10 12:16:30 | INFO    | PipelineLogger.write | ARQUIVO...............: bin\Xml\Movimento\NFe\Schemas\consCad_v3.10.xsd
2026-09-10 12:16:30 | INFO    | PipelineLogger.write | ARQUIVO...............: bin\Xml\Movimento\NFe\Schemas\consDPEC_v1.01.xsd
2026-09-10 12:16:30 | INFO    | PipelineLogger.write | ARQUIVO...............: bin\Xml\Movimento\NFe\Schemas\consGTIN_v1.00.xsd
2026-09-10 12:16:30 | INFO    | PipelineLogger.write | ARQUIVO...............: bin\Xml\Movimento\NFe\Schemas\consNFeDest_v1.01.xsd
2026-09-10 12:16:30 | INFO    | PipelineLogger.write | ARQUIVO...............: bin\Xml\Movimento\NFe\Schemas\consReciNFe_v2.00.xsd
2026-09-10 12:16:30 | INFO    | PipelineLogger.write | ARQUIVO...............: bin\Xml\Movimento\NFe\Schemas\consReciNFe_v3.10.xsd
2026-09-10 12:16:30 | INFO    | PipelineLogger.write | ARQUIVO...............: bin\Xml\Movimento\NFe\Schemas\consReciNFe_v4.00.xsd
2026-09-10 12:16:30 | INFO    | PipelineLogger.write | ARQUIVO...............: bin\Xml\Movimento\NFe\Schemas\consSitNFe_v2.00.xsd
2026-09-10 12:16:30 | INFO    | PipelineLogger.write | ARQUIVO...............: bin\Xml\Movimento\NFe\Schemas\consSitNFe_v2.01.xsd
2026-09-10 12:16:30 | INFO    | PipelineLogger.write | ARQUIVO...............: bin\Xml\Movimento\NFe\Schemas\consSitNFe_v3.10.xsd
2026-09-10 12:16:30 | INFO    | PipelineLogger.write | ARQUIVO...............: bin\Xml\Movimento\NFe\Schemas\consSitNFe_v4.00.xsd
2026-09-10 12:16:30 | INFO    | PipelineLogger.write | ARQUIVO...............: bin\Xml\Movimento\NFe\Schemas\consStatServ_v2.00.xsd
2026-09-10 12:16:30 | INFO    | PipelineLogger.write | ARQUIVO...............: bin\Xml\Movimento\NFe\Schemas\consStatServ_v3.10.xsd
2026-09-10 12:16:30 | INFO    | PipelineLogger.write | ARQUIVO...............: bin\Xml\Movimento\NFe\Schemas\consStatServ_v4.00.xsd
2026-09-10 12:16:30 | INFO    | PipelineLogger.write | ARQUIVO...............: bin\Xml\Movimento\NFe\Schemas\DFeTiposBasicos_v1.00.xsd
2026-09-10 12:16:30 | INFO    | PipelineLogger.write | ARQUIVO...............: bin\Xml\Movimento\NFe\Schemas\distDFeInt_v1.00.xsd
2026-09-10 12:16:30 | INFO    | PipelineLogger.write | ARQUIVO...............: bin\Xml\Movimento\NFe\Schemas\distDFeInt_v1.01.xsd
2026-09-10 12:16:30 | INFO    | PipelineLogger.write | ARQUIVO...............: bin\Xml\Movimento\NFe\Schemas\downloadNFe_v1.00.xsd
2026-09-10 12:16:30 | INFO    | PipelineLogger.write | ARQUIVO...............: bin\Xml\Movimento\NFe\Schemas\e110110_v1.00.xsd
2026-09-10 12:16:30 | INFO    | PipelineLogger.write | ARQUIVO...............: bin\Xml\Movimento\NFe\Schemas\e110111_v1.00.xsd
2026-09-10 12:16:31 | INFO    | PipelineLogger.write | ARQUIVO...............: bin\Xml\Movimento\NFe\Schemas\e110112_v1.00.xsd
2026-09-10 12:16:31 | INFO    | PipelineLogger.write | ARQUIVO...............: bin\Xml\Movimento\NFe\Schemas\e110130_v1.00.xsd
2026-09-10 12:16:31 | INFO    | PipelineLogger.write | ARQUIVO...............: bin\Xml\Movimento\NFe\Schemas\e110131_v1.00.xsd
2026-09-10 12:16:31 | INFO    | PipelineLogger.write | ARQUIVO...............: bin\Xml\Movimento\NFe\Schemas\e110140_v1.00.xsd
2026-09-10 12:16:31 | INFO    | PipelineLogger.write | ARQUIVO...............: bin\Xml\Movimento\NFe\Schemas\e110140NFCe_v1.00.xsd
2026-09-10 12:16:31 | INFO    | PipelineLogger.write | ARQUIVO...............: bin\Xml\Movimento\NFe\Schemas\e110140NFe_v1.00.xsd
2026-09-10 12:16:31 | INFO    | PipelineLogger.write | ARQUIVO...............: bin\Xml\Movimento\NFe\Schemas\e110150_v1.00.xsd
2026-09-10 12:16:31 | INFO    | PipelineLogger.write | ARQUIVO...............: bin\Xml\Movimento\NFe\Schemas\e110192_v1.00.xsd
2026-09-10 12:16:31 | INFO    | PipelineLogger.write | ARQUIVO...............: bin\Xml\Movimento\NFe\Schemas\e110193_v1.00.xsd
2026-09-10 12:16:31 | INFO    | PipelineLogger.write | ARQUIVO...............: bin\Xml\Movimento\NFe\Schemas\e110750_v1.00.xsd
2026-09-10 12:16:31 | INFO    | PipelineLogger.write | ARQUIVO...............: bin\Xml\Movimento\NFe\Schemas\e110751_v1.00.xsd
2026-09-10 12:16:31 | INFO    | PipelineLogger.write | ARQUIVO...............: bin\Xml\Movimento\NFe\Schemas\e111500_v1.00.xsd
2026-09-10 12:16:31 | INFO    | PipelineLogger.write | ARQUIVO...............: bin\Xml\Movimento\NFe\Schemas\e111501_v1.00.xsd
2026-09-10 12:16:31 | INFO    | PipelineLogger.write | ARQUIVO...............: bin\Xml\Movimento\NFe\Schemas\e111502_v1.00.xsd
2026-09-10 12:16:31 | INFO    | PipelineLogger.write | ARQUIVO...............: bin\Xml\Movimento\NFe\Schemas\e111503_v1.00.xsd
2026-09-10 12:16:31 | INFO    | PipelineLogger.write | ARQUIVO...............: bin\Xml\Movimento\NFe\Schemas\e210200_v1.00.xsd
2026-09-10 12:16:31 | INFO    | PipelineLogger.write | ARQUIVO...............: bin\Xml\Movimento\NFe\Schemas\e210210_v1.00.xsd
2026-09-10 12:16:31 | INFO    | PipelineLogger.write | ARQUIVO...............: bin\Xml\Movimento\NFe\Schemas\e210220_v1.00.xsd
2026-09-10 12:16:31 | INFO    | PipelineLogger.write | ARQUIVO...............: bin\Xml\Movimento\NFe\Schemas\e210240_v1.00.xsd
2026-09-10 12:16:31 | INFO    | PipelineLogger.write | ARQUIVO...............: bin\Xml\Movimento\NFe\Schemas\e411500_v1.00.xsd
2026-09-10 12:16:31 | INFO    | PipelineLogger.write | ARQUIVO...............: bin\Xml\Movimento\NFe\Schemas\e411501_v1.00.xsd
2026-09-10 12:16:31 | INFO    | PipelineLogger.write | ARQUIVO...............: bin\Xml\Movimento\NFe\Schemas\e411502_v1.00.xsd
2026-09-10 12:16:32 | INFO    | PipelineLogger.write | ARQUIVO...............: bin\Xml\Movimento\NFe\Schemas\e411503_v1.00.xsd
2026-09-10 12:16:32 | INFO    | PipelineLogger.write | ARQUIVO...............: bin\Xml\Movimento\NFe\Schemas\e610130_v1.00.xsd
2026-09-10 12:16:32 | INFO    | PipelineLogger.write | ARQUIVO...............: bin\Xml\Movimento\NFe\Schemas\e610131_v1.00.xsd
2026-09-10 12:16:32 | INFO    | PipelineLogger.write | ARQUIVO...............: bin\Xml\Movimento\NFe\Schemas\e790700_v1.00.xsd
2026-09-10 12:16:32 | INFO    | PipelineLogger.write | ARQUIVO...............: bin\Xml\Movimento\NFe\Schemas\e990900_v1.00.xsd
2026-09-10 12:16:32 | INFO    | PipelineLogger.write | ARQUIVO...............: bin\Xml\Movimento\NFe\Schemas\e990910_v1.00.xsd
2026-09-10 12:16:32 | INFO    | PipelineLogger.write | ARQUIVO...............: bin\Xml\Movimento\NFe\Schemas\envAverb_v1.00.xsd
2026-09-10 12:16:32 | INFO    | PipelineLogger.write | ARQUIVO...............: bin\Xml\Movimento\NFe\Schemas\envCancelPProrrogNFe_v1.0.xsd
2026-09-10 12:16:32 | INFO    | PipelineLogger.write | ARQUIVO...............: bin\Xml\Movimento\NFe\Schemas\envCCe_v1.00.xsd
2026-09-10 12:16:32 | INFO    | PipelineLogger.write | ARQUIVO...............: bin\Xml\Movimento\NFe\Schemas\envComprovanteEntregaNFe_v1.00.xsd
2026-09-10 12:16:32 | INFO    | PipelineLogger.write | ARQUIVO...............: bin\Xml\Movimento\NFe\Schemas\envConfRecebto_v1.00.xsd
2026-09-10 12:16:32 | INFO    | PipelineLogger.write | ARQUIVO...............: bin\Xml\Movimento\NFe\Schemas\envDPEC_v1.01.xsd
2026-09-10 12:16:32 | INFO    | PipelineLogger.write | ARQUIVO...............: bin\Xml\Movimento\NFe\Schemas\envEPEC_v1.00.xsd
2026-09-10 12:16:32 | INFO    | PipelineLogger.write | ARQUIVO...............: bin\Xml\Movimento\NFe\Schemas\envEvento_v1.00.xsd
2026-09-10 12:16:32 | INFO    | PipelineLogger.write | ARQUIVO...............: bin\Xml\Movimento\NFe\Schemas\envEventoAtorInteressado_v1.00.xsd
2026-09-10 12:16:32 | INFO    | PipelineLogger.write | ARQUIVO...............: bin\Xml\Movimento\NFe\Schemas\envEventoCancEConf_v1.00.xsd
2026-09-10 12:16:33 | INFO    | PipelineLogger.write | ARQUIVO...............: bin\Xml\Movimento\NFe\Schemas\envEventoCancEntregaNFe_v1.00.xsd
2026-09-10 12:16:34 | INFO    | PipelineLogger.write | ARQUIVO...............: bin\Xml\Movimento\NFe\Schemas\envEventoCancInsucessoNFe_v1.00.xsd
2026-09-10 12:16:34 | INFO    | PipelineLogger.write | ARQUIVO...............: bin\Xml\Movimento\NFe\Schemas\envEventoCancNFe_v1.00.xsd
2026-09-10 12:16:34 | INFO    | PipelineLogger.write | ARQUIVO...............: bin\Xml\Movimento\NFe\Schemas\envEventoCancSubst_v1.00.xsd
2026-09-10 12:16:35 | INFO    | PipelineLogger.write | ARQUIVO...............: bin\Xml\Movimento\NFe\Schemas\envEventoEConf_v1.00.xsd
2026-09-10 12:16:35 | INFO    | PipelineLogger.write | ARQUIVO...............: bin\Xml\Movimento\NFe\Schemas\envEventoEntregaNFe_v1.00.xsd
2026-09-10 12:16:35 | INFO    | PipelineLogger.write | ARQUIVO...............: bin\Xml\Movimento\NFe\Schemas\envEventoInsucessoNFe_v1.00.xsd
2026-09-10 12:16:35 | INFO    | PipelineLogger.write | ARQUIVO...............: bin\Xml\Movimento\NFe\Schemas\envFiscoNfe_v1.0.xsd
2026-09-10 12:16:35 | INFO    | PipelineLogger.write | ARQUIVO...............: bin\Xml\Movimento\NFe\Schemas\enviNFe_v2.00.xsd
2026-09-10 12:16:35 | INFO    | PipelineLogger.write | ARQUIVO...............: bin\Xml\Movimento\NFe\Schemas\enviNFe_v3.10.xsd
2026-09-10 12:16:35 | INFO    | PipelineLogger.write | ARQUIVO...............: bin\Xml\Movimento\NFe\Schemas\enviNFe_v4.00.xsd
2026-09-10 12:16:35 | INFO    | PipelineLogger.write | ARQUIVO...............: bin\Xml\Movimento\NFe\Schemas\envPProrrogNFe_v1.0.xsd
2026-09-10 12:16:35 | INFO    | PipelineLogger.write | ARQUIVO...............: bin\Xml\Movimento\NFe\Schemas\envRemIndus_v1.00.xsd
2026-09-10 12:16:35 | INFO    | PipelineLogger.write | ARQUIVO...............: bin\Xml\Movimento\NFe\Schemas\envSuframaInternaliza_v1.00.xsd
2026-09-10 12:16:35 | INFO    | PipelineLogger.write | ARQUIVO...............: bin\Xml\Movimento\NFe\Schemas\envSuframaVistoria_v1.00.xsd
2026-09-10 12:16:35 | INFO    | PipelineLogger.write | ARQUIVO...............: bin\Xml\Movimento\NFe\Schemas\EPEC_v1.00.xsd
2026-09-10 12:16:35 | INFO    | PipelineLogger.write | ARQUIVO...............: bin\Xml\Movimento\NFe\Schemas\eventoAtorInteressado_v1.00.xsd
2026-09-10 12:16:35 | INFO    | PipelineLogger.write | ARQUIVO...............: bin\Xml\Movimento\NFe\Schemas\EventoCancEConf_v1.00.xsd
2026-09-10 12:16:35 | INFO    | PipelineLogger.write | ARQUIVO...............: bin\Xml\Movimento\NFe\Schemas\eventoCancEntregaNFe_v1.00.xsd
2026-09-10 12:16:35 | INFO    | PipelineLogger.write | ARQUIVO...............: bin\Xml\Movimento\NFe\Schemas\EventoCancInsucessoNFe_v1.00.xsd
2026-09-10 12:16:35 | INFO    | PipelineLogger.write | ARQUIVO...............: bin\Xml\Movimento\NFe\Schemas\eventoCancNFe_v1.00.xsd
2026-09-10 12:16:35 | INFO    | PipelineLogger.write | ARQUIVO...............: bin\Xml\Movimento\NFe\Schemas\eventoCancSubst_v1.00.xsd
2026-09-10 12:16:35 | INFO    | PipelineLogger.write | ARQUIVO...............: bin\Xml\Movimento\NFe\Schemas\EventoEConf_v1.00.xsd
2026-09-10 12:16:35 | INFO    | PipelineLogger.write | ARQUIVO...............: bin\Xml\Movimento\NFe\Schemas\eventoEntregaNFe_v1.00.xsd
2026-09-10 12:16:36 | INFO    | PipelineLogger.write | ARQUIVO...............: bin\Xml\Movimento\NFe\Schemas\eventoEPEC_v0.01.xsd
2026-09-10 12:16:36 | INFO    | PipelineLogger.write | ARQUIVO...............: bin\Xml\Movimento\NFe\Schemas\eventoEPEC_v1.00.xsd
2026-09-10 12:16:36 | INFO    | PipelineLogger.write | ARQUIVO...............: bin\Xml\Movimento\NFe\Schemas\EventoInsucessoNFe_v1.00.xsd
2026-09-10 12:16:36 | INFO    | PipelineLogger.write | ARQUIVO...............: bin\Xml\Movimento\NFe\Schemas\eventoRemIndus_v1.00.xsd
2026-09-10 12:16:36 | INFO    | PipelineLogger.write | ARQUIVO...............: bin\Xml\Movimento\NFe\Schemas\inutNFe_v2.00.xsd
2026-09-10 12:16:36 | INFO    | PipelineLogger.write | ARQUIVO...............: bin\Xml\Movimento\NFe\Schemas\inutNFe_v3.10.xsd
2026-09-10 12:16:36 | INFO    | PipelineLogger.write | ARQUIVO...............: bin\Xml\Movimento\NFe\Schemas\inutNFe_v4.00.xsd
2026-09-10 12:16:36 | INFO    | PipelineLogger.write | ARQUIVO...............: bin\Xml\Movimento\NFe\Schemas\leiauteAverb_v1.00.xsd
2026-09-10 12:16:36 | INFO    | PipelineLogger.write | ARQUIVO...............: bin\Xml\Movimento\NFe\Schemas\LeiauteCadastroEmissorDFe_v1.01.xsd
2026-09-10 12:16:36 | INFO    | PipelineLogger.write | ARQUIVO...............: bin\Xml\Movimento\NFe\Schemas\leiauteCancNFe_v2.00.xsd
2026-09-10 12:16:36 | INFO    | PipelineLogger.write | ARQUIVO...............: bin\Xml\Movimento\NFe\Schemas\leiauteCCe_v1.00.xsd
2026-09-10 12:16:36 | INFO    | PipelineLogger.write | ARQUIVO...............: bin\Xml\Movimento\NFe\Schemas\leiauteCcgConsGTIN_v1.00.xsd
2026-09-10 12:16:36 | INFO    | PipelineLogger.write | ARQUIVO...............: bin\Xml\Movimento\NFe\Schemas\leiauteComprovanteEntregaNFe_v1.00.xsd
2026-09-10 12:16:36 | INFO    | PipelineLogger.write | ARQUIVO...............: bin\Xml\Movimento\NFe\Schemas\leiauteConfRecebto_v1.00.xsd
2026-09-10 12:16:36 | INFO    | PipelineLogger.write | ARQUIVO...............: bin\Xml\Movimento\NFe\Schemas\leiauteConsNFeDest_v1.01.xsd
2026-09-10 12:16:36 | INFO    | PipelineLogger.write | ARQUIVO...............: bin\Xml\Movimento\NFe\Schemas\leiauteConsSitNFe_v2.01.xsd
2026-09-10 12:16:36 | INFO    | PipelineLogger.write | ARQUIVO...............: bin\Xml\Movimento\NFe\Schemas\leiauteConsSitNFe_v3.10.xsd
2026-09-10 12:16:36 | INFO    | PipelineLogger.write | ARQUIVO...............: bin\Xml\Movimento\NFe\Schemas\leiauteConsSitNFe_v4.00.xsd
2026-09-10 12:16:36 | INFO    | PipelineLogger.write | ARQUIVO...............: bin\Xml\Movimento\NFe\Schemas\leiauteConsStatServ_v2.00.xsd
2026-09-10 12:16:36 | INFO    | PipelineLogger.write | ARQUIVO...............: bin\Xml\Movimento\NFe\Schemas\leiauteConsStatServ_v3.10.xsd
2026-09-10 12:16:36 | INFO    | PipelineLogger.write | ARQUIVO...............: bin\Xml\Movimento\NFe\Schemas\leiauteConsStatServ_v4.00.xsd
2026-09-10 12:16:36 | INFO    | PipelineLogger.write | ARQUIVO...............: bin\Xml\Movimento\NFe\Schemas\leiauteConsultaCadastro_v1.01.xsd
2026-09-10 12:16:36 | INFO    | PipelineLogger.write | ARQUIVO...............: bin\Xml\Movimento\NFe\Schemas\leiauteConsultaCadastro_v2.00.xsd
2026-09-10 12:16:37 | INFO    | PipelineLogger.write | ARQUIVO...............: bin\Xml\Movimento\NFe\Schemas\leiauteConsultaCadastro_v3.10.xsd
2026-09-10 12:16:37 | INFO    | PipelineLogger.write | ARQUIVO...............: bin\Xml\Movimento\NFe\Schemas\leiauteDownloadNFe_v1.00.xsd
2026-09-10 12:16:37 | INFO    | PipelineLogger.write | ARQUIVO...............: bin\Xml\Movimento\NFe\Schemas\leiauteDPEC_v1.01.xsd
2026-09-10 12:16:37 | INFO    | PipelineLogger.write | ARQUIVO...............: bin\Xml\Movimento\NFe\Schemas\leiauteEPEC_v1.00.xsd
2026-09-10 12:16:37 | INFO    | PipelineLogger.write | ARQUIVO...............: bin\Xml\Movimento\NFe\Schemas\leiauteEvento_v1.00.xsd
2026-09-10 12:16:37 | INFO    | PipelineLogger.write | ARQUIVO...............: bin\Xml\Movimento\NFe\Schemas\leiauteEventoAtorInteressado_v1.00.xsd
2026-09-10 12:16:37 | INFO    | PipelineLogger.write | ARQUIVO...............: bin\Xml\Movimento\NFe\Schemas\leiauteEventoCancEConf_v1.00.xsd
2026-09-10 12:16:37 | INFO    | PipelineLogger.write | ARQUIVO...............: bin\Xml\Movimento\NFe\Schemas\leiauteEventoCancEntregaNFe_v1.00.xsd
2026-09-10 12:16:37 | INFO    | PipelineLogger.write | ARQUIVO...............: bin\Xml\Movimento\NFe\Schemas\leiauteEventoCancInsucessoNFe_v1.00.xsd
2026-09-10 12:16:37 | INFO    | PipelineLogger.write | ARQUIVO...............: bin\Xml\Movimento\NFe\Schemas\leiauteEventoCancNFe_v1.00.xsd
2026-09-10 12:16:37 | INFO    | PipelineLogger.write | ARQUIVO...............: bin\Xml\Movimento\NFe\Schemas\leiauteEventoCancSubst_v1.00.xsd
2026-09-10 12:16:37 | INFO    | PipelineLogger.write | ARQUIVO...............: bin\Xml\Movimento\NFe\Schemas\leiauteEventoEConf_v1.00.xsd
2026-09-10 12:16:37 | INFO    | PipelineLogger.write | ARQUIVO...............: bin\Xml\Movimento\NFe\Schemas\leiauteEventoEntregaNFe_v1.00.xsd
2026-09-10 12:16:37 | INFO    | PipelineLogger.write | ARQUIVO...............: bin\Xml\Movimento\NFe\Schemas\leiauteEventoInsucessoNFe_v1.00.xsd
2026-09-10 12:16:37 | INFO    | PipelineLogger.write | ARQUIVO...............: bin\Xml\Movimento\NFe\Schemas\leiauteInutNFe_v2.00.xsd
2026-09-10 12:16:37 | INFO    | PipelineLogger.write | ARQUIVO...............: bin\Xml\Movimento\NFe\Schemas\leiauteInutNFe_v3.10.xsd
2026-09-10 12:16:37 | INFO    | PipelineLogger.write | ARQUIVO...............: bin\Xml\Movimento\NFe\Schemas\leiauteInutNFe_v4.00.xsd
2026-09-10 12:16:37 | INFO    | PipelineLogger.write | ARQUIVO...............: bin\Xml\Movimento\NFe\Schemas\leiauteLivroCombustivel_v1.00.xsd
2026-09-10 12:16:37 | INFO    | PipelineLogger.write | ARQUIVO...............: bin\Xml\Movimento\NFe\Schemas\leiauteLMCAutorizacao_v1.00.xsd
2026-09-10 12:16:37 | INFO    | PipelineLogger.write | ARQUIVO...............: bin\Xml\Movimento\NFe\Schemas\leiauteLMCAutorizacaoRetorno_v1.00.xsd
2026-09-10 12:16:37 | INFO    | PipelineLogger.write | ARQUIVO...............: bin\Xml\Movimento\NFe\Schemas\leiauteLMCStatusServico_v1.00.xsd
2026-09-10 12:16:38 | INFO    | PipelineLogger.write | ARQUIVO...............: bin\Xml\Movimento\NFe\Schemas\leiauteNFe_v2.00.xsd
2026-09-10 12:16:38 | INFO    | PipelineLogger.write | ARQUIVO...............: bin\Xml\Movimento\NFe\Schemas\leiauteNFe_v3.10.xsd
2026-09-10 12:16:38 | INFO    | PipelineLogger.write | ARQUIVO...............: bin\Xml\Movimento\NFe\Schemas\leiauteNFe_v4.00.xsd
2026-09-10 12:16:39 | INFO    | PipelineLogger.write | ARQUIVO...............: bin\Xml\Movimento\NFe\Schemas\leiauteNFe_v4.00_Homologacao.xsd
2026-09-10 12:16:39 | INFO    | PipelineLogger.write | ARQUIVO...............: bin\Xml\Movimento\NFe\Schemas\leiauteProtLivroCombustivel_v1.00.xsd
2026-09-10 12:16:40 | INFO    | PipelineLogger.write | ARQUIVO...............: bin\Xml\Movimento\NFe\Schemas\leiauteRemIndus_v1.00.xsd
2026-09-10 12:16:41 | INFO    | PipelineLogger.write | ARQUIVO...............: bin\Xml\Movimento\NFe\Schemas\leiauteSRE_v1.00.xsd
2026-09-10 12:16:41 | INFO    | PipelineLogger.write | ARQUIVO...............: bin\Xml\Movimento\NFe\Schemas\leiauteSuframaInternaliza_v1.00.xsd
2026-09-10 12:16:42 | INFO    | PipelineLogger.write | ARQUIVO...............: bin\Xml\Movimento\NFe\Schemas\leiauteSuframaVistoria_v1.00.xsd
2026-09-10 12:16:42 | INFO    | PipelineLogger.write | ARQUIVO...............: bin\Xml\Movimento\NFe\Schemas\livroCombustivel_v1.00.xsd
2026-09-10 12:16:43 | INFO    | PipelineLogger.write | ARQUIVO...............: bin\Xml\Movimento\NFe\Schemas\lmcComum_v1.00.xsd
2026-09-10 12:16:43 | INFO    | PipelineLogger.write | ARQUIVO...............: bin\Xml\Movimento\NFe\Schemas\nfe_v2.00.xsd
2026-09-10 12:16:43 | INFO    | PipelineLogger.write | ARQUIVO...............: bin\Xml\Movimento\NFe\Schemas\nfe_v3.10.xsd
2026-09-10 12:16:43 | INFO    | PipelineLogger.write | ARQUIVO...............: bin\Xml\Movimento\NFe\Schemas\nfe_v4.00.xsd
2026-09-10 12:16:43 | INFO    | PipelineLogger.write | ARQUIVO...............: bin\Xml\Movimento\NFe\Schemas\procAverbNFe_v1.00.xsd
2026-09-10 12:16:43 | INFO    | PipelineLogger.write | ARQUIVO...............: bin\Xml\Movimento\NFe\Schemas\procCancNFe_v2.00.xsd
2026-09-10 12:16:44 | INFO    | PipelineLogger.write | ARQUIVO...............: bin\Xml\Movimento\NFe\Schemas\procCCeNFe_v1.00.xsd
2026-09-10 12:16:44 | INFO    | PipelineLogger.write | ARQUIVO...............: bin\Xml\Movimento\NFe\Schemas\procComprovanteEntregaNFe_v1.00.xsd
2026-09-10 12:16:44 | INFO    | PipelineLogger.write | ARQUIVO...............: bin\Xml\Movimento\NFe\Schemas\procConfRecebtoNFe_v1.00.xsd
2026-09-10 12:16:44 | INFO    | PipelineLogger.write | ARQUIVO...............: bin\Xml\Movimento\NFe\Schemas\procEPEC_v1.00.xsd
2026-09-10 12:16:44 | INFO    | PipelineLogger.write | ARQUIVO...............: bin\Xml\Movimento\NFe\Schemas\procEventoAtorInteressado_v1.00.xsd
2026-09-10 12:16:44 | INFO    | PipelineLogger.write | ARQUIVO...............: bin\Xml\Movimento\NFe\Schemas\procEventoCancEConf_v1.00.xsd
2026-09-10 12:16:44 | INFO    | PipelineLogger.write | ARQUIVO...............: bin\Xml\Movimento\NFe\Schemas\procEventoCancEntregaNFe_v1.00.xsd
2026-09-10 12:16:44 | INFO    | PipelineLogger.write | ARQUIVO...............: bin\Xml\Movimento\NFe\Schemas\procEventoCancInsucessoNFe_v1.00.xsd
2026-09-10 12:16:45 | INFO    | PipelineLogger.write | ARQUIVO...............: bin\Xml\Movimento\NFe\Schemas\procEventoCancNFe_v1.00.xsd
2026-09-10 12:16:45 | INFO    | PipelineLogger.write | ARQUIVO...............: bin\Xml\Movimento\NFe\Schemas\procEventoCancSubst_v1.00.xsd
2026-09-10 12:16:46 | INFO    | PipelineLogger.write | ARQUIVO...............: bin\Xml\Movimento\NFe\Schemas\procEventoEConf_v1.00.xsd
2026-09-10 12:16:46 | INFO    | PipelineLogger.write | ARQUIVO...............: bin\Xml\Movimento\NFe\Schemas\procEventoEntregaNFe_v1.00.xsd
2026-09-10 12:16:47 | INFO    | PipelineLogger.write | ARQUIVO...............: bin\Xml\Movimento\NFe\Schemas\procEventoInsucessoNFe_v1.00.xsd
2026-09-10 12:16:47 | INFO    | PipelineLogger.write | ARQUIVO...............: bin\Xml\Movimento\NFe\Schemas\procEventoNFe_v1.00.xsd
2026-09-10 12:16:47 | INFO    | PipelineLogger.write | ARQUIVO...............: bin\Xml\Movimento\NFe\Schemas\procEventoNFe_v99.99.xsd
2026-09-10 12:16:47 | INFO    | PipelineLogger.write | ARQUIVO...............: bin\Xml\Movimento\NFe\Schemas\procInutNFe_v2.00.xsd
2026-09-10 12:16:47 | INFO    | PipelineLogger.write | ARQUIVO...............: bin\Xml\Movimento\NFe\Schemas\procInutNFe_v3.10.xsd
2026-09-10 12:16:47 | INFO    | PipelineLogger.write | ARQUIVO...............: bin\Xml\Movimento\NFe\Schemas\procInutNFe_v4.00.xsd
2026-09-10 12:16:47 | INFO    | PipelineLogger.write | ARQUIVO...............: bin\Xml\Movimento\NFe\Schemas\procNFe_v2.00.xsd
2026-09-10 12:16:48 | INFO    | PipelineLogger.write | ARQUIVO...............: bin\Xml\Movimento\NFe\Schemas\procNFe_v3.10.xsd
2026-09-10 12:16:48 | INFO    | PipelineLogger.write | ARQUIVO...............: bin\Xml\Movimento\NFe\Schemas\procNFe_v4.00.xsd
2026-09-10 12:16:48 | INFO    | PipelineLogger.write | ARQUIVO...............: bin\Xml\Movimento\NFe\Schemas\procRemIndus_v1.00.xsd
2026-09-10 12:16:48 | INFO    | PipelineLogger.write | ARQUIVO...............: bin\Xml\Movimento\NFe\Schemas\prod_leiauteNFe_v4.00.xsd
2026-09-10 12:16:49 | INFO    | PipelineLogger.write | ARQUIVO...............: bin\Xml\Movimento\NFe\Schemas\resEvento_v1.00.xsd
2026-09-10 12:16:49 | INFO    | PipelineLogger.write | ARQUIVO...............: bin\Xml\Movimento\NFe\Schemas\resEvento_v1.01.xsd
2026-09-10 12:16:50 | INFO    | PipelineLogger.write | ARQUIVO...............: bin\Xml\Movimento\NFe\Schemas\resNFe_v1.00.xsd
2026-09-10 12:16:50 | INFO    | PipelineLogger.write | ARQUIVO...............: bin\Xml\Movimento\NFe\Schemas\resNFe_v1.01.xsd
2026-09-10 12:16:50 | INFO    | PipelineLogger.write | ARQUIVO...............: bin\Xml\Movimento\NFe\Schemas\retAtuCadEmiDFe_v1.01.xsd
2026-09-10 12:16:51 | INFO    | PipelineLogger.write | ARQUIVO...............: bin\Xml\Movimento\NFe\Schemas\retCancNFe_v2.00.xsd
2026-09-10 12:16:51 | INFO    | PipelineLogger.write | ARQUIVO...............: bin\Xml\Movimento\NFe\Schemas\retComprovanteEntregaNFe_v1.00.xsd
2026-09-10 12:16:52 | INFO    | PipelineLogger.write | ARQUIVO...............: bin\Xml\Movimento\NFe\Schemas\retConsCad_v2.00.xsd
2026-09-10 12:16:52 | INFO    | PipelineLogger.write | ARQUIVO...............: bin\Xml\Movimento\NFe\Schemas\retConsDPEC_v1.01.xsd
2026-09-10 12:16:53 | INFO    | PipelineLogger.write | ARQUIVO...............: bin\Xml\Movimento\NFe\Schemas\retConsGTIN_v1.00.xsd
2026-09-10 12:16:53 | INFO    | PipelineLogger.write | ARQUIVO...............: bin\Xml\Movimento\NFe\Schemas\retconsNFeDest_v1.01.xsd
2026-09-10 12:16:53 | INFO    | PipelineLogger.write | ARQUIVO...............: bin\Xml\Movimento\NFe\Schemas\retConsReciNFe_v2.00.xsd
2026-09-10 12:16:54 | INFO    | PipelineLogger.write | ARQUIVO...............: bin\Xml\Movimento\NFe\Schemas\retConsReciNFe_v3.10.xsd
2026-09-10 12:16:54 | INFO    | PipelineLogger.write | ARQUIVO...............: bin\Xml\Movimento\NFe\Schemas\retConsReciNFe_v4.00.xsd
2026-09-10 12:16:55 | INFO    | PipelineLogger.write | ARQUIVO...............: bin\Xml\Movimento\NFe\Schemas\retConsSitNFe_v2.01.xsd
2026-09-10 12:16:55 | INFO    | PipelineLogger.write | ARQUIVO...............: bin\Xml\Movimento\NFe\Schemas\retConsSitNFe_v3.10.xsd
2026-09-10 12:16:56 | INFO    | PipelineLogger.write | ARQUIVO...............: bin\Xml\Movimento\NFe\Schemas\retConsSitNFe_v4.00.xsd
2026-09-10 12:16:56 | INFO    | PipelineLogger.write | ARQUIVO...............: bin\Xml\Movimento\NFe\Schemas\retConsStatServ_v2.00.xsd
2026-09-10 12:16:57 | INFO    | PipelineLogger.write | ARQUIVO...............: bin\Xml\Movimento\NFe\Schemas\retConsStatServ_v3.10.xsd
2026-09-10 12:16:57 | INFO    | PipelineLogger.write | ARQUIVO...............: bin\Xml\Movimento\NFe\Schemas\retConsStatServ_v4.00.xsd
2026-09-10 12:16:58 | INFO    | PipelineLogger.write | ARQUIVO...............: bin\Xml\Movimento\NFe\Schemas\retDistDFeInt_v1.00.xsd
2026-09-10 12:16:58 | INFO    | PipelineLogger.write | ARQUIVO...............: bin\Xml\Movimento\NFe\Schemas\retDistDFeInt_v1.01.xsd
2026-09-10 12:16:58 | INFO    | PipelineLogger.write | ARQUIVO...............: bin\Xml\Movimento\NFe\Schemas\retDownloadNFe_v1.00.xsd
2026-09-10 12:16:58 | INFO    | PipelineLogger.write | ARQUIVO...............: bin\Xml\Movimento\NFe\Schemas\retDPEC_v1.01.xsd
2026-09-10 12:16:58 | INFO    | PipelineLogger.write | ARQUIVO...............: bin\Xml\Movimento\NFe\Schemas\retEnvAverb_v1.00.xsd
2026-09-10 12:16:58 | INFO    | PipelineLogger.write | ARQUIVO...............: bin\Xml\Movimento\NFe\Schemas\retEnvCancelPProrrogNFe_v1.0.xsd
2026-09-10 12:16:58 | INFO    | PipelineLogger.write | ARQUIVO...............: bin\Xml\Movimento\NFe\Schemas\retEnvCCe_v1.00.xsd
2026-09-10 12:16:58 | INFO    | PipelineLogger.write | ARQUIVO...............: bin\Xml\Movimento\NFe\Schemas\retEnvConfRecebto_v1.00.xsd
2026-09-10 12:16:58 | INFO    | PipelineLogger.write | ARQUIVO...............: bin\Xml\Movimento\NFe\Schemas\retEnvEPEC_v1.00.xsd
2026-09-10 12:16:58 | INFO    | PipelineLogger.write | ARQUIVO...............: bin\Xml\Movimento\NFe\Schemas\retEnvEvento_v1.00.xsd
2026-09-10 12:16:58 | INFO    | PipelineLogger.write | ARQUIVO...............: bin\Xml\Movimento\NFe\Schemas\retEnvEventoAtorInteressado_v1.00.xsd
2026-09-10 12:16:58 | INFO    | PipelineLogger.write | ARQUIVO...............: bin\Xml\Movimento\NFe\Schemas\retEnvEventoCancNFe_v1.00.xsd
2026-09-10 12:16:58 | INFO    | PipelineLogger.write | ARQUIVO...............: bin\Xml\Movimento\NFe\Schemas\retEnvEventoCancSubst_v1.00.xsd
2026-09-10 12:16:58 | INFO    | PipelineLogger.write | ARQUIVO...............: bin\Xml\Movimento\NFe\Schemas\retEnvFiscoNFe_v1.0.xsd
2026-09-10 12:16:58 | INFO    | PipelineLogger.write | ARQUIVO...............: bin\Xml\Movimento\NFe\Schemas\retEnviNFe_v2.00.xsd
2026-09-10 12:16:58 | INFO    | PipelineLogger.write | ARQUIVO...............: bin\Xml\Movimento\NFe\Schemas\retEnviNFe_v3.10.xsd
2026-09-10 12:16:58 | INFO    | PipelineLogger.write | ARQUIVO...............: bin\Xml\Movimento\NFe\Schemas\retEnviNFe_v4.00.xsd
2026-09-10 12:16:58 | INFO    | PipelineLogger.write | ARQUIVO...............: bin\Xml\Movimento\NFe\Schemas\retEnvRemIndus_v1.00.xsd
2026-09-10 12:16:59 | INFO    | PipelineLogger.write | ARQUIVO...............: bin\Xml\Movimento\NFe\Schemas\retEnvSuframaInternaliza_v1.00.xsd
2026-09-10 12:16:59 | INFO    | PipelineLogger.write | ARQUIVO...............: bin\Xml\Movimento\NFe\Schemas\retEnvSuframaVistoria_v1.00.xsd
2026-09-10 12:16:59 | INFO    | PipelineLogger.write | ARQUIVO...............: bin\Xml\Movimento\NFe\Schemas\retEventoCancEConf_v1.00.xsd
2026-09-10 12:16:59 | INFO    | PipelineLogger.write | ARQUIVO...............: bin\Xml\Movimento\NFe\Schemas\retEventoCancEntregaNFe_v1.00.xsd
2026-09-10 12:16:59 | INFO    | PipelineLogger.write | ARQUIVO...............: bin\Xml\Movimento\NFe\Schemas\retEventoCancInsucessoNFe_v1.00.xsd
2026-09-10 12:16:59 | INFO    | PipelineLogger.write | ARQUIVO...............: bin\Xml\Movimento\NFe\Schemas\retEventoEConf_v1.00.xsd
2026-09-10 12:16:59 | INFO    | PipelineLogger.write | ARQUIVO...............: bin\Xml\Movimento\NFe\Schemas\retEventoEntregaNFe_v1.00.xsd
2026-09-10 12:16:59 | INFO    | PipelineLogger.write | ARQUIVO...............: bin\Xml\Movimento\NFe\Schemas\retEventoEPEC_v0.01.xsd
2026-09-10 12:16:59 | INFO    | PipelineLogger.write | ARQUIVO...............: bin\Xml\Movimento\NFe\Schemas\retEventoInsucessoNFe_v1.00.xsd
2026-09-10 12:16:59 | INFO    | PipelineLogger.write | ARQUIVO...............: bin\Xml\Movimento\NFe\Schemas\retInutNFe_v2.00.xsd
2026-09-10 12:16:59 | INFO    | PipelineLogger.write | ARQUIVO...............: bin\Xml\Movimento\NFe\Schemas\retInutNFe_v3.10.xsd
2026-09-10 12:16:59 | INFO    | PipelineLogger.write | ARQUIVO...............: bin\Xml\Movimento\NFe\Schemas\retInutNFe_v4.00.xsd
2026-09-10 12:16:59 | INFO    | PipelineLogger.write | ARQUIVO...............: bin\Xml\Movimento\NFe\Schemas\retPProrrogNFe_v1.0.xsd
2026-09-10 12:16:59 | INFO    | PipelineLogger.write | ARQUIVO...............: bin\Xml\Movimento\NFe\Schemas\statusServico_v1.00.xsd
2026-09-10 12:16:59 | INFO    | PipelineLogger.write | ARQUIVO...............: bin\Xml\Movimento\NFe\Schemas\SuframaInternaliza_v1.00.xsd
2026-09-10 12:16:59 | INFO    | PipelineLogger.write | ARQUIVO...............: bin\Xml\Movimento\NFe\Schemas\SuframaVistoria_v1.00.xsd
2026-09-10 12:16:59 | INFO    | PipelineLogger.write | ARQUIVO...............: bin\Xml\Movimento\NFe\Schemas\tiposBasico_v1.00.xsd
2026-09-10 12:16:59 | INFO    | PipelineLogger.write | ARQUIVO...............: bin\Xml\Movimento\NFe\Schemas\tiposBasico_v1.03.xsd
2026-09-10 12:17:00 | INFO    | PipelineLogger.write | ARQUIVO...............: bin\Xml\Movimento\NFe\Schemas\tiposBasico_v1.03_OPENSSL.xsd
2026-09-10 12:17:00 | INFO    | PipelineLogger.write | ARQUIVO...............: bin\Xml\Movimento\NFe\Schemas\tiposBasico_v3.10.xsd
2026-09-10 12:17:00 | INFO    | PipelineLogger.write | ARQUIVO...............: bin\Xml\Movimento\NFe\Schemas\tiposBasico_v3.10_OPENSSL.xsd
2026-09-10 12:17:00 | INFO    | PipelineLogger.write | ARQUIVO...............: bin\Xml\Movimento\NFe\Schemas\tiposBasico_v4.00.xsd
2026-09-10 12:17:00 | INFO    | PipelineLogger.write | ARQUIVO...............: bin\Xml\Movimento\NFe\Schemas\tiposBasicosCcgConsGTIN_v1.00.xsd
2026-09-10 12:17:00 | INFO    | PipelineLogger.write | ARQUIVO...............: bin\Xml\Movimento\NFe\Schemas\tiposDistDFe_v1.00.xsd
2026-09-10 12:17:00 | INFO    | PipelineLogger.write | ARQUIVO...............: bin\Xml\Movimento\NFe\Schemas\tiposDistDFe_v1.01.xsd
2026-09-10 12:17:00 | INFO    | PipelineLogger.write | ARQUIVO...............: bin\Xml\Movimento\NFe\Schemas\xmldsig-core-schema_v1.01.xsd
2026-09-10 12:17:00 | INFO    | PipelineLogger.write | ARQUIVO...............: bin\Xml\Movimento\NFSe\Abaco\1.00\nfse_v2010.xsd
2026-09-10 12:17:00 | INFO    | PipelineLogger.write | ARQUIVO...............: bin\Xml\Movimento\NFSe\Abaco\1.00\xmldsig-core-schema20020212.xsd
2026-09-10 12:17:00 | INFO    | PipelineLogger.write | ARQUIVO...............: bin\Xml\Movimento\NFSe\Abaco\1.01\nfse_v2010.xsd
2026-09-10 12:17:00 | INFO    | PipelineLogger.write | ARQUIVO...............: bin\Xml\Movimento\NFSe\Abaco\1.01\xmldsig-core-schema20020212.xsd
2026-09-10 12:17:00 | INFO    | PipelineLogger.write | ARQUIVO...............: bin\Xml\Movimento\NFSe\Abaco\2.04\nfse.xsd
2026-09-10 12:17:01 | INFO    | PipelineLogger.write | ARQUIVO...............: bin\Xml\Movimento\NFSe\Abaco\2.04\xmldsig-core-schema20020212.xsd
2026-09-10 12:17:01 | INFO    | PipelineLogger.write | ARQUIVO...............: bin\Xml\Movimento\NFSe\Abaco\xmldsig-core-schema20020212.xsd
2026-09-10 12:17:02 | INFO    | PipelineLogger.write | ARQUIVO...............: bin\Xml\Movimento\NFSe\ABase\2.01\nfse.xsd
2026-09-10 12:17:02 | INFO    | PipelineLogger.write | ARQUIVO...............: bin\Xml\Movimento\NFSe\ABase\2.01\xmldsig-core-schema20020212.xsd
2026-09-10 12:17:03 | INFO    | PipelineLogger.write | ARQUIVO...............: bin\Xml\Movimento\NFSe\ABase\xmldsig-core-schema20020212.xsd
2026-09-10 12:17:03 | INFO    | PipelineLogger.write | ARQUIVO...............: bin\Xml\Movimento\NFSe\ABRASF\1.00\nfse.xsd
2026-09-10 12:17:03 | INFO    | PipelineLogger.write | ARQUIVO...............: bin\Xml\Movimento\NFSe\ABRASF\1.00\xmldsig-core-schema20020212.xsd
2026-09-10 12:17:04 | INFO    | PipelineLogger.write | ARQUIVO...............: bin\Xml\Movimento\NFSe\ABRASF\2.00\nfse v200.xsd
2026-09-10 12:17:04 | INFO    | PipelineLogger.write | ARQUIVO...............: bin\Xml\Movimento\NFSe\ABRASF\2.00\xmldsig-core-schema20020212.xsd
2026-09-10 12:17:04 | INFO    | PipelineLogger.write | ARQUIVO...............: bin\Xml\Movimento\NFSe\ABRASF\2.01\nfse v201.xsd
2026-09-10 12:17:04 | INFO    | PipelineLogger.write | ARQUIVO...............: bin\Xml\Movimento\NFSe\ABRASF\2.01\xmldsig-core-schema20020212.xsd
2026-09-10 12:17:04 | INFO    | PipelineLogger.write | ARQUIVO...............: bin\Xml\Movimento\NFSe\ABRASF\2.02\nfse v202.xsd
2026-09-10 12:17:04 | INFO    | PipelineLogger.write | ARQUIVO...............: bin\Xml\Movimento\NFSe\ABRASF\2.02\xmldsig-core-schema20020212.xsd
2026-09-10 12:17:04 | INFO    | PipelineLogger.write | ARQUIVO...............: bin\Xml\Movimento\NFSe\ABRASF\2.03\nfse_v203.xsd
2026-09-10 12:17:04 | INFO    | PipelineLogger.write | ARQUIVO...............: bin\Xml\Movimento\NFSe\ABRASF\2.03\xmldsig-core-schema20020212.xsd
2026-09-10 12:17:04 | INFO    | PipelineLogger.write | ARQUIVO...............: bin\Xml\Movimento\NFSe\ABRASF\2.04\nfse_v204.xsd
2026-09-10 12:17:04 | INFO    | PipelineLogger.write | ARQUIVO...............: bin\Xml\Movimento\NFSe\ABRASF\2.04\xmldsig-core-schema20020212.xsd
2026-09-10 12:17:05 | INFO    | PipelineLogger.write | ARQUIVO...............: bin\Xml\Movimento\NFSe\Betha\1.00\servico_cancelar_nfse_envio_v01.xsd
2026-09-10 12:17:05 | INFO    | PipelineLogger.write | ARQUIVO...............: bin\Xml\Movimento\NFSe\Betha\1.00\servico_cancelar_nfse_resposta_v01.xsd
2026-09-10 12:17:05 | INFO    | PipelineLogger.write | ARQUIVO...............: bin\Xml\Movimento\NFSe\Betha\1.00\servico_consultar_lote_rps_envio_v01.xsd
2026-09-10 12:17:06 | INFO    | PipelineLogger.write | ARQUIVO...............: bin\Xml\Movimento\NFSe\Betha\1.00\servico_consultar_lote_rps_resposta_v01.xsd
2026-09-10 12:17:06 | INFO    | PipelineLogger.write | ARQUIVO...............: bin\Xml\Movimento\NFSe\Betha\1.00\servico_consultar_nfse_envio_v01.xsd
2026-09-10 12:17:06 | INFO    | PipelineLogger.write | ARQUIVO...............: bin\Xml\Movimento\NFSe\Betha\1.00\servico_consultar_nfse_resposta_v01.xsd
2026-09-10 12:17:06 | INFO    | PipelineLogger.write | ARQUIVO...............: bin\Xml\Movimento\NFSe\Betha\1.00\servico_consultar_nfse_rps_envio_v01.xsd
2026-09-10 12:17:06 | INFO    | PipelineLogger.write | ARQUIVO...............: bin\Xml\Movimento\NFSe\Betha\1.00\servico_consultar_nfse_rps_resposta_v01.xsd
2026-09-10 12:17:06 | INFO    | PipelineLogger.write | ARQUIVO...............: bin\Xml\Movimento\NFSe\Betha\1.00\servico_consultar_situacao_lote_rps_envio_v01.xsd
2026-09-10 12:17:07 | INFO    | PipelineLogger.write | ARQUIVO...............: bin\Xml\Movimento\NFSe\Betha\1.00\servico_consultar_situacao_lote_rps_resposta_v01.xsd
2026-09-10 12:17:08 | INFO    | PipelineLogger.write | ARQUIVO...............: bin\Xml\Movimento\NFSe\Betha\1.00\servico_enviar_lote_rps_envio_v01.xsd
2026-09-10 12:17:08 | INFO    | PipelineLogger.write | ARQUIVO...............: bin\Xml\Movimento\NFSe\Betha\1.00\servico_enviar_lote_rps_resposta_v01.xsd
2026-09-10 12:17:08 | INFO    | PipelineLogger.write | ARQUIVO...............: bin\Xml\Movimento\NFSe\Betha\1.00\TiposNFe_v01.xsd
2026-09-10 12:17:09 | INFO    | PipelineLogger.write | ARQUIVO...............: bin\Xml\Movimento\NFSe\Betha\1.00\xmldsig-core-schema_v01.xsd
2026-09-10 12:17:09 | INFO    | PipelineLogger.write | ARQUIVO...............: bin\Xml\Movimento\NFSe\Betha\2.02\nfse_v202.xsd
2026-09-10 12:17:09 | INFO    | PipelineLogger.write | ARQUIVO...............: bin\Xml\Movimento\NFSe\Betha\2.02\xmldsig-core-schema20020212.xsd
2026-09-10 12:17:09 | INFO    | PipelineLogger.write | ARQUIVO...............: bin\Xml\Movimento\NFSe\BHISS\xmldsig-core-schema20020212.xsd
2026-09-10 12:17:10 | INFO    | PipelineLogger.write | ARQUIVO...............: bin\Xml\Movimento\NFSe\Citta\2.03\nfse.xsd
2026-09-10 12:17:10 | INFO    | PipelineLogger.write | ARQUIVO...............: bin\Xml\Movimento\NFSe\Citta\2.03\xmldsig-core-schema20020212.xsd
2026-09-10 12:17:11 | INFO    | PipelineLogger.write | ARQUIVO...............: bin\Xml\Movimento\NFSe\Conam\1.00\Informacao.txt
2026-09-10 12:17:11 | INFO    | PipelineLogger.write | ARQUIVO...............: bin\Xml\Movimento\NFSe\Coplan\2.01\nfse.xsd
2026-09-10 12:17:11 | INFO    | PipelineLogger.write | ARQUIVO...............: bin\Xml\Movimento\NFSe\Coplan\2.01\xmldsig-core-schema20020212.xsd
2026-09-10 12:17:11 | INFO    | PipelineLogger.write | ARQUIVO...............: bin\Xml\Movimento\NFSe\DBSeller\1.00\nfse.xsd
2026-09-10 12:17:12 | INFO    | PipelineLogger.write | ARQUIVO...............: bin\Xml\Movimento\NFSe\DBSeller\1.00\xmldsig-core-schema_v01.xsd
2026-09-10 12:17:13 | INFO    | PipelineLogger.write | ARQUIVO...............: bin\Xml\Movimento\NFSe\DBSeller\2.04\nfse.xsd
2026-09-10 12:17:13 | INFO    | PipelineLogger.write | ARQUIVO...............: bin\Xml\Movimento\NFSe\DBSeller\2.04\xmldsig-core-schema20020212.xsd
2026-09-10 12:17:14 | INFO    | PipelineLogger.write | ARQUIVO...............: bin\Xml\Movimento\NFSe\DSF\1.00\nfse.xsd
2026-09-10 12:17:14 | INFO    | PipelineLogger.write | ARQUIVO...............: bin\Xml\Movimento\NFSe\DSF\1.00\xmldsig-core-schema20020212.xsd
2026-09-10 12:17:14 | INFO    | PipelineLogger.write | ARQUIVO...............: bin\Xml\Movimento\NFSe\DSF\2.00\nfse.xsd
2026-09-10 12:17:15 | INFO    | PipelineLogger.write | ARQUIVO...............: bin\Xml\Movimento\NFSe\DSF\2.00\xmldsig-core-schema20020212.xsd
2026-09-10 12:17:15 | INFO    | PipelineLogger.write | ARQUIVO...............: bin\Xml\Movimento\NFSe\DSF\2.03\nfse.xsd
2026-09-10 12:17:15 | INFO    | PipelineLogger.write | ARQUIVO...............: bin\Xml\Movimento\NFSe\DSF\2.03\xmldsig-core-schema20020212.xsd
2026-09-10 12:17:15 | INFO    | PipelineLogger.write | ARQUIVO...............: bin\Xml\Movimento\NFSe\Equiplano\1.00\esCancelarNfseEnvio_v01.xsd
2026-09-10 12:17:15 | INFO    | PipelineLogger.write | ARQUIVO...............: bin\Xml\Movimento\NFSe\Equiplano\1.00\esCancelarNfseResposta_v01.xsd
2026-09-10 12:17:15 | INFO    | PipelineLogger.write | ARQUIVO...............: bin\Xml\Movimento\NFSe\Equiplano\1.00\esConsultarLoteRpsEnvio_v01.xsd
2026-09-10 12:17:15 | INFO    | PipelineLogger.write | ARQUIVO...............: bin\Xml\Movimento\NFSe\Equiplano\1.00\esConsultarLoteRpsResposta_v01.xsd
2026-09-10 12:17:15 | INFO    | PipelineLogger.write | ARQUIVO...............: bin\Xml\Movimento\NFSe\Equiplano\1.00\esConsultarNfseEnvio_v01.xsd
2026-09-10 12:17:15 | INFO    | PipelineLogger.write | ARQUIVO...............: bin\Xml\Movimento\NFSe\Equiplano\1.00\esConsultarNfsePorRpsEnvio_v01.xsd
2026-09-10 12:17:15 | INFO    | PipelineLogger.write | ARQUIVO...............: bin\Xml\Movimento\NFSe\Equiplano\1.00\esConsultarNfsePorRpsResposta_v01.xsd
2026-09-10 12:17:15 | INFO    | PipelineLogger.write | ARQUIVO...............: bin\Xml\Movimento\NFSe\Equiplano\1.00\esConsultarNfseResposta_v01.xsd
2026-09-10 12:17:15 | INFO    | PipelineLogger.write | ARQUIVO...............: bin\Xml\Movimento\NFSe\Equiplano\1.00\esConsultarSituacaoLoteRpsEnvio_v01.xsd
2026-09-10 12:17:15 | INFO    | PipelineLogger.write | ARQUIVO...............: bin\Xml\Movimento\NFSe\Equiplano\1.00\esConsultarSituacaoLoteRpsResposta_v01.xsd
2026-09-10 12:17:15 | INFO    | PipelineLogger.write | ARQUIVO...............: bin\Xml\Movimento\NFSe\Equiplano\1.00\esRecepcionarLoteRpsEnvio_v01.xsd
2026-09-10 12:17:16 | INFO    | PipelineLogger.write | ARQUIVO...............: bin\Xml\Movimento\NFSe\Equiplano\1.00\esRecepcionarLoteRpsResposta_v01.xsd
2026-09-10 12:17:16 | INFO    | PipelineLogger.write | ARQUIVO...............: bin\Xml\Movimento\NFSe\Equiplano\1.00\TiposEsnfs_v01.xsd
2026-09-10 12:17:16 | INFO    | PipelineLogger.write | ARQUIVO...............: bin\Xml\Movimento\NFSe\Equiplano\1.00\xmldsig-core-schema_v01.xsd
2026-09-10 12:17:16 | INFO    | PipelineLogger.write | ARQUIVO...............: bin\Xml\Movimento\NFSe\Fiorilli\2.00\nfse.xsd
2026-09-10 12:17:16 | INFO    | PipelineLogger.write | ARQUIVO...............: bin\Xml\Movimento\NFSe\Fiorilli\2.00\xmldsig-core-schema20020212.xsd
2026-09-10 12:17:16 | INFO    | PipelineLogger.write | ARQUIVO...............: bin\Xml\Movimento\NFSe\Fiorilli\2.01\nfse.xsd
2026-09-10 12:17:16 | INFO    | PipelineLogger.write | ARQUIVO...............: bin\Xml\Movimento\NFSe\Fiorilli\2.01\xmldsig-core-schema20020212.xsd
2026-09-10 12:17:16 | INFO    | PipelineLogger.write | ARQUIVO...............: bin\Xml\Movimento\NFSe\Fisco\2.03\nfse.xsd
2026-09-10 12:17:16 | INFO    | PipelineLogger.write | ARQUIVO...............: bin\Xml\Movimento\NFSe\Fisco\2.03\xmldsig-core-schema20020212.xsd
2026-09-10 12:17:16 | INFO    | PipelineLogger.write | ARQUIVO...............: bin\Xml\Movimento\NFSe\FissLex\1.00\nfse.xsd
2026-09-10 12:17:16 | INFO    | PipelineLogger.write | ARQUIVO...............: bin\Xml\Movimento\NFSe\FissLex\1.00\xmldsig-core-schema20020212.xsd
2026-09-10 12:17:16 | INFO    | PipelineLogger.write | ARQUIVO...............: bin\Xml\Movimento\NFSe\Ginfes\1.00\cabecalho_v03.xsd
2026-09-10 12:17:16 | INFO    | PipelineLogger.write | ARQUIVO...............: bin\Xml\Movimento\NFSe\Ginfes\1.00\servico_cancelar_nfse_envio_v02.xsd
2026-09-10 12:17:16 | INFO    | PipelineLogger.write | ARQUIVO...............: bin\Xml\Movimento\NFSe\Ginfes\1.00\servico_cancelar_nfse_envio_v03.xsd
2026-09-10 12:17:16 | INFO    | PipelineLogger.write | ARQUIVO...............: bin\Xml\Movimento\NFSe\Ginfes\1.00\servico_cancelar_nfse_resposta_v03.xsd
2026-09-10 12:17:16 | INFO    | PipelineLogger.write | ARQUIVO...............: bin\Xml\Movimento\NFSe\Ginfes\1.00\servico_consultar_lote_rps_envio_v02.xsd
2026-09-10 12:17:16 | INFO    | PipelineLogger.write | ARQUIVO...............: bin\Xml\Movimento\NFSe\Ginfes\1.00\servico_consultar_lote_rps_envio_v03.xsd
2026-09-10 12:17:16 | INFO    | PipelineLogger.write | ARQUIVO...............: bin\Xml\Movimento\NFSe\Ginfes\1.00\servico_consultar_lote_rps_resposta_v03.xsd
2026-09-10 12:17:16 | INFO    | PipelineLogger.write | ARQUIVO...............: bin\Xml\Movimento\NFSe\Ginfes\1.00\servico_consultar_nfse_envio_v02.xsd
2026-09-10 12:17:16 | INFO    | PipelineLogger.write | ARQUIVO...............: bin\Xml\Movimento\NFSe\Ginfes\1.00\servico_consultar_nfse_envio_v03.xsd
2026-09-10 12:17:17 | INFO    | PipelineLogger.write | ARQUIVO...............: bin\Xml\Movimento\NFSe\Ginfes\1.00\servico_consultar_nfse_resposta_v03.xsd
2026-09-10 12:17:17 | INFO    | PipelineLogger.write | ARQUIVO...............: bin\Xml\Movimento\NFSe\Ginfes\1.00\servico_consultar_nfse_rps_envio_v02.xsd
2026-09-10 12:17:17 | INFO    | PipelineLogger.write | ARQUIVO...............: bin\Xml\Movimento\NFSe\Ginfes\1.00\servico_consultar_nfse_rps_envio_v03.xsd
2026-09-10 12:17:17 | INFO    | PipelineLogger.write | ARQUIVO...............: bin\Xml\Movimento\NFSe\Ginfes\1.00\servico_consultar_nfse_rps_resposta_v03.xsd
2026-09-10 12:17:17 | INFO    | PipelineLogger.write | ARQUIVO...............: bin\Xml\Movimento\NFSe\Ginfes\1.00\servico_consultar_situacao_lote_rps_envio_v02.xsd
2026-09-10 12:17:17 | INFO    | PipelineLogger.write | ARQUIVO...............: bin\Xml\Movimento\NFSe\Ginfes\1.00\servico_consultar_situacao_lote_rps_envio_v03.xsd
2026-09-10 12:17:17 | INFO    | PipelineLogger.write | ARQUIVO...............: bin\Xml\Movimento\NFSe\Ginfes\1.00\servico_consultar_situacao_lote_rps_resposta_v03.xsd
2026-09-10 12:17:17 | INFO    | PipelineLogger.write | ARQUIVO...............: bin\Xml\Movimento\NFSe\Ginfes\1.00\servico_enviar_lote_rps_envio_v02.xsd
2026-09-10 12:17:17 | INFO    | PipelineLogger.write | ARQUIVO...............: bin\Xml\Movimento\NFSe\Ginfes\1.00\servico_enviar_lote_rps_envio_v03.xsd
2026-09-10 12:17:17 | INFO    | PipelineLogger.write | ARQUIVO...............: bin\Xml\Movimento\NFSe\Ginfes\1.00\servico_enviar_lote_rps_resposta_v03.xsd
2026-09-10 12:17:17 | INFO    | PipelineLogger.write | ARQUIVO...............: bin\Xml\Movimento\NFSe\Ginfes\1.00\tipos_v02.xsd
2026-09-10 12:17:17 | INFO    | PipelineLogger.write | ARQUIVO...............: bin\Xml\Movimento\NFSe\Ginfes\1.00\tipos_v03.xsd
2026-09-10 12:17:17 | INFO    | PipelineLogger.write | ARQUIVO...............: bin\Xml\Movimento\NFSe\Ginfes\1.00\xmldsig-core-schema20020212_v03.xsd
2026-09-10 12:17:17 | INFO    | PipelineLogger.write | ARQUIVO...............: bin\Xml\Movimento\NFSe\Ginfes\1.00\xmldsig-core-schema_v02.xsd
2026-09-10 12:17:17 | INFO    | PipelineLogger.write | ARQUIVO...............: bin\Xml\Movimento\NFSe\IPM\2.04\nfse.xsd
2026-09-10 12:17:17 | INFO    | PipelineLogger.write | ARQUIVO...............: bin\Xml\Movimento\NFSe\IPM\2.04\xmldsig-core-schema20020212.xsd
2026-09-10 12:17:17 | INFO    | PipelineLogger.write | ARQUIVO...............: bin\Xml\Movimento\NFSe\ISSCuritiba\1.00\nfse.xsd
2026-09-10 12:17:17 | INFO    | PipelineLogger.write | ARQUIVO...............: bin\Xml\Movimento\NFSe\ISSCuritiba\1.00\xmldsig-core-schema20020212.xsd
2026-09-10 12:17:17 | INFO    | PipelineLogger.write | ARQUIVO...............: bin\Xml\Movimento\NFSe\ISSDSF\1.00\ConsultaSeqRps.xsd
2026-09-10 12:17:17 | INFO    | PipelineLogger.write | ARQUIVO...............: bin\Xml\Movimento\NFSe\ISSDSF\1.00\ReqCancelamentoNFSe.xsd
2026-09-10 12:17:18 | INFO    | PipelineLogger.write | ARQUIVO...............: bin\Xml\Movimento\NFSe\ISSDSF\1.00\ReqConsultaLote.xsd
2026-09-10 12:17:18 | INFO    | PipelineLogger.write | ARQUIVO...............: bin\Xml\Movimento\NFSe\ISSDSF\1.00\ReqConsultaNFSeRPS.xsd
2026-09-10 12:17:18 | INFO    | PipelineLogger.write | ARQUIVO...............: bin\Xml\Movimento\NFSe\ISSDSF\1.00\ReqConsultaNotas.xsd
2026-09-10 12:17:18 | INFO    | PipelineLogger.write | ARQUIVO...............: bin\Xml\Movimento\NFSe\ISSDSF\1.00\ReqEnvioLoteRPS.xsd
2026-09-10 12:17:18 | INFO    | PipelineLogger.write | ARQUIVO...............: bin\Xml\Movimento\NFSe\ISSDSF\1.00\RetornoCancelamentoNFSe.xsd
2026-09-10 12:17:18 | INFO    | PipelineLogger.write | ARQUIVO...............: bin\Xml\Movimento\NFSe\ISSDSF\1.00\RetornoConsultaLote.xsd
2026-09-10 12:17:18 | INFO    | PipelineLogger.write | ARQUIVO...............: bin\Xml\Movimento\NFSe\ISSDSF\1.00\RetornoConsultaNFSeRPS.xsd
2026-09-10 12:17:18 | INFO    | PipelineLogger.write | ARQUIVO...............: bin\Xml\Movimento\NFSe\ISSDSF\1.00\RetornoConsultaNotas.xsd
2026-09-10 12:17:18 | INFO    | PipelineLogger.write | ARQUIVO...............: bin\Xml\Movimento\NFSe\ISSDSF\1.00\RetornoConsultaSeqRps.xsd
2026-09-10 12:17:18 | INFO    | PipelineLogger.write | ARQUIVO...............: bin\Xml\Movimento\NFSe\ISSDSF\1.00\RetornoEnvioLoteRPS.xsd
2026-09-10 12:17:18 | INFO    | PipelineLogger.write | ARQUIVO...............: bin\Xml\Movimento\NFSe\ISSDSF\1.00\Tipos.xsd
2026-09-10 12:17:18 | INFO    | PipelineLogger.write | ARQUIVO...............: bin\Xml\Movimento\NFSe\ISSDSF\1.00\xmldsig-core-schema_v1.01.xsd
2026-09-10 12:17:18 | INFO    | PipelineLogger.write | ARQUIVO...............: bin\Xml\Movimento\NFSe\ISSDSF\1.01\ConsultaSeqRps.xsd
2026-09-10 12:17:18 | INFO    | PipelineLogger.write | ARQUIVO...............: bin\Xml\Movimento\NFSe\ISSDSF\1.01\ReqCancelamentoNFSe.xsd
2026-09-10 12:17:18 | INFO    | PipelineLogger.write | ARQUIVO...............: bin\Xml\Movimento\NFSe\ISSDSF\1.01\ReqConsultaLote.xsd
2026-09-10 12:17:18 | INFO    | PipelineLogger.write | ARQUIVO...............: bin\Xml\Movimento\NFSe\ISSDSF\1.01\ReqConsultaNFSeRPS.xsd
2026-09-10 12:17:18 | INFO    | PipelineLogger.write | ARQUIVO...............: bin\Xml\Movimento\NFSe\ISSDSF\1.01\ReqConsultaNotas.xsd
2026-09-10 12:17:18 | INFO    | PipelineLogger.write | ARQUIVO...............: bin\Xml\Movimento\NFSe\ISSDSF\1.01\ReqEnvioLoteRPS.xsd
2026-09-10 12:17:19 | INFO    | PipelineLogger.write | ARQUIVO...............: bin\Xml\Movimento\NFSe\ISSDSF\1.01\RetornoCancelamentoNFSe.xsd
2026-09-10 12:17:20 | INFO    | PipelineLogger.write | ARQUIVO...............: bin\Xml\Movimento\NFSe\ISSDSF\1.01\RetornoConsultaLote.xsd
2026-09-10 12:17:20 | INFO    | PipelineLogger.write | ARQUIVO...............: bin\Xml\Movimento\NFSe\ISSDSF\1.01\RetornoConsultaNFSeRPS.xsd
2026-09-10 12:17:21 | INFO    | PipelineLogger.write | ARQUIVO...............: bin\Xml\Movimento\NFSe\ISSDSF\1.01\RetornoConsultaNotas.xsd
2026-09-10 12:17:21 | INFO    | PipelineLogger.write | ARQUIVO...............: bin\Xml\Movimento\NFSe\ISSDSF\1.01\RetornoConsultaSeqRps.xsd
2026-09-10 12:17:21 | INFO    | PipelineLogger.write | ARQUIVO...............: bin\Xml\Movimento\NFSe\ISSDSF\1.01\RetornoEnvioLoteRPS.xsd
2026-09-10 12:17:21 | INFO    | PipelineLogger.write | ARQUIVO...............: bin\Xml\Movimento\NFSe\ISSDSF\1.01\Tipos.xsd
2026-09-10 12:17:21 | INFO    | PipelineLogger.write | ARQUIVO...............: bin\Xml\Movimento\NFSe\ISSDSF\1.01\xmldsig-core-schema_v1.01.xsd
2026-09-10 12:17:22 | INFO    | PipelineLogger.write | ARQUIVO...............: bin\Xml\Movimento\NFSe\ISSNet\1.00\servico_cancelar_nfse_envio.xsd
2026-09-10 12:17:22 | INFO    | PipelineLogger.write | ARQUIVO...............: bin\Xml\Movimento\NFSe\ISSNet\1.00\servico_cancelar_nfse_resposta.xsd
2026-09-10 12:17:23 | INFO    | PipelineLogger.write | ARQUIVO...............: bin\Xml\Movimento\NFSe\ISSNet\1.00\servico_consultar_lote_rps_envio.xsd
2026-09-10 12:17:23 | INFO    | PipelineLogger.write | ARQUIVO...............: bin\Xml\Movimento\NFSe\ISSNet\1.00\servico_consultar_lote_rps_resposta.xsd
2026-09-10 12:17:23 | INFO    | PipelineLogger.write | ARQUIVO...............: bin\Xml\Movimento\NFSe\ISSNet\1.00\servico_consultar_nfse_envio.xsd
2026-09-10 12:17:24 | INFO    | PipelineLogger.write | ARQUIVO...............: bin\Xml\Movimento\NFSe\ISSNet\1.00\servico_consultar_nfse_resposta.xsd
2026-09-10 12:17:24 | INFO    | PipelineLogger.write | ARQUIVO...............: bin\Xml\Movimento\NFSe\ISSNet\1.00\servico_consultar_nfse_rps_envio.xsd
2026-09-10 12:17:24 | INFO    | PipelineLogger.write | ARQUIVO...............: bin\Xml\Movimento\NFSe\ISSNet\1.00\servico_consultar_nfse_rps_resposta.xsd
2026-09-10 12:17:24 | INFO    | PipelineLogger.write | ARQUIVO...............: bin\Xml\Movimento\NFSe\ISSNet\1.00\servico_consultar_situacao_lote_rps_envio.xsd
2026-09-10 12:17:24 | INFO    | PipelineLogger.write | ARQUIVO...............: bin\Xml\Movimento\NFSe\ISSNet\1.00\servico_consultar_situacao_lote_rps_resposta.xsd
2026-09-10 12:17:24 | INFO    | PipelineLogger.write | ARQUIVO...............: bin\Xml\Movimento\NFSe\ISSNet\1.00\servico_consultar_url_visualizacao_nfse_envio.xsd
2026-09-10 12:17:24 | INFO    | PipelineLogger.write | ARQUIVO...............: bin\Xml\Movimento\NFSe\ISSNet\1.00\servico_consultar_url_visualizacao_nfse_resposta.xsd
2026-09-10 12:17:25 | INFO    | PipelineLogger.write | ARQUIVO...............: bin\Xml\Movimento\NFSe\ISSNet\1.00\servico_consultar_url_visualizacao_nfse_serie_envio.xsd
2026-09-10 12:17:25 | INFO    | PipelineLogger.write | ARQUIVO...............: bin\Xml\Movimento\NFSe\ISSNet\1.00\servico_consultar_url_visualizacao_nfse_serie_resposta.xsd
2026-09-10 12:17:25 | INFO    | PipelineLogger.write | ARQUIVO...............: bin\Xml\Movimento\NFSe\ISSNet\1.00\servico_enviar_lote_rps_envio.xsd
2026-09-10 12:17:25 | INFO    | PipelineLogger.write | ARQUIVO...............: bin\Xml\Movimento\NFSe\ISSNet\1.00\servico_enviar_lote_rps_resposta.xsd
2026-09-10 12:17:25 | INFO    | PipelineLogger.write | ARQUIVO...............: bin\Xml\Movimento\NFSe\ISSNet\1.00\tipos_complexos.xsd
2026-09-10 12:17:26 | INFO    | PipelineLogger.write | ARQUIVO...............: bin\Xml\Movimento\NFSe\ISSNet\1.00\tipos_simples.xsd
2026-09-10 12:17:26 | INFO    | PipelineLogger.write | ARQUIVO...............: bin\Xml\Movimento\NFSe\ISSNet\1.00\xmldsig-core-schema20020212.xsd
2026-09-10 12:17:27 | INFO    | PipelineLogger.write | ARQUIVO...............: bin\Xml\Movimento\NFSe\ISSNet\2.04\nfse.xsd
2026-09-10 12:17:27 | INFO    | PipelineLogger.write | ARQUIVO...............: bin\Xml\Movimento\NFSe\ISSNet\2.04\xmldsig-core-schema20020212.xsd
2026-09-10 12:17:27 | INFO    | PipelineLogger.write | ARQUIVO...............: connectionStrings.config
2026-09-10 12:17:28 | INFO    | PipelineLogger.write | ARQUIVO...............: custom.configuration.server.config
2026-09-10 12:17:28 | INFO    | PipelineLogger.write | ARQUIVO...............: Movimento.svc
2026-09-10 12:17:29 | INFO    | PipelineLogger.write | ARQUIVO...............: packages.config
2026-09-10 12:17:29 | INFO    | PipelineLogger.write | ARQUIVO...............: Web.config
2026-09-10 12:17:33 | INFO    | PipelineLogger.write | ================================================================================
2026-09-10 12:17:33 | INFO    | PipelineLogger.write | SETUP DIAGNOSTICO - SOURCEPATH DO AIP ATUALIZADO
2026-09-10 12:17:33 | INFO    | PipelineLogger.write | AIP...................: C:\Setups\.work\wcfmovimento\AIP\OuroNet.Server.Movement.Setup.aip
2026-09-10 12:17:34 | INFO    | PipelineLogger.write | SourcePath...........: C:\Setups\.work\wcfmovimento\Release
