2026-09-10 10:42:56 | INFO    | PipelineLogger.write | PIPELINE EXECUTE | project_id=linkpagamento | environment_id=production | version='10.4.8' | revision=0 | publication_mode='network'
2026-09-10 10:42:57 | INFO    | PipelineLogger.write | PIPELINE USE CASE | project_id=linkpagamento | environment_id=production | version='10.4.8' | revision=0 | publication_mode='network'
2026-09-10 10:42:57 | INFO    | PipelineLogger.write | ================================================================================
2026-09-10 10:42:57 | INFO    | PipelineLogger.write | PIPELINE RUNNER - INICIO
2026-09-10 10:42:57 | INFO    | PipelineLogger.write | ================================================================================
2026-09-10 10:42:57 | INFO    | PipelineLogger.write | Arquivo........: C:\Custom\ourobuild\app\pipeline\runner\pipeline_runner.py
2026-09-10 10:42:57 | INFO    | PipelineLogger.write | Pipeline.......: Build Pipeline
2026-09-10 10:42:57 | INFO    | PipelineLogger.write | Quantidade Steps: 3
2026-09-10 10:42:57 | INFO    | PipelineLogger.write | ================================================================================
2026-09-10 10:42:57 | INFO    | PipelineLogger.write | 
2026-09-10 10:42:57 | INFO    | PipelineLogger.write | ================================================================================
2026-09-10 10:42:57 | INFO    | PipelineLogger.write | EXECUTANDO STEP: Restore
2026-09-10 10:42:58 | INFO    | PipelineLogger.write | STEP CLASS.....: RestoreStep
2026-09-10 10:42:58 | INFO    | PipelineLogger.write | ================================================================================
2026-09-10 10:43:02 | INFO    | PipelineLogger.write | 
2026-09-10 10:43:02 | INFO    | PipelineLogger.write | ================================================================================
2026-09-10 10:43:02 | INFO    | PipelineLogger.write | PIPELINE RUNNER - STEP RESULT
2026-09-10 10:43:02 | INFO    | PipelineLogger.write | ================================================================================
2026-09-10 10:43:03 | INFO    | PipelineLogger.write | Step............: Restore
2026-09-10 10:43:03 | INFO    | PipelineLogger.write | Status..........: StepStatus.SUCCESS
2026-09-10 10:43:03 | INFO    | PipelineLogger.write | Analysis........: <class 'NoneType'>
2026-09-10 10:43:04 | INFO    | PipelineLogger.write | 
2026-09-10 10:43:04 | INFO    | PipelineLogger.write | ================================================================================
2026-09-10 10:43:04 | INFO    | PipelineLogger.write | EXECUTANDO STEP: Build
2026-09-10 10:43:04 | INFO    | PipelineLogger.write | STEP CLASS.....: BuildStep
2026-09-10 10:43:04 | INFO    | PipelineLogger.write | ================================================================================
2026-09-10 10:43:04 | INFO    | PipelineLogger.write | MSBUILD CONFIGURATION
2026-09-10 10:43:04 | INFO    | PipelineLogger.write | Project........: WinService LinkPagamento
2026-09-10 10:43:04 | INFO    | PipelineLogger.write | Project File...: C:\DvpLocal\WorkSpaceTFS\OuroNet\Scc\Producao\OuroNet\02-Source\01-Client\OuroNet.Client.WinService.LinkPagamento\OuroNet.Client.WinService.LinkPagamento.csproj
2026-09-10 10:43:04 | INFO    | PipelineLogger.write | Configuration..: Release
2026-09-10 10:43:05 | INFO    | PipelineLogger.write | Platform.......: AnyCPU
2026-09-10 10:43:05 | INFO    | PipelineLogger.write | Normalized.....: AnyCPU
2026-09-10 10:43:05 | INFO    | PipelineLogger.write | MSBuild........: C:\Program Files\Microsoft Visual Studio\18\Professional\MSBuild\Current\Bin\MSBuild.exe
2026-09-10 10:43:05 | INFO    | PipelineLogger.write | MSBUILD ARGUMENTS
2026-09-10 10:43:05 | INFO    | PipelineLogger.write | Project........: C:\DvpLocal\WorkSpaceTFS\OuroNet\Scc\Producao\OuroNet\02-Source\01-Client\OuroNet.Client.WinService.LinkPagamento\OuroNet.Client.WinService.LinkPagamento.csproj
2026-09-10 10:43:05 | INFO    | PipelineLogger.write | Configuration..: /p:Configuration=Release
2026-09-10 10:43:05 | INFO    | PipelineLogger.write | Platform.......: /p:Platform=AnyCPU
2026-09-10 10:43:13 | INFO    | PipelineLogger.write | 
2026-09-10 10:43:14 | INFO    | PipelineLogger.write | ================================================================================
2026-09-10 10:43:14 | INFO    | PipelineLogger.write | PIPELINE RUNNER - STEP RESULT
2026-09-10 10:43:15 | INFO    | PipelineLogger.write | ================================================================================
2026-09-10 10:43:16 | INFO    | PipelineLogger.write | Step............: Build
2026-09-10 10:43:17 | INFO    | PipelineLogger.write | Status..........: StepStatus.SUCCESS
2026-09-10 10:43:17 | INFO    | PipelineLogger.write | Analysis........: <class 'app.models.build.build_execution.BuildExecution'>
2026-09-10 10:43:17 | INFO    | PipelineLogger.write | Warnings........: 0
2026-09-10 10:43:17 | INFO    | PipelineLogger.write | Errors..........: 0
2026-09-10 10:43:18 | INFO    | PipelineLogger.write | 
2026-09-10 10:43:18 | INFO    | PipelineLogger.write | ================================================================================
2026-09-10 10:43:18 | INFO    | PipelineLogger.write | BUILD EXECUTION
2026-09-10 10:43:18 | INFO    | PipelineLogger.write | ================================================================================
2026-09-10 10:43:18 | INFO    | PipelineLogger.write | Warnings........: 0
2026-09-10 10:43:18 | INFO    | PipelineLogger.write | Errors..........: 0
2026-09-10 10:43:19 | INFO    | PipelineLogger.write | BUILD ARMAZENADO EM PipelineResult
2026-09-10 10:43:19 | INFO    | PipelineLogger.write | ================================================================================
2026-09-10 10:43:20 | INFO    | PipelineLogger.write | 
2026-09-10 10:43:20 | INFO    | PipelineLogger.write | ================================================================================
2026-09-10 10:43:21 | INFO    | PipelineLogger.write | EXECUTANDO STEP: Publish
2026-09-10 10:43:21 | INFO    | PipelineLogger.write | STEP CLASS.....: PublishStep
2026-09-10 10:43:21 | INFO    | PipelineLogger.write | ================================================================================
2026-09-10 10:43:31 | INFO    | PipelineLogger.write | 
2026-09-10 10:43:31 | INFO    | PipelineLogger.write | ================================================================================
2026-09-10 10:43:32 | INFO    | PipelineLogger.write | PIPELINE RUNNER - STEP RESULT
2026-09-10 10:43:32 | INFO    | PipelineLogger.write | ================================================================================
2026-09-10 10:43:33 | INFO    | PipelineLogger.write | Step............: Publish
2026-09-10 10:43:33 | INFO    | PipelineLogger.write | Status..........: StepStatus.SUCCESS
2026-09-10 10:43:34 | INFO    | PipelineLogger.write | Analysis........: <class 'NoneType'>
2026-09-10 10:43:34 | INFO    | PipelineLogger.write | 
2026-09-10 10:43:34 | INFO    | PipelineLogger.write | ================================================================================
2026-09-10 10:43:34 | INFO    | PipelineLogger.write | PIPELINE RESULT
2026-09-10 10:43:34 | INFO    | PipelineLogger.write | ================================================================================
2026-09-10 10:43:34 | INFO    | PipelineLogger.write | Success.........: True
2026-09-10 10:43:35 | INFO    | PipelineLogger.write | Failed Step.....: 
2026-09-10 10:43:36 | INFO    | PipelineLogger.write | Elapsed.........: 37.059381
2026-09-10 10:43:36 | INFO    | PipelineLogger.write | Build Warnings..: 0
2026-09-10 10:43:36 | INFO    | PipelineLogger.write | Build Errors....: 0
2026-09-10 10:43:37 | INFO    | PipelineLogger.write | Publish.........: None
2026-09-10 10:43:37 | INFO    | PipelineLogger.write | Steps executadas: 3
2026-09-10 10:43:37 | INFO    | PipelineLogger.write | ================================================================================
2026-09-10 10:43:37 | INFO    | PipelineLogger.write | SALVANDO EXECUÇÃO
2026-09-10 10:43:37 | INFO    | PipelineLogger.write | ================================================================================
2026-09-10 10:43:38 | INFO    | PipelineLogger.write | EXECUÇÃO SALVA
2026-09-10 10:43:38 | INFO    | PipelineLogger.write | ================================================================================
2026-09-10 10:43:38 | INFO    | PipelineLogger.write | 
2026-09-10 10:43:38 | INFO    | PipelineLogger.write | ================================================================================
2026-09-10 10:43:38 | INFO    | PipelineLogger.write | PIPELINE RUNNER - FINAL
2026-09-10 10:43:38 | INFO    | PipelineLogger.write | ================================================================================
2026-09-10 10:43:39 | INFO    | PipelineLogger.write | PipelineResult...: <class 'app.models.pipeline.pipeline_result.PipelineResult'>
2026-09-10 10:43:39 | INFO    | PipelineLogger.write | Build............: <class 'app.models.build.build_execution.BuildExecution'>
2026-09-10 10:43:39 | INFO    | PipelineLogger.write | Publish..........: <class 'NoneType'>
2026-09-10 10:43:40 | INFO    | PipelineLogger.write | Steps............: 3
2026-09-10 10:43:41 | INFO    | PipelineLogger.write | ================================================================================
2026-09-10 10:43:42 | INFO    | PipelineLogger.write | WORKSPACE RESOLVER DIAGNOSTICO - PARAMETROS RECEBIDOS
2026-09-10 10:43:42 | INFO    | PipelineLogger.write | project_id.............: 'linkpagamento'
2026-09-10 10:43:42 | INFO    | PipelineLogger.write | environment_id.........: 'production'
2026-09-10 10:43:42 | INFO    | PipelineLogger.write | version................: '10.4.8'
2026-09-10 10:43:42 | INFO    | PipelineLogger.write | revision...............: 0
2026-09-10 10:43:42 | INFO    | PipelineLogger.write | WORKSPACE RESOLVER DIAGNOSTICO - AMBIENTE
2026-09-10 10:43:43 | INFO    | PipelineLogger.write | environment.resolver...: 'production'
2026-09-10 10:43:43 | INFO    | PipelineLogger.write | environment.root_path..: WindowsPath('C:/DvpLocal/WorkSpaceTFS/OuroNet/Scc/Producao/OuroNet')
2026-09-10 10:43:43 | INFO    | PipelineLogger.write | workspace_root..........: C:\DvpLocal\WorkSpaceTFS\OuroNet\Scc\Producao\OuroNet
2026-09-10 10:43:43 | INFO    | PipelineLogger.write | project_file............: C:\DvpLocal\WorkSpaceTFS\OuroNet\Scc\Producao\OuroNet\02-Source\01-Client\OuroNet.Client.WinService.LinkPagamento\OuroNet.Client.WinService.LinkPagamento.csproj
2026-09-10 10:43:43 | INFO    | PipelineLogger.write | SETUP DIAGNOSTICO - PUBLISH DE ORIGEM
2026-09-10 10:43:43 | INFO    | PipelineLogger.write | Projeto...............: linkpagamento
2026-09-10 10:43:43 | INFO    | PipelineLogger.write | Ambiente..............: production
2026-09-10 10:43:43 | INFO    | PipelineLogger.write | Versao................: 10.4.8
2026-09-10 10:43:43 | INFO    | PipelineLogger.write | Revisao................: 0
2026-09-10 10:43:43 | INFO    | PipelineLogger.write | PublishPath............: C:\DvpLocal\WorkSpaceTFS\OuroNet\Scc\Producao\OuroNet\02-Source\01-Client\OuroNet.Client.WinService.LinkPagamento\bin\Release
2026-09-10 10:43:43 | INFO    | PipelineLogger.write | PublishPath existe.....: True
2026-09-10 10:43:43 | INFO    | PipelineLogger.write | ================================================================================
2026-09-10 10:43:44 | INFO    | PipelineLogger.write | ORIGEM - ANTES DA COPIA
2026-09-10 10:43:44 | INFO    | PipelineLogger.write | Diretorio.............: C:\DvpLocal\WorkSpaceTFS\OuroNet\Scc\Producao\OuroNet\02-Source\01-Client\OuroNet.Client.WinService.LinkPagamento\bin\Release
2026-09-10 10:43:44 | INFO    | PipelineLogger.write | Diretorio existe......: True
2026-09-10 10:43:45 | INFO    | PipelineLogger.write | Arquivos..............: 729
2026-09-10 10:43:46 | INFO    | PipelineLogger.write | ARQUIVO...............: ADODB.dll
2026-09-10 10:43:46 | INFO    | PipelineLogger.write | ARQUIVO...............: app.publish\Application Files\OuroNetWinServiceLinkPagamento_1_0_0_0\ADODB.dll.deploy
2026-09-10 10:43:46 | INFO    | PipelineLogger.write | ARQUIVO...............: app.publish\Application Files\OuroNetWinServiceLinkPagamento_1_0_0_0\BouncyCastle.Crypto.dll.deploy
2026-09-10 10:43:47 | INFO    | PipelineLogger.write | ARQUIVO...............: app.publish\Application Files\OuroNetWinServiceLinkPagamento_1_0_0_0\BouncyCastle.Cryptography.dll.deploy
2026-09-10 10:43:48 | INFO    | PipelineLogger.write | ARQUIVO...............: app.publish\Application Files\OuroNetWinServiceLinkPagamento_1_0_0_0\Custom.Framework.CommonFileDialogs.dll.deploy
2026-09-10 10:43:48 | INFO    | PipelineLogger.write | ARQUIVO...............: app.publish\Application Files\OuroNetWinServiceLinkPagamento_1_0_0_0\Custom.Framework.dll.deploy
2026-09-10 10:43:49 | INFO    | PipelineLogger.write | ARQUIVO...............: app.publish\Application Files\OuroNetWinServiceLinkPagamento_1_0_0_0\Custom.Framework.Entities.dll.deploy
2026-09-10 10:43:49 | INFO    | PipelineLogger.write | ARQUIVO...............: app.publish\Application Files\OuroNetWinServiceLinkPagamento_1_0_0_0\Custom.Framework.Services.dll.deploy
2026-09-10 10:43:50 | INFO    | PipelineLogger.write | ARQUIVO...............: app.publish\Application Files\OuroNetWinServiceLinkPagamento_1_0_0_0\Custom.Utilities.Security.EncryptionNET.dll.deploy
2026-09-10 10:43:50 | INFO    | PipelineLogger.write | ARQUIVO...............: app.publish\Application Files\OuroNetWinServiceLinkPagamento_1_0_0_0\DevExpress.Charts.v23.2.Core.dll.deploy
2026-09-10 10:43:50 | INFO    | PipelineLogger.write | ARQUIVO...............: app.publish\Application Files\OuroNetWinServiceLinkPagamento_1_0_0_0\DevExpress.CodeParser.v23.2.dll.deploy
2026-09-10 10:43:50 | INFO    | PipelineLogger.write | ARQUIVO...............: app.publish\Application Files\OuroNetWinServiceLinkPagamento_1_0_0_0\DevExpress.Data.Desktop.v23.2.dll.deploy
2026-09-10 10:43:50 | INFO    | PipelineLogger.write | ARQUIVO...............: app.publish\Application Files\OuroNetWinServiceLinkPagamento_1_0_0_0\DevExpress.Data.v23.2.dll.deploy
2026-09-10 10:43:50 | INFO    | PipelineLogger.write | ARQUIVO...............: app.publish\Application Files\OuroNetWinServiceLinkPagamento_1_0_0_0\DevExpress.DataAccess.v23.2.dll.deploy
2026-09-10 10:43:50 | INFO    | PipelineLogger.write | ARQUIVO...............: app.publish\Application Files\OuroNetWinServiceLinkPagamento_1_0_0_0\DevExpress.DataVisualization.v23.2.Core.dll.deploy
2026-09-10 10:43:50 | INFO    | PipelineLogger.write | ARQUIVO...............: app.publish\Application Files\OuroNetWinServiceLinkPagamento_1_0_0_0\DevExpress.Dialogs.v23.2.Core.dll.deploy
2026-09-10 10:43:50 | INFO    | PipelineLogger.write | ARQUIVO...............: app.publish\Application Files\OuroNetWinServiceLinkPagamento_1_0_0_0\DevExpress.Drawing.v23.2.dll.deploy
2026-09-10 10:43:50 | INFO    | PipelineLogger.write | ARQUIVO...............: app.publish\Application Files\OuroNetWinServiceLinkPagamento_1_0_0_0\DevExpress.Office.v23.2.Core.dll.deploy
2026-09-10 10:43:50 | INFO    | PipelineLogger.write | ARQUIVO...............: app.publish\Application Files\OuroNetWinServiceLinkPagamento_1_0_0_0\DevExpress.Pdf.v23.2.Core.dll.deploy
2026-09-10 10:43:51 | INFO    | PipelineLogger.write | ARQUIVO...............: app.publish\Application Files\OuroNetWinServiceLinkPagamento_1_0_0_0\DevExpress.Pdf.v23.2.Drawing.dll.deploy
2026-09-10 10:43:51 | INFO    | PipelineLogger.write | ARQUIVO...............: app.publish\Application Files\OuroNetWinServiceLinkPagamento_1_0_0_0\DevExpress.PivotGrid.v23.2.Core.dll.deploy
2026-09-10 10:43:52 | INFO    | PipelineLogger.write | ARQUIVO...............: app.publish\Application Files\OuroNetWinServiceLinkPagamento_1_0_0_0\DevExpress.Printing.v23.2.Core.dll.deploy
2026-09-10 10:43:52 | INFO    | PipelineLogger.write | ARQUIVO...............: app.publish\Application Files\OuroNetWinServiceLinkPagamento_1_0_0_0\DevExpress.RichEdit.v23.2.Core.dll.deploy
2026-09-10 10:43:53 | INFO    | PipelineLogger.write | ARQUIVO...............: app.publish\Application Files\OuroNetWinServiceLinkPagamento_1_0_0_0\DevExpress.Sparkline.v23.2.Core.dll.deploy
2026-09-10 10:43:53 | INFO    | PipelineLogger.write | ARQUIVO...............: app.publish\Application Files\OuroNetWinServiceLinkPagamento_1_0_0_0\DevExpress.Utils.v23.2.dll.deploy
2026-09-10 10:43:54 | INFO    | PipelineLogger.write | ARQUIVO...............: app.publish\Application Files\OuroNetWinServiceLinkPagamento_1_0_0_0\DevExpress.Xpo.v23.2.dll.deploy
2026-09-10 10:43:54 | INFO    | PipelineLogger.write | ARQUIVO...............: app.publish\Application Files\OuroNetWinServiceLinkPagamento_1_0_0_0\DevExpress.XtraBars.v23.2.dll.deploy
2026-09-10 10:43:54 | INFO    | PipelineLogger.write | ARQUIVO...............: app.publish\Application Files\OuroNetWinServiceLinkPagamento_1_0_0_0\DevExpress.XtraCharts.v23.2.dll.deploy
2026-09-10 10:43:54 | INFO    | PipelineLogger.write | ARQUIVO...............: app.publish\Application Files\OuroNetWinServiceLinkPagamento_1_0_0_0\DevExpress.XtraDialogs.v23.2.dll.deploy
2026-09-10 10:43:54 | INFO    | PipelineLogger.write | ARQUIVO...............: app.publish\Application Files\OuroNetWinServiceLinkPagamento_1_0_0_0\DevExpress.XtraEditors.v23.2.dll.deploy
2026-09-10 10:43:54 | INFO    | PipelineLogger.write | ARQUIVO...............: app.publish\Application Files\OuroNetWinServiceLinkPagamento_1_0_0_0\DevExpress.XtraGauges.v23.2.Core.dll.deploy
2026-09-10 10:43:54 | INFO    | PipelineLogger.write | ARQUIVO...............: app.publish\Application Files\OuroNetWinServiceLinkPagamento_1_0_0_0\DevExpress.XtraGrid.v23.2.dll.deploy
2026-09-10 10:43:54 | INFO    | PipelineLogger.write | ARQUIVO...............: app.publish\Application Files\OuroNetWinServiceLinkPagamento_1_0_0_0\DevExpress.XtraLayout.v23.2.dll.deploy
2026-09-10 10:43:54 | INFO    | PipelineLogger.write | ARQUIVO...............: app.publish\Application Files\OuroNetWinServiceLinkPagamento_1_0_0_0\DevExpress.XtraPrinting.v23.2.dll.deploy
2026-09-10 10:43:54 | INFO    | PipelineLogger.write | ARQUIVO...............: app.publish\Application Files\OuroNetWinServiceLinkPagamento_1_0_0_0\DevExpress.XtraReports.v23.2.dll.deploy
2026-09-10 10:43:54 | INFO    | PipelineLogger.write | ARQUIVO...............: app.publish\Application Files\OuroNetWinServiceLinkPagamento_1_0_0_0\DevExpress.XtraTreeList.v23.2.dll.deploy
2026-09-10 10:43:54 | INFO    | PipelineLogger.write | ARQUIVO...............: app.publish\Application Files\OuroNetWinServiceLinkPagamento_1_0_0_0\FileHelpers.dll.deploy
2026-09-10 10:43:54 | INFO    | PipelineLogger.write | ARQUIVO...............: app.publish\Application Files\OuroNetWinServiceLinkPagamento_1_0_0_0\Framawork.DFe.Classes.dll.deploy
2026-09-10 10:43:54 | INFO    | PipelineLogger.write | ARQUIVO...............: app.publish\Application Files\OuroNetWinServiceLinkPagamento_1_0_0_0\Framawork.DFe.Utils.dll.deploy
2026-09-10 10:43:54 | INFO    | PipelineLogger.write | ARQUIVO...............: app.publish\Application Files\OuroNetWinServiceLinkPagamento_1_0_0_0\Framawork.DFe.Wsdl.dll.deploy
2026-09-10 10:43:55 | INFO    | PipelineLogger.write | ARQUIVO...............: app.publish\Application Files\OuroNetWinServiceLinkPagamento_1_0_0_0\Framework.NFe.Classes.dll.deploy
2026-09-10 10:43:55 | INFO    | PipelineLogger.write | ARQUIVO...............: app.publish\Application Files\OuroNetWinServiceLinkPagamento_1_0_0_0\Framework.NFe.Servicos.dll.deploy
2026-09-10 10:43:55 | INFO    | PipelineLogger.write | ARQUIVO...............: app.publish\Application Files\OuroNetWinServiceLinkPagamento_1_0_0_0\Framework.NFe.Utils.dll.deploy
2026-09-10 10:43:56 | INFO    | PipelineLogger.write | ARQUIVO...............: app.publish\Application Files\OuroNetWinServiceLinkPagamento_1_0_0_0\Framework.NFe.Wsdl.dll.deploy
2026-09-10 10:43:56 | INFO    | PipelineLogger.write | ARQUIVO...............: app.publish\Application Files\OuroNetWinServiceLinkPagamento_1_0_0_0\MailKit.dll.deploy
2026-09-10 10:43:56 | INFO    | PipelineLogger.write | ARQUIVO...............: app.publish\Application Files\OuroNetWinServiceLinkPagamento_1_0_0_0\Microsoft.Extensions.Logging.Abstractions.dll.deploy
2026-09-10 10:43:57 | INFO    | PipelineLogger.write | ARQUIVO...............: app.publish\Application Files\OuroNetWinServiceLinkPagamento_1_0_0_0\MimeKit.dll.deploy
2026-09-10 10:43:57 | INFO    | PipelineLogger.write | ARQUIVO...............: app.publish\Application Files\OuroNetWinServiceLinkPagamento_1_0_0_0\Newtonsoft.Json.dll.deploy
2026-09-10 10:43:57 | INFO    | PipelineLogger.write | ARQUIVO...............: app.publish\Application Files\OuroNetWinServiceLinkPagamento_1_0_0_0\NPOI.dll.deploy
2026-09-10 10:43:58 | INFO    | PipelineLogger.write | ARQUIVO...............: app.publish\Application Files\OuroNetWinServiceLinkPagamento_1_0_0_0\NPOI.OOXML.dll.deploy
2026-09-10 10:43:58 | INFO    | PipelineLogger.write | ARQUIVO...............: app.publish\Application Files\OuroNetWinServiceLinkPagamento_1_0_0_0\NPOI.OpenXml4Net.dll.deploy
2026-09-10 10:43:58 | INFO    | PipelineLogger.write | ARQUIVO...............: app.publish\Application Files\OuroNetWinServiceLinkPagamento_1_0_0_0\NPOI.OpenXmlFormats.dll.deploy
2026-09-10 10:43:58 | INFO    | PipelineLogger.write | ARQUIVO...............: app.publish\Application Files\OuroNetWinServiceLinkPagamento_1_0_0_0\OuroNet.Client.WinService.Business.dll.deploy
2026-09-10 10:43:58 | INFO    | PipelineLogger.write | ARQUIVO...............: app.publish\Application Files\OuroNetWinServiceLinkPagamento_1_0_0_0\OuroNet.Server.Common.dll.deploy
2026-09-10 10:43:58 | INFO    | PipelineLogger.write | ARQUIVO...............: app.publish\Application Files\OuroNetWinServiceLinkPagamento_1_0_0_0\OuroNet.Server.Entities.dll.deploy
2026-09-10 10:43:58 | INFO    | PipelineLogger.write | ARQUIVO...............: app.publish\Application Files\OuroNetWinServiceLinkPagamento_1_0_0_0\OuroNet.Server.ServiceInterfaces.dll.deploy
2026-09-10 10:43:58 | INFO    | PipelineLogger.write | ARQUIVO...............: app.publish\Application Files\OuroNetWinServiceLinkPagamento_1_0_0_0\OuroNetWinServiceLinkPagamento.exe.config.deploy
2026-09-10 10:43:58 | INFO    | PipelineLogger.write | ARQUIVO...............: app.publish\Application Files\OuroNetWinServiceLinkPagamento_1_0_0_0\OuroNetWinServiceLinkPagamento.exe.deploy
2026-09-10 10:43:58 | INFO    | PipelineLogger.write | ARQUIVO...............: app.publish\Application Files\OuroNetWinServiceLinkPagamento_1_0_0_0\OuroNetWinServiceLinkPagamento.exe.manifest
2026-09-10 10:43:58 | INFO    | PipelineLogger.write | ARQUIVO...............: app.publish\Application Files\OuroNetWinServiceLinkPagamento_1_0_0_0\protobuf-net.dll.deploy
2026-09-10 10:43:58 | INFO    | PipelineLogger.write | ARQUIVO...............: app.publish\Application Files\OuroNetWinServiceLinkPagamento_1_0_0_0\Quartz.dll.deploy
2026-09-10 10:43:58 | INFO    | PipelineLogger.write | ARQUIVO...............: app.publish\Application Files\OuroNetWinServiceLinkPagamento_1_0_0_0\System.Buffers.dll.deploy
2026-09-10 10:43:58 | INFO    | PipelineLogger.write | ARQUIVO...............: app.publish\Application Files\OuroNetWinServiceLinkPagamento_1_0_0_0\System.Diagnostics.DiagnosticSource.dll.deploy
2026-09-10 10:43:58 | INFO    | PipelineLogger.write | ARQUIVO...............: app.publish\Application Files\OuroNetWinServiceLinkPagamento_1_0_0_0\System.Formats.Asn1.dll.deploy
2026-09-10 10:43:59 | INFO    | PipelineLogger.write | ARQUIVO...............: app.publish\Application Files\OuroNetWinServiceLinkPagamento_1_0_0_0\System.Memory.dll.deploy
2026-09-10 10:43:59 | INFO    | PipelineLogger.write | ARQUIVO...............: app.publish\Application Files\OuroNetWinServiceLinkPagamento_1_0_0_0\System.Numerics.Vectors.dll.deploy
2026-09-10 10:43:59 | INFO    | PipelineLogger.write | ARQUIVO...............: app.publish\Application Files\OuroNetWinServiceLinkPagamento_1_0_0_0\System.Runtime.CompilerServices.Unsafe.dll.deploy
2026-09-10 10:43:59 | INFO    | PipelineLogger.write | ARQUIVO...............: app.publish\Application Files\OuroNetWinServiceLinkPagamento_1_0_0_0\System.Threading.Tasks.Extensions.dll.deploy
2026-09-10 10:43:59 | INFO    | PipelineLogger.write | ARQUIVO...............: app.publish\OuroNetWinServiceLinkPagamento.application
2026-09-10 10:43:59 | INFO    | PipelineLogger.write | ARQUIVO...............: app.publish\OuroNetWinServiceLinkPagamento.exe
2026-09-10 10:43:59 | INFO    | PipelineLogger.write | ARQUIVO...............: app.publish\setup.exe
2026-09-10 10:43:59 | INFO    | PipelineLogger.write | ARQUIVO...............: arm64\libSkiaSharp.dll
2026-09-10 10:43:59 | INFO    | PipelineLogger.write | ARQUIVO...............: arm64\libSkiaSharp.so
2026-09-10 10:43:59 | INFO    | PipelineLogger.write | ARQUIVO...............: arm\libSkiaSharp.so
2026-09-10 10:44:00 | INFO    | PipelineLogger.write | ARQUIVO...............: BouncyCastle.Crypto.dll
2026-09-10 10:44:00 | INFO    | PipelineLogger.write | ARQUIVO...............: BouncyCastle.Crypto.xml
2026-09-10 10:44:01 | INFO    | PipelineLogger.write | ARQUIVO...............: BouncyCastle.Cryptography.dll
2026-09-10 10:44:01 | INFO    | PipelineLogger.write | ARQUIVO...............: BouncyCastle.Cryptography.xml
2026-09-10 10:44:02 | INFO    | PipelineLogger.write | ARQUIVO...............: connectionStrings.config
2026-09-10 10:44:03 | INFO    | PipelineLogger.write | ARQUIVO...............: custom.configuration.server.config
2026-09-10 10:44:03 | INFO    | PipelineLogger.write | ARQUIVO...............: Custom.Framework.CommonFileDialogs.dll
2026-09-10 10:44:03 | INFO    | PipelineLogger.write | ARQUIVO...............: Custom.Framework.dll
2026-09-10 10:44:04 | INFO    | PipelineLogger.write | ARQUIVO...............: Custom.Framework.Entities.dll
2026-09-10 10:44:04 | INFO    | PipelineLogger.write | ARQUIVO...............: Custom.Framework.Entities.xml
2026-09-10 10:44:04 | INFO    | PipelineLogger.write | ARQUIVO...............: Custom.Framework.Services.dll
2026-09-10 10:44:04 | INFO    | PipelineLogger.write | ARQUIVO...............: Custom.Framework.Services.xml
2026-09-10 10:44:04 | INFO    | PipelineLogger.write | ARQUIVO...............: Custom.Framework.xml
2026-09-10 10:44:04 | INFO    | PipelineLogger.write | ARQUIVO...............: Custom.Utilities.Security.EncryptionNET.dll
2026-09-10 10:44:04 | INFO    | PipelineLogger.write | ARQUIVO...............: DevExpress.Charts.v23.2.Core.dll
2026-09-10 10:44:04 | INFO    | PipelineLogger.write | ARQUIVO...............: DevExpress.Charts.v23.2.Core.xml
2026-09-10 10:44:04 | INFO    | PipelineLogger.write | ARQUIVO...............: DevExpress.CodeParser.v23.2.dll
2026-09-10 10:44:04 | INFO    | PipelineLogger.write | ARQUIVO...............: DevExpress.Data.Desktop.v23.2.dll
2026-09-10 10:44:04 | INFO    | PipelineLogger.write | ARQUIVO...............: DevExpress.Data.Desktop.v23.2.xml
2026-09-10 10:44:05 | INFO    | PipelineLogger.write | ARQUIVO...............: DevExpress.Data.v23.2.dll
2026-09-10 10:44:06 | INFO    | PipelineLogger.write | ARQUIVO...............: DevExpress.Data.v23.2.xml
2026-09-10 10:44:06 | INFO    | PipelineLogger.write | ARQUIVO...............: DevExpress.DataAccess.v23.2.dll
2026-09-10 10:44:06 | INFO    | PipelineLogger.write | ARQUIVO...............: DevExpress.DataAccess.v23.2.xml
2026-09-10 10:44:07 | INFO    | PipelineLogger.write | ARQUIVO...............: DevExpress.DataVisualization.v23.2.Core.dll
2026-09-10 10:44:07 | INFO    | PipelineLogger.write | ARQUIVO...............: DevExpress.Dialogs.v23.2.Core.dll
2026-09-10 10:44:07 | INFO    | PipelineLogger.write | ARQUIVO...............: DevExpress.Drawing.v23.2.dll
2026-09-10 10:44:07 | INFO    | PipelineLogger.write | ARQUIVO...............: DevExpress.Drawing.v23.2.xml
2026-09-10 10:44:07 | INFO    | PipelineLogger.write | ARQUIVO...............: DevExpress.Office.v23.2.Core.dll
2026-09-10 10:44:07 | INFO    | PipelineLogger.write | ARQUIVO...............: DevExpress.Office.v23.2.Core.xml
2026-09-10 10:44:07 | INFO    | PipelineLogger.write | ARQUIVO...............: DevExpress.Pdf.v23.2.Core.dll
2026-09-10 10:44:07 | INFO    | PipelineLogger.write | ARQUIVO...............: DevExpress.Pdf.v23.2.Core.xml
2026-09-10 10:44:07 | INFO    | PipelineLogger.write | ARQUIVO...............: DevExpress.Pdf.v23.2.Drawing.dll
2026-09-10 10:44:07 | INFO    | PipelineLogger.write | ARQUIVO...............: DevExpress.Pdf.v23.2.Drawing.xml
2026-09-10 10:44:07 | INFO    | PipelineLogger.write | ARQUIVO...............: DevExpress.PivotGrid.v23.2.Core.dll
2026-09-10 10:44:08 | INFO    | PipelineLogger.write | ARQUIVO...............: DevExpress.PivotGrid.v23.2.Core.xml
2026-09-10 10:44:08 | INFO    | PipelineLogger.write | ARQUIVO...............: DevExpress.Printing.v23.2.Core.dll
2026-09-10 10:44:08 | INFO    | PipelineLogger.write | ARQUIVO...............: DevExpress.Printing.v23.2.Core.xml
2026-09-10 10:44:08 | INFO    | PipelineLogger.write | ARQUIVO...............: DevExpress.RichEdit.v23.2.Core.dll
2026-09-10 10:44:09 | INFO    | PipelineLogger.write | ARQUIVO...............: DevExpress.RichEdit.v23.2.Core.xml
2026-09-10 10:44:09 | INFO    | PipelineLogger.write | ARQUIVO...............: DevExpress.Sparkline.v23.2.Core.dll
2026-09-10 10:44:10 | INFO    | PipelineLogger.write | ARQUIVO...............: DevExpress.Sparkline.v23.2.Core.xml
2026-09-10 10:44:10 | INFO    | PipelineLogger.write | ARQUIVO...............: DevExpress.Utils.v23.2.dll
2026-09-10 10:44:10 | INFO    | PipelineLogger.write | ARQUIVO...............: DevExpress.Utils.v23.2.xml
2026-09-10 10:44:11 | INFO    | PipelineLogger.write | ARQUIVO...............: DevExpress.Xpo.v23.2.dll
2026-09-10 10:44:11 | INFO    | PipelineLogger.write | ARQUIVO...............: DevExpress.Xpo.v23.2.xml
2026-09-10 10:44:11 | INFO    | PipelineLogger.write | ARQUIVO...............: DevExpress.XtraBars.v23.2.dll
2026-09-10 10:44:11 | INFO    | PipelineLogger.write | ARQUIVO...............: DevExpress.XtraBars.v23.2.xml
2026-09-10 10:44:12 | INFO    | PipelineLogger.write | ARQUIVO...............: DevExpress.XtraCharts.v23.2.dll
2026-09-10 10:44:12 | INFO    | PipelineLogger.write | ARQUIVO...............: DevExpress.XtraCharts.v23.2.xml
2026-09-10 10:44:13 | INFO    | PipelineLogger.write | ARQUIVO...............: DevExpress.XtraDialogs.v23.2.dll
2026-09-10 10:44:13 | INFO    | PipelineLogger.write | ARQUIVO...............: DevExpress.XtraDialogs.v23.2.xml
2026-09-10 10:44:13 | INFO    | PipelineLogger.write | ARQUIVO...............: DevExpress.XtraEditors.v23.2.dll
2026-09-10 10:44:13 | INFO    | PipelineLogger.write | ARQUIVO...............: DevExpress.XtraEditors.v23.2.xml
2026-09-10 10:44:13 | INFO    | PipelineLogger.write | ARQUIVO...............: DevExpress.XtraGauges.v23.2.Core.dll
2026-09-10 10:44:14 | INFO    | PipelineLogger.write | ARQUIVO...............: DevExpress.XtraGauges.v23.2.Core.xml
2026-09-10 10:44:14 | INFO    | PipelineLogger.write | ARQUIVO...............: DevExpress.XtraGrid.v23.2.dll
2026-09-10 10:44:14 | INFO    | PipelineLogger.write | ARQUIVO...............: DevExpress.XtraGrid.v23.2.xml
2026-09-10 10:44:14 | INFO    | PipelineLogger.write | ARQUIVO...............: DevExpress.XtraLayout.v23.2.dll
2026-09-10 10:44:14 | INFO    | PipelineLogger.write | ARQUIVO...............: DevExpress.XtraLayout.v23.2.xml
2026-09-10 10:44:14 | INFO    | PipelineLogger.write | ARQUIVO...............: DevExpress.XtraPrinting.v23.2.dll
2026-09-10 10:44:14 | INFO    | PipelineLogger.write | ARQUIVO...............: DevExpress.XtraPrinting.v23.2.xml
2026-09-10 10:44:14 | INFO    | PipelineLogger.write | ARQUIVO...............: DevExpress.XtraReports.v23.2.dll
2026-09-10 10:44:14 | INFO    | PipelineLogger.write | ARQUIVO...............: DevExpress.XtraReports.v23.2.xml
2026-09-10 10:44:14 | INFO    | PipelineLogger.write | ARQUIVO...............: DevExpress.XtraTreeList.v23.2.dll
2026-09-10 10:44:14 | INFO    | PipelineLogger.write | ARQUIVO...............: DevExpress.XtraTreeList.v23.2.xml
2026-09-10 10:44:14 | INFO    | PipelineLogger.write | ARQUIVO...............: FileHelpers.dll
2026-09-10 10:44:14 | INFO    | PipelineLogger.write | ARQUIVO...............: Framawork.DFe.Classes.dll
2026-09-10 10:44:14 | INFO    | PipelineLogger.write | ARQUIVO...............: Framawork.DFe.Utils.dll
2026-09-10 10:44:14 | INFO    | PipelineLogger.write | ARQUIVO...............: Framawork.DFe.Wsdl.dll
2026-09-10 10:44:15 | INFO    | PipelineLogger.write | ARQUIVO...............: Framework.NFe.Classes.dll
2026-09-10 10:44:15 | INFO    | PipelineLogger.write | ARQUIVO...............: Framework.NFe.Servicos.dll
2026-09-10 10:44:15 | INFO    | PipelineLogger.write | ARQUIVO...............: Framework.NFe.Utils.dll
2026-09-10 10:44:15 | INFO    | PipelineLogger.write | ARQUIVO...............: Framework.NFe.Wsdl.dll
2026-09-10 10:44:15 | INFO    | PipelineLogger.write | ARQUIVO...............: loongarch64\libSkiaSharp.so
2026-09-10 10:44:15 | INFO    | PipelineLogger.write | ARQUIVO...............: MailKit.dll
2026-09-10 10:44:15 | INFO    | PipelineLogger.write | ARQUIVO...............: MailKit.dll.config
2026-09-10 10:44:15 | INFO    | PipelineLogger.write | ARQUIVO...............: MailKit.pdb
2026-09-10 10:44:15 | INFO    | PipelineLogger.write | ARQUIVO...............: MailKit.xml
2026-09-10 10:44:15 | INFO    | PipelineLogger.write | ARQUIVO...............: Microsoft.Extensions.Logging.Abstractions.dll
2026-09-10 10:44:16 | INFO    | PipelineLogger.write | ARQUIVO...............: Microsoft.Extensions.Logging.Abstractions.xml
2026-09-10 10:44:16 | INFO    | PipelineLogger.write | ARQUIVO...............: MimeKit.dll
2026-09-10 10:44:17 | INFO    | PipelineLogger.write | ARQUIVO...............: MimeKit.pdb
2026-09-10 10:44:17 | INFO    | PipelineLogger.write | ARQUIVO...............: MimeKit.xml
2026-09-10 10:44:18 | INFO    | PipelineLogger.write | ARQUIVO...............: musl-arm64\libSkiaSharp.so
2026-09-10 10:44:18 | INFO    | PipelineLogger.write | ARQUIVO...............: musl-arm\libSkiaSharp.so
2026-09-10 10:44:19 | INFO    | PipelineLogger.write | ARQUIVO...............: musl-loongarch64\libSkiaSharp.so
2026-09-10 10:44:19 | INFO    | PipelineLogger.write | ARQUIVO...............: musl-riscv64\libSkiaSharp.so
2026-09-10 10:44:19 | INFO    | PipelineLogger.write | ARQUIVO...............: musl-x64\libSkiaSharp.so
2026-09-10 10:44:19 | INFO    | PipelineLogger.write | ARQUIVO...............: Newtonsoft.Json.dll
2026-09-10 10:44:19 | INFO    | PipelineLogger.write | ARQUIVO...............: Newtonsoft.Json.xml
2026-09-10 10:44:20 | INFO    | PipelineLogger.write | ARQUIVO...............: NPOI.dll
2026-09-10 10:44:20 | INFO    | PipelineLogger.write | ARQUIVO...............: NPOI.OOXML.dll
2026-09-10 10:44:21 | INFO    | PipelineLogger.write | ARQUIVO...............: NPOI.OOXML.pdb
2026-09-10 10:44:21 | INFO    | PipelineLogger.write | ARQUIVO...............: NPOI.OOXML.xml
2026-09-10 10:44:21 | INFO    | PipelineLogger.write | ARQUIVO...............: NPOI.OpenXml4Net.dll
2026-09-10 10:44:21 | INFO    | PipelineLogger.write | ARQUIVO...............: NPOI.OpenXml4Net.pdb
2026-09-10 10:44:22 | INFO    | PipelineLogger.write | ARQUIVO...............: NPOI.OpenXml4Net.xml
2026-09-10 10:44:22 | INFO    | PipelineLogger.write | ARQUIVO...............: NPOI.OpenXmlFormats.dll
2026-09-10 10:44:22 | INFO    | PipelineLogger.write | ARQUIVO...............: NPOI.OpenXmlFormats.pdb
2026-09-10 10:44:23 | INFO    | PipelineLogger.write | ARQUIVO...............: NPOI.pdb
2026-09-10 10:44:23 | INFO    | PipelineLogger.write | ARQUIVO...............: NPOI.xml
2026-09-10 10:44:24 | INFO    | PipelineLogger.write | ARQUIVO...............: OuroNet.Client.WinService.Business.dll
2026-09-10 10:44:24 | INFO    | PipelineLogger.write | ARQUIVO...............: OuroNet.Client.WinService.Business.dll.config
2026-09-10 10:44:24 | INFO    | PipelineLogger.write | ARQUIVO...............: OuroNet.Client.WinService.Business.pdb
2026-09-10 10:44:24 | INFO    | PipelineLogger.write | ARQUIVO...............: OuroNet.Server.Common.dll
2026-09-10 10:44:25 | INFO    | PipelineLogger.write | ARQUIVO...............: OuroNet.Server.Common.dll.config
2026-09-10 10:44:25 | INFO    | PipelineLogger.write | ARQUIVO...............: OuroNet.Server.Common.pdb
2026-09-10 10:44:25 | INFO    | PipelineLogger.write | ARQUIVO...............: OuroNet.Server.Entities.dll
2026-09-10 10:44:25 | INFO    | PipelineLogger.write | ARQUIVO...............: OuroNet.Server.Entities.dll.config
2026-09-10 10:44:26 | INFO    | PipelineLogger.write | ARQUIVO...............: OuroNet.Server.Entities.pdb
2026-09-10 10:44:26 | INFO    | PipelineLogger.write | ARQUIVO...............: OuroNet.Server.ServiceInterfaces.dll
2026-09-10 10:44:26 | INFO    | PipelineLogger.write | ARQUIVO...............: OuroNet.Server.ServiceInterfaces.dll.config
2026-09-10 10:44:26 | INFO    | PipelineLogger.write | ARQUIVO...............: OuroNet.Server.ServiceInterfaces.pdb
2026-09-10 10:44:26 | INFO    | PipelineLogger.write | ARQUIVO...............: OuroNetWinServiceLinkPagamento.application
2026-09-10 10:44:26 | INFO    | PipelineLogger.write | ARQUIVO...............: OuroNetWinServiceLinkPagamento.exe
2026-09-10 10:44:27 | INFO    | PipelineLogger.write | ARQUIVO...............: OuroNetWinServiceLinkPagamento.exe.config
2026-09-10 10:44:28 | INFO    | PipelineLogger.write | ARQUIVO...............: OuroNetWinServiceLinkPagamento.exe.manifest
2026-09-10 10:44:28 | INFO    | PipelineLogger.write | ARQUIVO...............: OuroNetWinServiceLinkPagamento.pdb
2026-09-10 10:44:28 | INFO    | PipelineLogger.write | ARQUIVO...............: protobuf-net.dll
2026-09-10 10:44:28 | INFO    | PipelineLogger.write | ARQUIVO...............: protobuf-net.xml
2026-09-10 10:44:28 | INFO    | PipelineLogger.write | ARQUIVO...............: Quartz.dll
2026-09-10 10:44:29 | INFO    | PipelineLogger.write | ARQUIVO...............: Quartz.xml
2026-09-10 10:44:29 | INFO    | PipelineLogger.write | ARQUIVO...............: riscv64\libSkiaSharp.so
2026-09-10 10:44:29 | INFO    | PipelineLogger.write | ARQUIVO...............: System.Buffers.dll
2026-09-10 10:44:29 | INFO    | PipelineLogger.write | ARQUIVO...............: System.Diagnostics.DiagnosticSource.dll
2026-09-10 10:44:29 | INFO    | PipelineLogger.write | ARQUIVO...............: System.Diagnostics.DiagnosticSource.xml
2026-09-10 10:44:29 | INFO    | PipelineLogger.write | ARQUIVO...............: System.Formats.Asn1.dll
2026-09-10 10:44:29 | INFO    | PipelineLogger.write | ARQUIVO...............: System.Formats.Asn1.xml
2026-09-10 10:44:29 | INFO    | PipelineLogger.write | ARQUIVO...............: System.Memory.dll
2026-09-10 10:44:29 | INFO    | PipelineLogger.write | ARQUIVO...............: System.Numerics.Vectors.dll
2026-09-10 10:44:29 | INFO    | PipelineLogger.write | ARQUIVO...............: System.Runtime.CompilerServices.Unsafe.dll
2026-09-10 10:44:29 | INFO    | PipelineLogger.write | ARQUIVO...............: System.Threading.Tasks.Extensions.dll
2026-09-10 10:44:29 | INFO    | PipelineLogger.write | ARQUIVO...............: System.Threading.Tasks.Extensions.xml
2026-09-10 10:44:29 | INFO    | PipelineLogger.write | ARQUIVO...............: x64\libSkiaSharp.dll
2026-09-10 10:44:29 | INFO    | PipelineLogger.write | ARQUIVO...............: x64\libSkiaSharp.so
2026-09-10 10:44:29 | INFO    | PipelineLogger.write | ARQUIVO...............: x64\SQLite.Interop.dll
2026-09-10 10:44:30 | INFO    | PipelineLogger.write | ARQUIVO...............: x86\libSkiaSharp.dll
2026-09-10 10:44:30 | INFO    | PipelineLogger.write | ARQUIVO...............: x86\libSkiaSharp.so
2026-09-10 10:44:30 | INFO    | PipelineLogger.write | ARQUIVO...............: x86\SQLite.Interop.dll
2026-09-10 10:44:30 | INFO    | PipelineLogger.write | ARQUIVO...............: Xml\Movimento\Cte\Schemas\2.00\cancCTeTiposBasico_v2.00.xsd
2026-09-10 10:44:30 | INFO    | PipelineLogger.write | ARQUIVO...............: Xml\Movimento\Cte\Schemas\2.00\consReciCTe_v2.00.xsd
2026-09-10 10:44:30 | INFO    | PipelineLogger.write | ARQUIVO...............: Xml\Movimento\Cte\Schemas\2.00\consReciCTeTiposBasico_v2.00.xsd
2026-09-10 10:44:30 | INFO    | PipelineLogger.write | ARQUIVO...............: Xml\Movimento\Cte\Schemas\2.00\consSitCTe_v2.00.xsd
2026-09-10 10:44:30 | INFO    | PipelineLogger.write | ARQUIVO...............: Xml\Movimento\Cte\Schemas\2.00\consSitCTeTiposBasico_v2.00.xsd
2026-09-10 10:44:30 | INFO    | PipelineLogger.write | ARQUIVO...............: Xml\Movimento\Cte\Schemas\2.00\consStatServCTe_v2.00.xsd
2026-09-10 10:44:30 | INFO    | PipelineLogger.write | ARQUIVO...............: Xml\Movimento\Cte\Schemas\2.00\consStatServTiposBasico_v2.00.xsd
2026-09-10 10:44:30 | INFO    | PipelineLogger.write | ARQUIVO...............: Xml\Movimento\Cte\Schemas\2.00\cte_v2.00.xsd
2026-09-10 10:44:30 | INFO    | PipelineLogger.write | ARQUIVO...............: Xml\Movimento\Cte\Schemas\2.00\cteModalAereo_v2.00.xsd
2026-09-10 10:44:30 | INFO    | PipelineLogger.write | ARQUIVO...............: Xml\Movimento\Cte\Schemas\2.00\cteModalAquaviario_v2.00.xsd
2026-09-10 10:44:30 | INFO    | PipelineLogger.write | ARQUIVO...............: Xml\Movimento\Cte\Schemas\2.00\cteModalDutoviario_v2.00.xsd
2026-09-10 10:44:30 | INFO    | PipelineLogger.write | ARQUIVO...............: Xml\Movimento\Cte\Schemas\2.00\cteModalFerroviario_v2.00.xsd
2026-09-10 10:44:31 | INFO    | PipelineLogger.write | ARQUIVO...............: Xml\Movimento\Cte\Schemas\2.00\cteModalRodoviario_v2.00.xsd
2026-09-10 10:44:31 | INFO    | PipelineLogger.write | ARQUIVO...............: Xml\Movimento\Cte\Schemas\2.00\cteMultiModal_v2.00.xsd
2026-09-10 10:44:31 | INFO    | PipelineLogger.write | ARQUIVO...............: Xml\Movimento\Cte\Schemas\2.00\cteTiposBasico_v2.00.xsd
2026-09-10 10:44:31 | INFO    | PipelineLogger.write | ARQUIVO...............: Xml\Movimento\Cte\Schemas\2.00\enviCTe_v2.00.xsd
2026-09-10 10:44:31 | INFO    | PipelineLogger.write | ARQUIVO...............: Xml\Movimento\Cte\Schemas\2.00\evCancCTe_v2.00.xsd
2026-09-10 10:44:31 | INFO    | PipelineLogger.write | ARQUIVO...............: Xml\Movimento\Cte\Schemas\2.00\evCCeCTe_v2.00.xsd
2026-09-10 10:44:32 | INFO    | PipelineLogger.write | ARQUIVO...............: Xml\Movimento\Cte\Schemas\2.00\eventoCTe_v2.00.xsd
2026-09-10 10:44:33 | INFO    | PipelineLogger.write | ARQUIVO...............: Xml\Movimento\Cte\Schemas\2.00\eventoCTeTiposBasico_v2.00.xsd
2026-09-10 10:44:33 | INFO    | PipelineLogger.write | ARQUIVO...............: Xml\Movimento\Cte\Schemas\2.00\evEPECCTe_v2.00.xsd
2026-09-10 10:44:33 | INFO    | PipelineLogger.write | ARQUIVO...............: Xml\Movimento\Cte\Schemas\2.00\evRegMultimodal_v2.00.xsd
2026-09-10 10:44:33 | INFO    | PipelineLogger.write | ARQUIVO...............: Xml\Movimento\Cte\Schemas\2.00\inutCTe_v2.00.xsd
2026-09-10 10:44:33 | INFO    | PipelineLogger.write | ARQUIVO...............: Xml\Movimento\Cte\Schemas\2.00\inutCTeTiposBasico_v2.00.xsd
2026-09-10 10:44:34 | INFO    | PipelineLogger.write | ARQUIVO...............: Xml\Movimento\Cte\Schemas\2.00\procCTe_v2.00.xsd
2026-09-10 10:44:34 | INFO    | PipelineLogger.write | ARQUIVO...............: Xml\Movimento\Cte\Schemas\2.00\procEventoCTe_v2.00.xsd
2026-09-10 10:44:34 | INFO    | PipelineLogger.write | ARQUIVO...............: Xml\Movimento\Cte\Schemas\2.00\procInutCTe_v2.00.xsd
2026-09-10 10:44:34 | INFO    | PipelineLogger.write | ARQUIVO...............: Xml\Movimento\Cte\Schemas\2.00\retConsReciCTe_v2.00.xsd
2026-09-10 10:44:34 | INFO    | PipelineLogger.write | ARQUIVO...............: Xml\Movimento\Cte\Schemas\2.00\retConsSitCTe_v2.00.xsd
2026-09-10 10:44:34 | INFO    | PipelineLogger.write | ARQUIVO...............: Xml\Movimento\Cte\Schemas\2.00\retConsStatServCTe_v2.00.xsd
2026-09-10 10:44:34 | INFO    | PipelineLogger.write | ARQUIVO...............: Xml\Movimento\Cte\Schemas\2.00\retEnviCTe_v2.00.xsd
2026-09-10 10:44:34 | INFO    | PipelineLogger.write | ARQUIVO...............: Xml\Movimento\Cte\Schemas\2.00\retEventoCTe_v2.00.xsd
2026-09-10 10:44:34 | INFO    | PipelineLogger.write | ARQUIVO...............: Xml\Movimento\Cte\Schemas\2.00\retInutCTe_v2.00.xsd
2026-09-10 10:44:34 | INFO    | PipelineLogger.write | ARQUIVO...............: Xml\Movimento\Cte\Schemas\2.00\tiposGeralCTe_v2.00.xsd
2026-09-10 10:44:35 | INFO    | PipelineLogger.write | ARQUIVO...............: Xml\Movimento\Cte\Schemas\2.00\xmldsig-core-schema_v1.01.xsd
2026-09-10 10:44:35 | INFO    | PipelineLogger.write | ARQUIVO...............: Xml\Movimento\Cte\Schemas\3.00\consReciCTe_v3.00.xsd
2026-09-10 10:44:35 | INFO    | PipelineLogger.write | ARQUIVO...............: Xml\Movimento\Cte\Schemas\3.00\consReciCTeTiposBasico_v3.00.xsd
2026-09-10 10:44:35 | INFO    | PipelineLogger.write | ARQUIVO...............: Xml\Movimento\Cte\Schemas\3.00\consSitCTe_v3.00.xsd
2026-09-10 10:44:35 | INFO    | PipelineLogger.write | ARQUIVO...............: Xml\Movimento\Cte\Schemas\3.00\consSitCTeTiposBasico_v3.00.xsd
2026-09-10 10:44:35 | INFO    | PipelineLogger.write | ARQUIVO...............: Xml\Movimento\Cte\Schemas\3.00\consStatServCTe_v3.00.xsd
2026-09-10 10:44:35 | INFO    | PipelineLogger.write | ARQUIVO...............: Xml\Movimento\Cte\Schemas\3.00\consStatServTiposBasico_v3.00.xsd
2026-09-10 10:44:35 | INFO    | PipelineLogger.write | ARQUIVO...............: Xml\Movimento\Cte\Schemas\3.00\cte_v3.00.xsd
2026-09-10 10:44:35 | INFO    | PipelineLogger.write | ARQUIVO...............: Xml\Movimento\Cte\Schemas\3.00\cteModalAereo_v3.00.xsd
2026-09-10 10:44:35 | INFO    | PipelineLogger.write | ARQUIVO...............: Xml\Movimento\Cte\Schemas\3.00\cteModalAquaviario_v3.00.xsd
2026-09-10 10:44:36 | INFO    | PipelineLogger.write | ARQUIVO...............: Xml\Movimento\Cte\Schemas\3.00\cteModalDutoviario_v3.00.xsd
2026-09-10 10:44:36 | INFO    | PipelineLogger.write | ARQUIVO...............: Xml\Movimento\Cte\Schemas\3.00\cteModalFerroviario_v3.00.xsd
2026-09-10 10:44:37 | INFO    | PipelineLogger.write | ARQUIVO...............: Xml\Movimento\Cte\Schemas\3.00\cteModalRodoviario_v3.00.xsd
2026-09-10 10:44:37 | INFO    | PipelineLogger.write | ARQUIVO...............: Xml\Movimento\Cte\Schemas\3.00\cteModalRodoviarioOS_v3.00.xsd
2026-09-10 10:44:38 | INFO    | PipelineLogger.write | ARQUIVO...............: Xml\Movimento\Cte\Schemas\3.00\cteMultiModal_v3.00.xsd
2026-09-10 10:44:38 | INFO    | PipelineLogger.write | ARQUIVO...............: Xml\Movimento\Cte\Schemas\3.00\cteOS_v3.00.xsd
2026-09-10 10:44:39 | INFO    | PipelineLogger.write | ARQUIVO...............: Xml\Movimento\Cte\Schemas\3.00\cteTiposBasico_v3.00.xsd
2026-09-10 10:44:39 | INFO    | PipelineLogger.write | ARQUIVO...............: Xml\Movimento\Cte\Schemas\3.00\enviCTe_v3.00.xsd
2026-09-10 10:44:40 | INFO    | PipelineLogger.write | ARQUIVO...............: Xml\Movimento\Cte\Schemas\3.00\evCancCECTe_v3.00.xsd
2026-09-10 10:44:40 | INFO    | PipelineLogger.write | ARQUIVO...............: Xml\Movimento\Cte\Schemas\3.00\evCancCTe_v3.00.xsd
2026-09-10 10:44:41 | INFO    | PipelineLogger.write | ARQUIVO...............: Xml\Movimento\Cte\Schemas\3.00\evCCeCTe_v3.00.xsd
2026-09-10 10:44:41 | INFO    | PipelineLogger.write | ARQUIVO...............: Xml\Movimento\Cte\Schemas\3.00\evCECTe_v3.00.xsd
2026-09-10 10:44:41 | INFO    | PipelineLogger.write | ARQUIVO...............: Xml\Movimento\Cte\Schemas\3.00\eventoCTe_v3.00.xsd
2026-09-10 10:44:41 | INFO    | PipelineLogger.write | ARQUIVO...............: Xml\Movimento\Cte\Schemas\3.00\eventoCTeTiposBasico_v3.00.xsd
2026-09-10 10:44:41 | INFO    | PipelineLogger.write | ARQUIVO...............: Xml\Movimento\Cte\Schemas\3.00\evEPECCTe_v3.00.xsd
2026-09-10 10:44:41 | INFO    | PipelineLogger.write | ARQUIVO...............: Xml\Movimento\Cte\Schemas\3.00\evGTV_v3.00.xsd
2026-09-10 10:44:42 | INFO    | PipelineLogger.write | ARQUIVO...............: Xml\Movimento\Cte\Schemas\3.00\evPrestDesacordo_v3.00.xsd
2026-09-10 10:44:42 | INFO    | PipelineLogger.write | ARQUIVO...............: Xml\Movimento\Cte\Schemas\3.00\evRegMultimodal_v3.00.xsd
2026-09-10 10:44:43 | INFO    | PipelineLogger.write | ARQUIVO...............: Xml\Movimento\Cte\Schemas\3.00\GTVe_v3.00.xsd
2026-09-10 10:44:43 | INFO    | PipelineLogger.write | ARQUIVO...............: Xml\Movimento\Cte\Schemas\3.00\inutCTe_v3.00.xsd
2026-09-10 10:44:44 | INFO    | PipelineLogger.write | ARQUIVO...............: Xml\Movimento\Cte\Schemas\3.00\inutCTeTiposBasico_v3.00.xsd
2026-09-10 10:44:44 | INFO    | PipelineLogger.write | ARQUIVO...............: Xml\Movimento\Cte\Schemas\3.00\procCTe_v3.00.xsd
2026-09-10 10:44:45 | INFO    | PipelineLogger.write | ARQUIVO...............: Xml\Movimento\Cte\Schemas\3.00\procCTeOS_v3.00.xsd
2026-09-10 10:44:45 | INFO    | PipelineLogger.write | ARQUIVO...............: Xml\Movimento\Cte\Schemas\3.00\procEventoCTe_v3.00.xsd
2026-09-10 10:44:45 | INFO    | PipelineLogger.write | ARQUIVO...............: Xml\Movimento\Cte\Schemas\3.00\procGTVe_v3.00.xsd
2026-09-10 10:44:45 | INFO    | PipelineLogger.write | ARQUIVO...............: Xml\Movimento\Cte\Schemas\3.00\procInutCTe_v3.00.xsd
2026-09-10 10:44:45 | INFO    | PipelineLogger.write | ARQUIVO...............: Xml\Movimento\Cte\Schemas\3.00\retConsReciCTe_v3.00.xsd
2026-09-10 10:44:46 | INFO    | PipelineLogger.write | ARQUIVO...............: Xml\Movimento\Cte\Schemas\3.00\retConsSitCTe_v3.00.xsd
2026-09-10 10:44:46 | INFO    | PipelineLogger.write | ARQUIVO...............: Xml\Movimento\Cte\Schemas\3.00\retConsStatServCTe_v3.00.xsd
2026-09-10 10:44:46 | INFO    | PipelineLogger.write | ARQUIVO...............: Xml\Movimento\Cte\Schemas\3.00\retCTe_v3.00.xsd
2026-09-10 10:44:47 | INFO    | PipelineLogger.write | ARQUIVO...............: Xml\Movimento\Cte\Schemas\3.00\retCTeOS_v3.00.xsd
2026-09-10 10:44:47 | INFO    | PipelineLogger.write | ARQUIVO...............: Xml\Movimento\Cte\Schemas\3.00\retEnviCTe_v3.00.xsd
2026-09-10 10:44:48 | INFO    | PipelineLogger.write | ARQUIVO...............: Xml\Movimento\Cte\Schemas\3.00\retEventoCTe_v3.00.xsd
2026-09-10 10:44:48 | INFO    | PipelineLogger.write | ARQUIVO...............: Xml\Movimento\Cte\Schemas\3.00\retGTVe_v3.00.xsd
2026-09-10 10:44:48 | INFO    | PipelineLogger.write | ARQUIVO...............: Xml\Movimento\Cte\Schemas\3.00\retInutCTe_v3.00.xsd
2026-09-10 10:44:48 | INFO    | PipelineLogger.write | ARQUIVO...............: Xml\Movimento\Cte\Schemas\3.00\tiposGeralCTe_v3.00.xsd
2026-09-10 10:44:48 | INFO    | PipelineLogger.write | ARQUIVO...............: Xml\Movimento\Cte\Schemas\3.00\xmldsig-core-schema_v1.01.xsd
2026-09-10 10:44:48 | INFO    | PipelineLogger.write | ARQUIVO...............: Xml\Movimento\Cte\Schemas\4.00\consSitCTe_v4.00.xsd
2026-09-10 10:44:48 | INFO    | PipelineLogger.write | ARQUIVO...............: Xml\Movimento\Cte\Schemas\4.00\consSitCTeTiposBasico_v4.00.xsd
2026-09-10 10:44:48 | INFO    | PipelineLogger.write | ARQUIVO...............: Xml\Movimento\Cte\Schemas\4.00\consStatServCTe_v4.00.xsd
2026-09-10 10:44:48 | INFO    | PipelineLogger.write | ARQUIVO...............: Xml\Movimento\Cte\Schemas\4.00\consStatServTiposBasico_v4.00.xsd
2026-09-10 10:44:48 | INFO    | PipelineLogger.write | ARQUIVO...............: Xml\Movimento\Cte\Schemas\4.00\cte_v4.00.xsd
2026-09-10 10:44:48 | INFO    | PipelineLogger.write | ARQUIVO...............: Xml\Movimento\Cte\Schemas\4.00\cteModalAereo_v4.00.xsd
2026-09-10 10:44:48 | INFO    | PipelineLogger.write | ARQUIVO...............: Xml\Movimento\Cte\Schemas\4.00\cteModalAquaviario_v4.00.xsd
2026-09-10 10:44:49 | INFO    | PipelineLogger.write | ARQUIVO...............: Xml\Movimento\Cte\Schemas\4.00\cteModalDutoviario_v4.00.xsd
2026-09-10 10:44:49 | INFO    | PipelineLogger.write | ARQUIVO...............: Xml\Movimento\Cte\Schemas\4.00\cteModalFerroviario_v4.00.xsd
2026-09-10 10:44:49 | INFO    | PipelineLogger.write | ARQUIVO...............: Xml\Movimento\Cte\Schemas\4.00\cteModalRodoviario_v4.00.xsd
2026-09-10 10:44:49 | INFO    | PipelineLogger.write | ARQUIVO...............: Xml\Movimento\Cte\Schemas\4.00\cteModalRodoviarioOS_v4.00.xsd
2026-09-10 10:44:50 | INFO    | PipelineLogger.write | ARQUIVO...............: Xml\Movimento\Cte\Schemas\4.00\cteMultiModal_v4.00.xsd
2026-09-10 10:44:50 | INFO    | PipelineLogger.write | ARQUIVO...............: Xml\Movimento\Cte\Schemas\4.00\cteOS_v4.00.xsd
2026-09-10 10:44:50 | INFO    | PipelineLogger.write | ARQUIVO...............: Xml\Movimento\Cte\Schemas\4.00\cteTiposBasico_v4.00.xsd
2026-09-10 10:44:50 | INFO    | PipelineLogger.write | ARQUIVO...............: Xml\Movimento\Cte\Schemas\4.00\evCancCECTe_v4.00.xsd
2026-09-10 10:44:51 | INFO    | PipelineLogger.write | ARQUIVO...............: Xml\Movimento\Cte\Schemas\4.00\evCancCTe_v4.00.xsd
2026-09-10 10:44:51 | INFO    | PipelineLogger.write | ARQUIVO...............: Xml\Movimento\Cte\Schemas\4.00\evCancIECTe_v4.00.xsd
2026-09-10 10:44:52 | INFO    | PipelineLogger.write | ARQUIVO...............: Xml\Movimento\Cte\Schemas\4.00\evCancPrestDesacordo_v4.00.xsd
2026-09-10 10:44:52 | INFO    | PipelineLogger.write | ARQUIVO...............: Xml\Movimento\Cte\Schemas\4.00\evCCeCTe_v4.00.xsd
2026-09-10 10:44:52 | INFO    | PipelineLogger.write | ARQUIVO...............: Xml\Movimento\Cte\Schemas\4.00\evCECTe_v4.00.xsd
2026-09-10 10:44:52 | INFO    | PipelineLogger.write | ARQUIVO...............: Xml\Movimento\Cte\Schemas\4.00\eventoCTe_v4.00.xsd
2026-09-10 10:44:53 | INFO    | PipelineLogger.write | ARQUIVO...............: Xml\Movimento\Cte\Schemas\4.00\eventoCTeTiposBasico_v4.00.xsd
2026-09-10 10:44:54 | INFO    | PipelineLogger.write | ARQUIVO...............: Xml\Movimento\Cte\Schemas\4.00\evEPECCTe_v4.00.xsd
2026-09-10 10:44:54 | INFO    | PipelineLogger.write | ARQUIVO...............: Xml\Movimento\Cte\Schemas\4.00\evGTV_v4.00.xsd
2026-09-10 10:44:55 | INFO    | PipelineLogger.write | ARQUIVO...............: Xml\Movimento\Cte\Schemas\4.00\evIECTe_v4.00.xsd
2026-09-10 10:44:55 | INFO    | PipelineLogger.write | ARQUIVO...............: Xml\Movimento\Cte\Schemas\4.00\evPrestDesacordo_v4.00.xsd
2026-09-10 10:44:56 | INFO    | PipelineLogger.write | ARQUIVO...............: Xml\Movimento\Cte\Schemas\4.00\evRegMultimodal_v4.00.xsd
2026-09-10 10:44:56 | INFO    | PipelineLogger.write | ARQUIVO...............: Xml\Movimento\Cte\Schemas\4.00\GTVe_v4.00.xsd
2026-09-10 10:44:57 | INFO    | PipelineLogger.write | ARQUIVO...............: Xml\Movimento\Cte\Schemas\4.00\inutCTe_v4.00.xsd
2026-09-10 10:44:57 | INFO    | PipelineLogger.write | ARQUIVO...............: Xml\Movimento\Cte\Schemas\4.00\inutCTeTiposBasico_v4.00.xsd
2026-09-10 10:44:57 | INFO    | PipelineLogger.write | ARQUIVO...............: Xml\Movimento\Cte\Schemas\4.00\procCTe_v4.00.xsd
2026-09-10 10:44:57 | INFO    | PipelineLogger.write | ARQUIVO...............: Xml\Movimento\Cte\Schemas\4.00\procCTeOS_v4.00.xsd
2026-09-10 10:44:57 | INFO    | PipelineLogger.write | ARQUIVO...............: Xml\Movimento\Cte\Schemas\4.00\procEventoCTe_v4.00.xsd
2026-09-10 10:44:57 | INFO    | PipelineLogger.write | ARQUIVO...............: Xml\Movimento\Cte\Schemas\4.00\procGTVe_v4.00.xsd
2026-09-10 10:44:57 | INFO    | PipelineLogger.write | ARQUIVO...............: Xml\Movimento\Cte\Schemas\4.00\procInutCTe_v4.00.xsd
2026-09-10 10:44:57 | INFO    | PipelineLogger.write | ARQUIVO...............: Xml\Movimento\Cte\Schemas\4.00\retConsSitCTe_v4.00.xsd
2026-09-10 10:44:58 | INFO    | PipelineLogger.write | ARQUIVO...............: Xml\Movimento\Cte\Schemas\4.00\retConsStatServCTe_v4.00.xsd
2026-09-10 10:44:58 | INFO    | PipelineLogger.write | ARQUIVO...............: Xml\Movimento\Cte\Schemas\4.00\retCTe_v4.00.xsd
2026-09-10 10:44:58 | INFO    | PipelineLogger.write | ARQUIVO...............: Xml\Movimento\Cte\Schemas\4.00\retCTeOS_v4.00.xsd
2026-09-10 10:44:59 | INFO    | PipelineLogger.write | ARQUIVO...............: Xml\Movimento\Cte\Schemas\4.00\retEventoCTe_v4.00.xsd
2026-09-10 10:44:59 | INFO    | PipelineLogger.write | ARQUIVO...............: Xml\Movimento\Cte\Schemas\4.00\retGTVe_v4.00.xsd
2026-09-10 10:45:00 | INFO    | PipelineLogger.write | ARQUIVO...............: Xml\Movimento\Cte\Schemas\4.00\retInutCTe_v4.00.xsd
2026-09-10 10:45:00 | INFO    | PipelineLogger.write | ARQUIVO...............: Xml\Movimento\Cte\Schemas\4.00\tiposGeralCTe_v4.00.xsd
2026-09-10 10:45:00 | INFO    | PipelineLogger.write | ARQUIVO...............: Xml\Movimento\Cte\Schemas\4.00\xmldsig-core-schema_v1.01.xsd
2026-09-10 10:45:00 | INFO    | PipelineLogger.write | ARQUIVO...............: Xml\Movimento\NFe\Schemas\atuCadEmiDFe_v1.01.xsd
2026-09-10 10:45:00 | INFO    | PipelineLogger.write | ARQUIVO...............: Xml\Movimento\NFe\Schemas\autorizacao_v1.00.xsd
2026-09-10 10:45:00 | INFO    | PipelineLogger.write | ARQUIVO...............: Xml\Movimento\NFe\Schemas\autorizacaoRetorno_v1.00.xsd
2026-09-10 10:45:00 | INFO    | PipelineLogger.write | ARQUIVO...............: Xml\Movimento\NFe\Schemas\Averb_v1.00.xsd
2026-09-10 10:45:00 | INFO    | PipelineLogger.write | ARQUIVO...............: Xml\Movimento\NFe\Schemas\cabecMsg_v1.02.xsd
2026-09-10 10:45:01 | INFO    | PipelineLogger.write | ARQUIVO...............: Xml\Movimento\NFe\Schemas\cadEmiDFe_v1.01.xsd
2026-09-10 10:45:01 | INFO    | PipelineLogger.write | ARQUIVO...............: Xml\Movimento\NFe\Schemas\cancNFe_v2.00.xsd
2026-09-10 10:45:02 | INFO    | PipelineLogger.write | ARQUIVO...............: Xml\Movimento\NFe\Schemas\CCe_v1.00.xsd
2026-09-10 10:45:02 | INFO    | PipelineLogger.write | ARQUIVO...............: Xml\Movimento\NFe\Schemas\confRecebto_v1.00.xsd
2026-09-10 10:45:03 | INFO    | PipelineLogger.write | ARQUIVO...............: Xml\Movimento\NFe\Schemas\consCad_v2.00.xsd
2026-09-10 10:45:03 | INFO    | PipelineLogger.write | ARQUIVO...............: Xml\Movimento\NFe\Schemas\consCad_v3.10.xsd
2026-09-10 10:45:03 | INFO    | PipelineLogger.write | ARQUIVO...............: Xml\Movimento\NFe\Schemas\consDPEC_v1.01.xsd
2026-09-10 10:45:03 | INFO    | PipelineLogger.write | ARQUIVO...............: Xml\Movimento\NFe\Schemas\consGTIN_v1.00.xsd
2026-09-10 10:45:04 | INFO    | PipelineLogger.write | ARQUIVO...............: Xml\Movimento\NFe\Schemas\consNFeDest_v1.01.xsd
2026-09-10 10:45:04 | INFO    | PipelineLogger.write | ARQUIVO...............: Xml\Movimento\NFe\Schemas\consReciNFe_v2.00.xsd
2026-09-10 10:45:05 | INFO    | PipelineLogger.write | ARQUIVO...............: Xml\Movimento\NFe\Schemas\consReciNFe_v3.10.xsd
2026-09-10 10:45:06 | INFO    | PipelineLogger.write | ARQUIVO...............: Xml\Movimento\NFe\Schemas\consReciNFe_v4.00.xsd
2026-09-10 10:45:06 | INFO    | PipelineLogger.write | ARQUIVO...............: Xml\Movimento\NFe\Schemas\consSitNFe_v2.00.xsd
2026-09-10 10:45:07 | INFO    | PipelineLogger.write | ARQUIVO...............: Xml\Movimento\NFe\Schemas\consSitNFe_v2.01.xsd
2026-09-10 10:45:07 | INFO    | PipelineLogger.write | ARQUIVO...............: Xml\Movimento\NFe\Schemas\consSitNFe_v3.10.xsd
2026-09-10 10:45:07 | INFO    | PipelineLogger.write | ARQUIVO...............: Xml\Movimento\NFe\Schemas\consSitNFe_v4.00.xsd
2026-09-10 10:45:07 | INFO    | PipelineLogger.write | ARQUIVO...............: Xml\Movimento\NFe\Schemas\consStatServ_v2.00.xsd
2026-09-10 10:45:07 | INFO    | PipelineLogger.write | ARQUIVO...............: Xml\Movimento\NFe\Schemas\consStatServ_v3.10.xsd
2026-09-10 10:45:07 | INFO    | PipelineLogger.write | ARQUIVO...............: Xml\Movimento\NFe\Schemas\consStatServ_v4.00.xsd
2026-09-10 10:45:07 | INFO    | PipelineLogger.write | ARQUIVO...............: Xml\Movimento\NFe\Schemas\DFeTiposBasicos_v1.00.xsd
2026-09-10 10:45:07 | INFO    | PipelineLogger.write | ARQUIVO...............: Xml\Movimento\NFe\Schemas\distDFeInt_v1.00.xsd
2026-09-10 10:45:07 | INFO    | PipelineLogger.write | ARQUIVO...............: Xml\Movimento\NFe\Schemas\distDFeInt_v1.01.xsd
2026-09-10 10:45:07 | INFO    | PipelineLogger.write | ARQUIVO...............: Xml\Movimento\NFe\Schemas\downloadNFe_v1.00.xsd
2026-09-10 10:45:08 | INFO    | PipelineLogger.write | ARQUIVO...............: Xml\Movimento\NFe\Schemas\e110110_v1.00.xsd
2026-09-10 10:45:08 | INFO    | PipelineLogger.write | ARQUIVO...............: Xml\Movimento\NFe\Schemas\e110111_v1.00.xsd
2026-09-10 10:45:08 | INFO    | PipelineLogger.write | ARQUIVO...............: Xml\Movimento\NFe\Schemas\e110112_v1.00.xsd
2026-09-10 10:45:08 | INFO    | PipelineLogger.write | ARQUIVO...............: Xml\Movimento\NFe\Schemas\e110130_v1.00.xsd
2026-09-10 10:45:08 | INFO    | PipelineLogger.write | ARQUIVO...............: Xml\Movimento\NFe\Schemas\e110131_v1.00.xsd
2026-09-10 10:45:08 | INFO    | PipelineLogger.write | ARQUIVO...............: Xml\Movimento\NFe\Schemas\e110140_v1.00.xsd
2026-09-10 10:45:08 | INFO    | PipelineLogger.write | ARQUIVO...............: Xml\Movimento\NFe\Schemas\e110140NFCe_v1.00.xsd
2026-09-10 10:45:08 | INFO    | PipelineLogger.write | ARQUIVO...............: Xml\Movimento\NFe\Schemas\e110140NFe_v1.00.xsd
2026-09-10 10:45:08 | INFO    | PipelineLogger.write | ARQUIVO...............: Xml\Movimento\NFe\Schemas\e110150_v1.00.xsd
2026-09-10 10:45:08 | INFO    | PipelineLogger.write | ARQUIVO...............: Xml\Movimento\NFe\Schemas\e110192_v1.00.xsd
2026-09-10 10:45:08 | INFO    | PipelineLogger.write | ARQUIVO...............: Xml\Movimento\NFe\Schemas\e110193_v1.00.xsd
2026-09-10 10:45:09 | INFO    | PipelineLogger.write | ARQUIVO...............: Xml\Movimento\NFe\Schemas\e110750_v1.00.xsd
2026-09-10 10:45:09 | INFO    | PipelineLogger.write | ARQUIVO...............: Xml\Movimento\NFe\Schemas\e110751_v1.00.xsd
2026-09-10 10:45:09 | INFO    | PipelineLogger.write | ARQUIVO...............: Xml\Movimento\NFe\Schemas\e111500_v1.00.xsd
2026-09-10 10:45:10 | INFO    | PipelineLogger.write | ARQUIVO...............: Xml\Movimento\NFe\Schemas\e111501_v1.00.xsd
2026-09-10 10:45:11 | INFO    | PipelineLogger.write | ARQUIVO...............: Xml\Movimento\NFe\Schemas\e111502_v1.00.xsd
2026-09-10 10:45:11 | INFO    | PipelineLogger.write | ARQUIVO...............: Xml\Movimento\NFe\Schemas\e111503_v1.00.xsd
2026-09-10 10:45:12 | INFO    | PipelineLogger.write | ARQUIVO...............: Xml\Movimento\NFe\Schemas\e210200_v1.00.xsd
2026-09-10 10:45:12 | INFO    | PipelineLogger.write | ARQUIVO...............: Xml\Movimento\NFe\Schemas\e210210_v1.00.xsd
2026-09-10 10:45:12 | INFO    | PipelineLogger.write | ARQUIVO...............: Xml\Movimento\NFe\Schemas\e210220_v1.00.xsd
2026-09-10 10:45:12 | INFO    | PipelineLogger.write | ARQUIVO...............: Xml\Movimento\NFe\Schemas\e210240_v1.00.xsd
2026-09-10 10:45:12 | INFO    | PipelineLogger.write | ARQUIVO...............: Xml\Movimento\NFe\Schemas\e411500_v1.00.xsd
2026-09-10 10:45:12 | INFO    | PipelineLogger.write | ARQUIVO...............: Xml\Movimento\NFe\Schemas\e411501_v1.00.xsd
2026-09-10 10:45:12 | INFO    | PipelineLogger.write | ARQUIVO...............: Xml\Movimento\NFe\Schemas\e411502_v1.00.xsd
2026-09-10 10:45:12 | INFO    | PipelineLogger.write | ARQUIVO...............: Xml\Movimento\NFe\Schemas\e411503_v1.00.xsd
2026-09-10 10:45:12 | INFO    | PipelineLogger.write | ARQUIVO...............: Xml\Movimento\NFe\Schemas\e610130_v1.00.xsd
2026-09-10 10:45:12 | INFO    | PipelineLogger.write | ARQUIVO...............: Xml\Movimento\NFe\Schemas\e610131_v1.00.xsd
2026-09-10 10:45:13 | INFO    | PipelineLogger.write | ARQUIVO...............: Xml\Movimento\NFe\Schemas\e790700_v1.00.xsd
2026-09-10 10:45:13 | INFO    | PipelineLogger.write | ARQUIVO...............: Xml\Movimento\NFe\Schemas\e990900_v1.00.xsd
2026-09-10 10:45:13 | INFO    | PipelineLogger.write | ARQUIVO...............: Xml\Movimento\NFe\Schemas\e990910_v1.00.xsd
2026-09-10 10:45:13 | INFO    | PipelineLogger.write | ARQUIVO...............: Xml\Movimento\NFe\Schemas\envAverb_v1.00.xsd
2026-09-10 10:45:13 | INFO    | PipelineLogger.write | ARQUIVO...............: Xml\Movimento\NFe\Schemas\envCancelPProrrogNFe_v1.0.xsd
2026-09-10 10:45:13 | INFO    | PipelineLogger.write | ARQUIVO...............: Xml\Movimento\NFe\Schemas\envCCe_v1.00.xsd
2026-09-10 10:45:13 | INFO    | PipelineLogger.write | ARQUIVO...............: Xml\Movimento\NFe\Schemas\envComprovanteEntregaNFe_v1.00.xsd
2026-09-10 10:45:13 | INFO    | PipelineLogger.write | ARQUIVO...............: Xml\Movimento\NFe\Schemas\envConfRecebto_v1.00.xsd
2026-09-10 10:45:13 | INFO    | PipelineLogger.write | ARQUIVO...............: Xml\Movimento\NFe\Schemas\envDPEC_v1.01.xsd
2026-09-10 10:45:13 | INFO    | PipelineLogger.write | ARQUIVO...............: Xml\Movimento\NFe\Schemas\envEPEC_v1.00.xsd
2026-09-10 10:45:13 | INFO    | PipelineLogger.write | ARQUIVO...............: Xml\Movimento\NFe\Schemas\envEvento_v1.00.xsd
2026-09-10 10:45:13 | INFO    | PipelineLogger.write | ARQUIVO...............: Xml\Movimento\NFe\Schemas\envEventoAtorInteressado_v1.00.xsd
2026-09-10 10:45:13 | INFO    | PipelineLogger.write | ARQUIVO...............: Xml\Movimento\NFe\Schemas\envEventoCancEConf_v1.00.xsd
2026-09-10 10:45:14 | INFO    | PipelineLogger.write | ARQUIVO...............: Xml\Movimento\NFe\Schemas\envEventoCancEntregaNFe_v1.00.xsd
2026-09-10 10:45:14 | INFO    | PipelineLogger.write | ARQUIVO...............: Xml\Movimento\NFe\Schemas\envEventoCancInsucessoNFe_v1.00.xsd
2026-09-10 10:45:15 | INFO    | PipelineLogger.write | ARQUIVO...............: Xml\Movimento\NFe\Schemas\envEventoCancNFe_v1.00.xsd
2026-09-10 10:45:15 | INFO    | PipelineLogger.write | ARQUIVO...............: Xml\Movimento\NFe\Schemas\envEventoCancSubst_v1.00.xsd
2026-09-10 10:45:16 | INFO    | PipelineLogger.write | ARQUIVO...............: Xml\Movimento\NFe\Schemas\envEventoEConf_v1.00.xsd
2026-09-10 10:45:16 | INFO    | PipelineLogger.write | ARQUIVO...............: Xml\Movimento\NFe\Schemas\envEventoEntregaNFe_v1.00.xsd
2026-09-10 10:45:16 | INFO    | PipelineLogger.write | ARQUIVO...............: Xml\Movimento\NFe\Schemas\envEventoInsucessoNFe_v1.00.xsd
2026-09-10 10:45:16 | INFO    | PipelineLogger.write | ARQUIVO...............: Xml\Movimento\NFe\Schemas\envFiscoNfe_v1.0.xsd
2026-09-10 10:45:16 | INFO    | PipelineLogger.write | ARQUIVO...............: Xml\Movimento\NFe\Schemas\enviNFe_v2.00.xsd
2026-09-10 10:45:17 | INFO    | PipelineLogger.write | ARQUIVO...............: Xml\Movimento\NFe\Schemas\enviNFe_v3.10.xsd
2026-09-10 10:45:17 | INFO    | PipelineLogger.write | ARQUIVO...............: Xml\Movimento\NFe\Schemas\enviNFe_v4.00.xsd
2026-09-10 10:45:17 | INFO    | PipelineLogger.write | ARQUIVO...............: Xml\Movimento\NFe\Schemas\envPProrrogNFe_v1.0.xsd
2026-09-10 10:45:17 | INFO    | PipelineLogger.write | ARQUIVO...............: Xml\Movimento\NFe\Schemas\envRemIndus_v1.00.xsd
2026-09-10 10:45:17 | INFO    | PipelineLogger.write | ARQUIVO...............: Xml\Movimento\NFe\Schemas\envSuframaInternaliza_v1.00.xsd
2026-09-10 10:45:17 | INFO    | PipelineLogger.write | ARQUIVO...............: Xml\Movimento\NFe\Schemas\envSuframaVistoria_v1.00.xsd
2026-09-10 10:45:17 | INFO    | PipelineLogger.write | ARQUIVO...............: Xml\Movimento\NFe\Schemas\EPEC_v1.00.xsd
2026-09-10 10:45:17 | INFO    | PipelineLogger.write | ARQUIVO...............: Xml\Movimento\NFe\Schemas\eventoAtorInteressado_v1.00.xsd
2026-09-10 10:45:18 | INFO    | PipelineLogger.write | ARQUIVO...............: Xml\Movimento\NFe\Schemas\EventoCancEConf_v1.00.xsd
2026-09-10 10:45:18 | INFO    | PipelineLogger.write | ARQUIVO...............: Xml\Movimento\NFe\Schemas\eventoCancEntregaNFe_v1.00.xsd
2026-09-10 10:45:18 | INFO    | PipelineLogger.write | ARQUIVO...............: Xml\Movimento\NFe\Schemas\EventoCancInsucessoNFe_v1.00.xsd
2026-09-10 10:45:18 | INFO    | PipelineLogger.write | ARQUIVO...............: Xml\Movimento\NFe\Schemas\eventoCancNFe_v1.00.xsd
2026-09-10 10:45:18 | INFO    | PipelineLogger.write | ARQUIVO...............: Xml\Movimento\NFe\Schemas\eventoCancSubst_v1.00.xsd
2026-09-10 10:45:18 | INFO    | PipelineLogger.write | ARQUIVO...............: Xml\Movimento\NFe\Schemas\EventoEConf_v1.00.xsd
2026-09-10 10:45:18 | INFO    | PipelineLogger.write | ARQUIVO...............: Xml\Movimento\NFe\Schemas\eventoEntregaNFe_v1.00.xsd
2026-09-10 10:45:19 | INFO    | PipelineLogger.write | ARQUIVO...............: Xml\Movimento\NFe\Schemas\eventoEPEC_v0.01.xsd
2026-09-10 10:45:19 | INFO    | PipelineLogger.write | ARQUIVO...............: Xml\Movimento\NFe\Schemas\eventoEPEC_v1.00.xsd
2026-09-10 10:45:19 | INFO    | PipelineLogger.write | ARQUIVO...............: Xml\Movimento\NFe\Schemas\EventoInsucessoNFe_v1.00.xsd
2026-09-10 10:45:19 | INFO    | PipelineLogger.write | ARQUIVO...............: Xml\Movimento\NFe\Schemas\eventoRemIndus_v1.00.xsd
2026-09-10 10:45:19 | INFO    | PipelineLogger.write | ARQUIVO...............: Xml\Movimento\NFe\Schemas\inutNFe_v2.00.xsd
2026-09-10 10:45:19 | INFO    | PipelineLogger.write | ARQUIVO...............: Xml\Movimento\NFe\Schemas\inutNFe_v3.10.xsd
2026-09-10 10:45:20 | INFO    | PipelineLogger.write | ARQUIVO...............: Xml\Movimento\NFe\Schemas\inutNFe_v4.00.xsd
2026-09-10 10:45:20 | INFO    | PipelineLogger.write | ARQUIVO...............: Xml\Movimento\NFe\Schemas\leiauteAverb_v1.00.xsd
2026-09-10 10:45:21 | INFO    | PipelineLogger.write | ARQUIVO...............: Xml\Movimento\NFe\Schemas\LeiauteCadastroEmissorDFe_v1.01.xsd
2026-09-10 10:45:21 | INFO    | PipelineLogger.write | ARQUIVO...............: Xml\Movimento\NFe\Schemas\leiauteCancNFe_v2.00.xsd
2026-09-10 10:45:21 | INFO    | PipelineLogger.write | ARQUIVO...............: Xml\Movimento\NFe\Schemas\leiauteCCe_v1.00.xsd
2026-09-10 10:45:21 | INFO    | PipelineLogger.write | ARQUIVO...............: Xml\Movimento\NFe\Schemas\leiauteCcgConsGTIN_v1.00.xsd
2026-09-10 10:45:21 | INFO    | PipelineLogger.write | ARQUIVO...............: Xml\Movimento\NFe\Schemas\leiauteComprovanteEntregaNFe_v1.00.xsd
2026-09-10 10:45:21 | INFO    | PipelineLogger.write | ARQUIVO...............: Xml\Movimento\NFe\Schemas\leiauteConfRecebto_v1.00.xsd
2026-09-10 10:45:21 | INFO    | PipelineLogger.write | ARQUIVO...............: Xml\Movimento\NFe\Schemas\leiauteConsNFeDest_v1.01.xsd
2026-09-10 10:45:21 | INFO    | PipelineLogger.write | ARQUIVO...............: Xml\Movimento\NFe\Schemas\leiauteConsSitNFe_v2.01.xsd
2026-09-10 10:45:22 | INFO    | PipelineLogger.write | ARQUIVO...............: Xml\Movimento\NFe\Schemas\leiauteConsSitNFe_v3.10.xsd
2026-09-10 10:45:22 | INFO    | PipelineLogger.write | ARQUIVO...............: Xml\Movimento\NFe\Schemas\leiauteConsSitNFe_v4.00.xsd
2026-09-10 10:45:22 | INFO    | PipelineLogger.write | ARQUIVO...............: Xml\Movimento\NFe\Schemas\leiauteConsStatServ_v2.00.xsd
2026-09-10 10:45:22 | INFO    | PipelineLogger.write | ARQUIVO...............: Xml\Movimento\NFe\Schemas\leiauteConsStatServ_v3.10.xsd
2026-09-10 10:45:22 | INFO    | PipelineLogger.write | ARQUIVO...............: Xml\Movimento\NFe\Schemas\leiauteConsStatServ_v4.00.xsd
2026-09-10 10:45:23 | INFO    | PipelineLogger.write | ARQUIVO...............: Xml\Movimento\NFe\Schemas\leiauteConsultaCadastro_v1.01.xsd
2026-09-10 10:45:24 | INFO    | PipelineLogger.write | ARQUIVO...............: Xml\Movimento\NFe\Schemas\leiauteConsultaCadastro_v2.00.xsd
2026-09-10 10:45:24 | INFO    | PipelineLogger.write | ARQUIVO...............: Xml\Movimento\NFe\Schemas\leiauteConsultaCadastro_v3.10.xsd
2026-09-10 10:45:25 | INFO    | PipelineLogger.write | ARQUIVO...............: Xml\Movimento\NFe\Schemas\leiauteDownloadNFe_v1.00.xsd
2026-09-10 10:45:25 | INFO    | PipelineLogger.write | ARQUIVO...............: Xml\Movimento\NFe\Schemas\leiauteDPEC_v1.01.xsd
2026-09-10 10:45:25 | INFO    | PipelineLogger.write | ARQUIVO...............: Xml\Movimento\NFe\Schemas\leiauteEPEC_v1.00.xsd
2026-09-10 10:45:26 | INFO    | PipelineLogger.write | ARQUIVO...............: Xml\Movimento\NFe\Schemas\leiauteEvento_v1.00.xsd
2026-09-10 10:45:26 | INFO    | PipelineLogger.write | ARQUIVO...............: Xml\Movimento\NFe\Schemas\leiauteEventoAtorInteressado_v1.00.xsd
2026-09-10 10:45:26 | INFO    | PipelineLogger.write | ARQUIVO...............: Xml\Movimento\NFe\Schemas\leiauteEventoCancEConf_v1.00.xsd
2026-09-10 10:45:26 | INFO    | PipelineLogger.write | ARQUIVO...............: Xml\Movimento\NFe\Schemas\leiauteEventoCancEntregaNFe_v1.00.xsd
2026-09-10 10:45:27 | INFO    | PipelineLogger.write | ARQUIVO...............: Xml\Movimento\NFe\Schemas\leiauteEventoCancInsucessoNFe_v1.00.xsd
2026-09-10 10:45:27 | INFO    | PipelineLogger.write | ARQUIVO...............: Xml\Movimento\NFe\Schemas\leiauteEventoCancNFe_v1.00.xsd
2026-09-10 10:45:28 | INFO    | PipelineLogger.write | ARQUIVO...............: Xml\Movimento\NFe\Schemas\leiauteEventoCancSubst_v1.00.xsd
2026-09-10 10:45:28 | INFO    | PipelineLogger.write | ARQUIVO...............: Xml\Movimento\NFe\Schemas\leiauteEventoEConf_v1.00.xsd
2026-09-10 10:45:28 | INFO    | PipelineLogger.write | ARQUIVO...............: Xml\Movimento\NFe\Schemas\leiauteEventoEntregaNFe_v1.00.xsd
2026-09-10 10:45:28 | INFO    | PipelineLogger.write | ARQUIVO...............: Xml\Movimento\NFe\Schemas\leiauteEventoInsucessoNFe_v1.00.xsd
2026-09-10 10:45:28 | INFO    | PipelineLogger.write | ARQUIVO...............: Xml\Movimento\NFe\Schemas\leiauteInutNFe_v2.00.xsd
2026-09-10 10:45:29 | INFO    | PipelineLogger.write | ARQUIVO...............: Xml\Movimento\NFe\Schemas\leiauteInutNFe_v3.10.xsd
2026-09-10 10:45:29 | INFO    | PipelineLogger.write | ARQUIVO...............: Xml\Movimento\NFe\Schemas\leiauteInutNFe_v4.00.xsd
2026-09-10 10:45:30 | INFO    | PipelineLogger.write | ARQUIVO...............: Xml\Movimento\NFe\Schemas\leiauteLivroCombustivel_v1.00.xsd
2026-09-10 10:45:30 | INFO    | PipelineLogger.write | ARQUIVO...............: Xml\Movimento\NFe\Schemas\leiauteLMCAutorizacao_v1.00.xsd
2026-09-10 10:45:30 | INFO    | PipelineLogger.write | ARQUIVO...............: Xml\Movimento\NFe\Schemas\leiauteLMCAutorizacaoRetorno_v1.00.xsd
2026-09-10 10:45:30 | INFO    | PipelineLogger.write | ARQUIVO...............: Xml\Movimento\NFe\Schemas\leiauteLMCStatusServico_v1.00.xsd
2026-09-10 10:45:30 | INFO    | PipelineLogger.write | ARQUIVO...............: Xml\Movimento\NFe\Schemas\leiauteNFe_v2.00.xsd
2026-09-10 10:45:30 | INFO    | PipelineLogger.write | ARQUIVO...............: Xml\Movimento\NFe\Schemas\leiauteNFe_v3.10.xsd
2026-09-10 10:45:30 | INFO    | PipelineLogger.write | ARQUIVO...............: Xml\Movimento\NFe\Schemas\leiauteNFe_v4.00.xsd
2026-09-10 10:45:30 | INFO    | PipelineLogger.write | ARQUIVO...............: Xml\Movimento\NFe\Schemas\leiauteNFe_v4.00_Homologacao.xsd
2026-09-10 10:45:30 | INFO    | PipelineLogger.write | ARQUIVO...............: Xml\Movimento\NFe\Schemas\leiauteProtLivroCombustivel_v1.00.xsd
2026-09-10 10:45:30 | INFO    | PipelineLogger.write | ARQUIVO...............: Xml\Movimento\NFe\Schemas\leiauteRemIndus_v1.00.xsd
2026-09-10 10:45:30 | INFO    | PipelineLogger.write | ARQUIVO...............: Xml\Movimento\NFe\Schemas\leiauteSRE_v1.00.xsd
2026-09-10 10:45:30 | INFO    | PipelineLogger.write | ARQUIVO...............: Xml\Movimento\NFe\Schemas\leiauteSuframaInternaliza_v1.00.xsd
2026-09-10 10:45:31 | INFO    | PipelineLogger.write | ARQUIVO...............: Xml\Movimento\NFe\Schemas\leiauteSuframaVistoria_v1.00.xsd
2026-09-10 10:45:31 | INFO    | PipelineLogger.write | ARQUIVO...............: Xml\Movimento\NFe\Schemas\livroCombustivel_v1.00.xsd
2026-09-10 10:45:31 | INFO    | PipelineLogger.write | ARQUIVO...............: Xml\Movimento\NFe\Schemas\lmcComum_v1.00.xsd
2026-09-10 10:45:31 | INFO    | PipelineLogger.write | ARQUIVO...............: Xml\Movimento\NFe\Schemas\nfe_v2.00.xsd
2026-09-10 10:45:31 | INFO    | PipelineLogger.write | ARQUIVO...............: Xml\Movimento\NFe\Schemas\nfe_v3.10.xsd
2026-09-10 10:45:31 | INFO    | PipelineLogger.write | ARQUIVO...............: Xml\Movimento\NFe\Schemas\nfe_v4.00.xsd
2026-09-10 10:45:32 | INFO    | PipelineLogger.write | ARQUIVO...............: Xml\Movimento\NFe\Schemas\procAverbNFe_v1.00.xsd
2026-09-10 10:45:32 | INFO    | PipelineLogger.write | ARQUIVO...............: Xml\Movimento\NFe\Schemas\procCancNFe_v2.00.xsd
2026-09-10 10:45:33 | INFO    | PipelineLogger.write | ARQUIVO...............: Xml\Movimento\NFe\Schemas\procCCeNFe_v1.00.xsd
2026-09-10 10:45:34 | INFO    | PipelineLogger.write | ARQUIVO...............: Xml\Movimento\NFe\Schemas\procComprovanteEntregaNFe_v1.00.xsd
2026-09-10 10:45:34 | INFO    | PipelineLogger.write | ARQUIVO...............: Xml\Movimento\NFe\Schemas\procConfRecebtoNFe_v1.00.xsd
2026-09-10 10:45:35 | INFO    | PipelineLogger.write | ARQUIVO...............: Xml\Movimento\NFe\Schemas\procEPEC_v1.00.xsd
2026-09-10 10:45:35 | INFO    | PipelineLogger.write | ARQUIVO...............: Xml\Movimento\NFe\Schemas\procEventoAtorInteressado_v1.00.xsd
2026-09-10 10:45:35 | INFO    | PipelineLogger.write | ARQUIVO...............: Xml\Movimento\NFe\Schemas\procEventoCancEConf_v1.00.xsd
2026-09-10 10:45:35 | INFO    | PipelineLogger.write | ARQUIVO...............: Xml\Movimento\NFe\Schemas\procEventoCancEntregaNFe_v1.00.xsd
2026-09-10 10:45:35 | INFO    | PipelineLogger.write | ARQUIVO...............: Xml\Movimento\NFe\Schemas\procEventoCancInsucessoNFe_v1.00.xsd
2026-09-10 10:45:35 | INFO    | PipelineLogger.write | ARQUIVO...............: Xml\Movimento\NFe\Schemas\procEventoCancNFe_v1.00.xsd
2026-09-10 10:45:35 | INFO    | PipelineLogger.write | ARQUIVO...............: Xml\Movimento\NFe\Schemas\procEventoCancSubst_v1.00.xsd
2026-09-10 10:45:35 | INFO    | PipelineLogger.write | ARQUIVO...............: Xml\Movimento\NFe\Schemas\procEventoEConf_v1.00.xsd
2026-09-10 10:45:35 | INFO    | PipelineLogger.write | ARQUIVO...............: Xml\Movimento\NFe\Schemas\procEventoEntregaNFe_v1.00.xsd
2026-09-10 10:45:35 | INFO    | PipelineLogger.write | ARQUIVO...............: Xml\Movimento\NFe\Schemas\procEventoInsucessoNFe_v1.00.xsd
2026-09-10 10:45:35 | INFO    | PipelineLogger.write | ARQUIVO...............: Xml\Movimento\NFe\Schemas\procEventoNFe_v1.00.xsd
2026-09-10 10:45:36 | INFO    | PipelineLogger.write | ARQUIVO...............: Xml\Movimento\NFe\Schemas\procEventoNFe_v99.99.xsd
2026-09-10 10:45:36 | INFO    | PipelineLogger.write | ARQUIVO...............: Xml\Movimento\NFe\Schemas\procInutNFe_v2.00.xsd
2026-09-10 10:45:36 | INFO    | PipelineLogger.write | ARQUIVO...............: Xml\Movimento\NFe\Schemas\procInutNFe_v3.10.xsd
2026-09-10 10:45:36 | INFO    | PipelineLogger.write | ARQUIVO...............: Xml\Movimento\NFe\Schemas\procInutNFe_v4.00.xsd
2026-09-10 10:45:37 | INFO    | PipelineLogger.write | ARQUIVO...............: Xml\Movimento\NFe\Schemas\procNFe_v2.00.xsd
2026-09-10 10:45:37 | INFO    | PipelineLogger.write | ARQUIVO...............: Xml\Movimento\NFe\Schemas\procNFe_v3.10.xsd
2026-09-10 10:45:37 | INFO    | PipelineLogger.write | ARQUIVO...............: Xml\Movimento\NFe\Schemas\procNFe_v4.00.xsd
2026-09-10 10:45:37 | INFO    | PipelineLogger.write | ARQUIVO...............: Xml\Movimento\NFe\Schemas\procRemIndus_v1.00.xsd
2026-09-10 10:45:37 | INFO    | PipelineLogger.write | ARQUIVO...............: Xml\Movimento\NFe\Schemas\prod_leiauteNFe_v4.00.xsd
2026-09-10 10:45:38 | INFO    | PipelineLogger.write | ARQUIVO...............: Xml\Movimento\NFe\Schemas\resEvento_v1.00.xsd
2026-09-10 10:45:38 | INFO    | PipelineLogger.write | ARQUIVO...............: Xml\Movimento\NFe\Schemas\resEvento_v1.01.xsd
2026-09-10 10:45:39 | INFO    | PipelineLogger.write | ARQUIVO...............: Xml\Movimento\NFe\Schemas\resNFe_v1.00.xsd
2026-09-10 10:45:39 | INFO    | PipelineLogger.write | ARQUIVO...............: Xml\Movimento\NFe\Schemas\resNFe_v1.01.xsd
2026-09-10 10:45:39 | INFO    | PipelineLogger.write | ARQUIVO...............: Xml\Movimento\NFe\Schemas\retAtuCadEmiDFe_v1.01.xsd
2026-09-10 10:45:39 | INFO    | PipelineLogger.write | ARQUIVO...............: Xml\Movimento\NFe\Schemas\retCancNFe_v2.00.xsd
2026-09-10 10:45:39 | INFO    | PipelineLogger.write | ARQUIVO...............: Xml\Movimento\NFe\Schemas\retComprovanteEntregaNFe_v1.00.xsd
2026-09-10 10:45:39 | INFO    | PipelineLogger.write | ARQUIVO...............: Xml\Movimento\NFe\Schemas\retConsCad_v2.00.xsd
2026-09-10 10:45:39 | INFO    | PipelineLogger.write | ARQUIVO...............: Xml\Movimento\NFe\Schemas\retConsDPEC_v1.01.xsd
2026-09-10 10:45:39 | INFO    | PipelineLogger.write | ARQUIVO...............: Xml\Movimento\NFe\Schemas\retConsGTIN_v1.00.xsd
2026-09-10 10:45:39 | INFO    | PipelineLogger.write | ARQUIVO...............: Xml\Movimento\NFe\Schemas\retconsNFeDest_v1.01.xsd
2026-09-10 10:45:39 | INFO    | PipelineLogger.write | ARQUIVO...............: Xml\Movimento\NFe\Schemas\retConsReciNFe_v2.00.xsd
2026-09-10 10:45:39 | INFO    | PipelineLogger.write | ARQUIVO...............: Xml\Movimento\NFe\Schemas\retConsReciNFe_v3.10.xsd
2026-09-10 10:45:39 | INFO    | PipelineLogger.write | ARQUIVO...............: Xml\Movimento\NFe\Schemas\retConsReciNFe_v4.00.xsd
2026-09-10 10:45:39 | INFO    | PipelineLogger.write | ARQUIVO...............: Xml\Movimento\NFe\Schemas\retConsSitNFe_v2.01.xsd
2026-09-10 10:45:39 | INFO    | PipelineLogger.write | ARQUIVO...............: Xml\Movimento\NFe\Schemas\retConsSitNFe_v3.10.xsd
2026-09-10 10:45:40 | INFO    | PipelineLogger.write | ARQUIVO...............: Xml\Movimento\NFe\Schemas\retConsSitNFe_v4.00.xsd
2026-09-10 10:45:40 | INFO    | PipelineLogger.write | ARQUIVO...............: Xml\Movimento\NFe\Schemas\retConsStatServ_v2.00.xsd
2026-09-10 10:45:40 | INFO    | PipelineLogger.write | ARQUIVO...............: Xml\Movimento\NFe\Schemas\retConsStatServ_v3.10.xsd
2026-09-10 10:45:40 | INFO    | PipelineLogger.write | ARQUIVO...............: Xml\Movimento\NFe\Schemas\retConsStatServ_v4.00.xsd
2026-09-10 10:45:40 | INFO    | PipelineLogger.write | ARQUIVO...............: Xml\Movimento\NFe\Schemas\retDistDFeInt_v1.00.xsd
2026-09-10 10:45:40 | INFO    | PipelineLogger.write | ARQUIVO...............: Xml\Movimento\NFe\Schemas\retDistDFeInt_v1.01.xsd
2026-09-10 10:45:40 | INFO    | PipelineLogger.write | ARQUIVO...............: Xml\Movimento\NFe\Schemas\retDownloadNFe_v1.00.xsd
2026-09-10 10:45:40 | INFO    | PipelineLogger.write | ARQUIVO...............: Xml\Movimento\NFe\Schemas\retDPEC_v1.01.xsd
2026-09-10 10:45:40 | INFO    | PipelineLogger.write | ARQUIVO...............: Xml\Movimento\NFe\Schemas\retEnvAverb_v1.00.xsd
2026-09-10 10:45:40 | INFO    | PipelineLogger.write | ARQUIVO...............: Xml\Movimento\NFe\Schemas\retEnvCancelPProrrogNFe_v1.0.xsd
2026-09-10 10:45:40 | INFO    | PipelineLogger.write | ARQUIVO...............: Xml\Movimento\NFe\Schemas\retEnvCCe_v1.00.xsd
2026-09-10 10:45:40 | INFO    | PipelineLogger.write | ARQUIVO...............: Xml\Movimento\NFe\Schemas\retEnvConfRecebto_v1.00.xsd
2026-09-10 10:45:40 | INFO    | PipelineLogger.write | ARQUIVO...............: Xml\Movimento\NFe\Schemas\retEnvEPEC_v1.00.xsd
2026-09-10 10:45:40 | INFO    | PipelineLogger.write | ARQUIVO...............: Xml\Movimento\NFe\Schemas\retEnvEvento_v1.00.xsd
2026-09-10 10:45:40 | INFO    | PipelineLogger.write | ARQUIVO...............: Xml\Movimento\NFe\Schemas\retEnvEventoAtorInteressado_v1.00.xsd
2026-09-10 10:45:41 | INFO    | PipelineLogger.write | ARQUIVO...............: Xml\Movimento\NFe\Schemas\retEnvEventoCancNFe_v1.00.xsd
2026-09-10 10:45:41 | INFO    | PipelineLogger.write | ARQUIVO...............: Xml\Movimento\NFe\Schemas\retEnvEventoCancSubst_v1.00.xsd
2026-09-10 10:45:42 | INFO    | PipelineLogger.write | ARQUIVO...............: Xml\Movimento\NFe\Schemas\retEnvFiscoNFe_v1.0.xsd
2026-09-10 10:45:42 | INFO    | PipelineLogger.write | ARQUIVO...............: Xml\Movimento\NFe\Schemas\retEnviNFe_v2.00.xsd
2026-09-10 10:45:43 | INFO    | PipelineLogger.write | ARQUIVO...............: Xml\Movimento\NFe\Schemas\retEnviNFe_v3.10.xsd
2026-09-10 10:45:43 | INFO    | PipelineLogger.write | ARQUIVO...............: Xml\Movimento\NFe\Schemas\retEnviNFe_v4.00.xsd
2026-09-10 10:45:43 | INFO    | PipelineLogger.write | ARQUIVO...............: Xml\Movimento\NFe\Schemas\retEnvRemIndus_v1.00.xsd
2026-09-10 10:45:44 | INFO    | PipelineLogger.write | ARQUIVO...............: Xml\Movimento\NFe\Schemas\retEnvSuframaInternaliza_v1.00.xsd
2026-09-10 10:45:44 | INFO    | PipelineLogger.write | ARQUIVO...............: Xml\Movimento\NFe\Schemas\retEnvSuframaVistoria_v1.00.xsd
2026-09-10 10:45:44 | INFO    | PipelineLogger.write | ARQUIVO...............: Xml\Movimento\NFe\Schemas\retEventoCancEConf_v1.00.xsd
2026-09-10 10:45:44 | INFO    | PipelineLogger.write | ARQUIVO...............: Xml\Movimento\NFe\Schemas\retEventoCancEntregaNFe_v1.00.xsd
2026-09-10 10:45:44 | INFO    | PipelineLogger.write | ARQUIVO...............: Xml\Movimento\NFe\Schemas\retEventoCancInsucessoNFe_v1.00.xsd
2026-09-10 10:45:45 | INFO    | PipelineLogger.write | ARQUIVO...............: Xml\Movimento\NFe\Schemas\retEventoEConf_v1.00.xsd
2026-09-10 10:45:45 | INFO    | PipelineLogger.write | ARQUIVO...............: Xml\Movimento\NFe\Schemas\retEventoEntregaNFe_v1.00.xsd
2026-09-10 10:45:45 | INFO    | PipelineLogger.write | ARQUIVO...............: Xml\Movimento\NFe\Schemas\retEventoEPEC_v0.01.xsd
2026-09-10 10:45:46 | INFO    | PipelineLogger.write | ARQUIVO...............: Xml\Movimento\NFe\Schemas\retEventoInsucessoNFe_v1.00.xsd
2026-09-10 10:45:46 | INFO    | PipelineLogger.write | ARQUIVO...............: Xml\Movimento\NFe\Schemas\retInutNFe_v2.00.xsd
2026-09-10 10:45:47 | INFO    | PipelineLogger.write | ARQUIVO...............: Xml\Movimento\NFe\Schemas\retInutNFe_v3.10.xsd
2026-09-10 10:45:47 | INFO    | PipelineLogger.write | ARQUIVO...............: Xml\Movimento\NFe\Schemas\retInutNFe_v4.00.xsd
2026-09-10 10:45:48 | INFO    | PipelineLogger.write | ARQUIVO...............: Xml\Movimento\NFe\Schemas\retPProrrogNFe_v1.0.xsd
2026-09-10 10:45:48 | INFO    | PipelineLogger.write | ARQUIVO...............: Xml\Movimento\NFe\Schemas\statusServico_v1.00.xsd
2026-09-10 10:45:49 | INFO    | PipelineLogger.write | ARQUIVO...............: Xml\Movimento\NFe\Schemas\SuframaInternaliza_v1.00.xsd
2026-09-10 10:45:49 | INFO    | PipelineLogger.write | ARQUIVO...............: Xml\Movimento\NFe\Schemas\SuframaVistoria_v1.00.xsd
2026-09-10 10:45:49 | INFO    | PipelineLogger.write | ARQUIVO...............: Xml\Movimento\NFe\Schemas\tiposBasico_v1.00.xsd
2026-09-10 10:45:50 | INFO    | PipelineLogger.write | ARQUIVO...............: Xml\Movimento\NFe\Schemas\tiposBasico_v1.03.xsd
2026-09-10 10:45:51 | INFO    | PipelineLogger.write | ARQUIVO...............: Xml\Movimento\NFe\Schemas\tiposBasico_v1.03_OPENSSL.xsd
2026-09-10 10:45:51 | INFO    | PipelineLogger.write | ARQUIVO...............: Xml\Movimento\NFe\Schemas\tiposBasico_v3.10.xsd
2026-09-10 10:45:51 | INFO    | PipelineLogger.write | ARQUIVO...............: Xml\Movimento\NFe\Schemas\tiposBasico_v3.10_OPENSSL.xsd
2026-09-10 10:45:51 | INFO    | PipelineLogger.write | ARQUIVO...............: Xml\Movimento\NFe\Schemas\tiposBasico_v4.00.xsd
2026-09-10 10:45:52 | INFO    | PipelineLogger.write | ARQUIVO...............: Xml\Movimento\NFe\Schemas\tiposBasicosCcgConsGTIN_v1.00.xsd
2026-09-10 10:45:52 | INFO    | PipelineLogger.write | ARQUIVO...............: Xml\Movimento\NFe\Schemas\tiposDistDFe_v1.00.xsd
2026-09-10 10:45:53 | INFO    | PipelineLogger.write | ARQUIVO...............: Xml\Movimento\NFe\Schemas\tiposDistDFe_v1.01.xsd
2026-09-10 10:45:53 | INFO    | PipelineLogger.write | ARQUIVO...............: Xml\Movimento\NFe\Schemas\xmldsig-core-schema_v1.01.xsd
2026-09-10 10:45:53 | INFO    | PipelineLogger.write | ARQUIVO...............: Xml\Movimento\NFSe\Abaco\1.00\nfse_v2010.xsd
2026-09-10 10:45:54 | INFO    | PipelineLogger.write | ARQUIVO...............: Xml\Movimento\NFSe\Abaco\1.00\xmldsig-core-schema20020212.xsd
2026-09-10 10:45:54 | INFO    | PipelineLogger.write | ARQUIVO...............: Xml\Movimento\NFSe\Abaco\1.01\nfse_v2010.xsd
2026-09-10 10:45:55 | INFO    | PipelineLogger.write | ARQUIVO...............: Xml\Movimento\NFSe\Abaco\1.01\xmldsig-core-schema20020212.xsd
2026-09-10 10:45:55 | INFO    | PipelineLogger.write | ARQUIVO...............: Xml\Movimento\NFSe\Abaco\2.04\nfse.xsd
2026-09-10 10:45:55 | INFO    | PipelineLogger.write | ARQUIVO...............: Xml\Movimento\NFSe\Abaco\2.04\xmldsig-core-schema20020212.xsd
2026-09-10 10:45:55 | INFO    | PipelineLogger.write | ARQUIVO...............: Xml\Movimento\NFSe\Abaco\xmldsig-core-schema20020212.xsd
2026-09-10 10:45:55 | INFO    | PipelineLogger.write | ARQUIVO...............: Xml\Movimento\NFSe\ABase\2.01\nfse.xsd
2026-09-10 10:45:55 | INFO    | PipelineLogger.write | ARQUIVO...............: Xml\Movimento\NFSe\ABase\2.01\xmldsig-core-schema20020212.xsd
2026-09-10 10:45:55 | INFO    | PipelineLogger.write | ARQUIVO...............: Xml\Movimento\NFSe\ABase\xmldsig-core-schema20020212.xsd
2026-09-10 10:45:55 | INFO    | PipelineLogger.write | ARQUIVO...............: Xml\Movimento\NFSe\ABRASF\1.00\nfse.xsd
2026-09-10 10:45:55 | INFO    | PipelineLogger.write | ARQUIVO...............: Xml\Movimento\NFSe\ABRASF\1.00\xmldsig-core-schema20020212.xsd
2026-09-10 10:45:55 | INFO    | PipelineLogger.write | ARQUIVO...............: Xml\Movimento\NFSe\ABRASF\2.00\nfse v200.xsd
2026-09-10 10:45:56 | INFO    | PipelineLogger.write | ARQUIVO...............: Xml\Movimento\NFSe\ABRASF\2.00\xmldsig-core-schema20020212.xsd
2026-09-10 10:45:56 | INFO    | PipelineLogger.write | ARQUIVO...............: Xml\Movimento\NFSe\ABRASF\2.01\nfse v201.xsd
2026-09-10 10:45:57 | INFO    | PipelineLogger.write | ARQUIVO...............: Xml\Movimento\NFSe\ABRASF\2.01\xmldsig-core-schema20020212.xsd
2026-09-10 10:45:57 | INFO    | PipelineLogger.write | ARQUIVO...............: Xml\Movimento\NFSe\ABRASF\2.02\nfse v202.xsd
2026-09-10 10:45:57 | INFO    | PipelineLogger.write | ARQUIVO...............: Xml\Movimento\NFSe\ABRASF\2.02\xmldsig-core-schema20020212.xsd
2026-09-10 10:45:58 | INFO    | PipelineLogger.write | ARQUIVO...............: Xml\Movimento\NFSe\ABRASF\2.03\nfse_v203.xsd
2026-09-10 10:45:58 | INFO    | PipelineLogger.write | ARQUIVO...............: Xml\Movimento\NFSe\ABRASF\2.03\xmldsig-core-schema20020212.xsd
2026-09-10 10:45:59 | INFO    | PipelineLogger.write | ARQUIVO...............: Xml\Movimento\NFSe\ABRASF\2.04\nfse_v204.xsd
2026-09-10 10:45:59 | INFO    | PipelineLogger.write | ARQUIVO...............: Xml\Movimento\NFSe\ABRASF\2.04\xmldsig-core-schema20020212.xsd
2026-09-10 10:45:59 | INFO    | PipelineLogger.write | ARQUIVO...............: Xml\Movimento\NFSe\Betha\1.00\servico_cancelar_nfse_envio_v01.xsd
2026-09-10 10:45:59 | INFO    | PipelineLogger.write | ARQUIVO...............: Xml\Movimento\NFSe\Betha\1.00\servico_cancelar_nfse_resposta_v01.xsd
2026-09-10 10:45:59 | INFO    | PipelineLogger.write | ARQUIVO...............: Xml\Movimento\NFSe\Betha\1.00\servico_consultar_lote_rps_envio_v01.xsd
2026-09-10 10:46:00 | INFO    | PipelineLogger.write | ARQUIVO...............: Xml\Movimento\NFSe\Betha\1.00\servico_consultar_lote_rps_resposta_v01.xsd
2026-09-10 10:46:00 | INFO    | PipelineLogger.write | ARQUIVO...............: Xml\Movimento\NFSe\Betha\1.00\servico_consultar_nfse_envio_v01.xsd
2026-09-10 10:46:00 | INFO    | PipelineLogger.write | ARQUIVO...............: Xml\Movimento\NFSe\Betha\1.00\servico_consultar_nfse_resposta_v01.xsd
2026-09-10 10:46:00 | INFO    | PipelineLogger.write | ARQUIVO...............: Xml\Movimento\NFSe\Betha\1.00\servico_consultar_nfse_rps_envio_v01.xsd
2026-09-10 10:46:00 | INFO    | PipelineLogger.write | ARQUIVO...............: Xml\Movimento\NFSe\Betha\1.00\servico_consultar_nfse_rps_resposta_v01.xsd
2026-09-10 10:46:00 | INFO    | PipelineLogger.write | ARQUIVO...............: Xml\Movimento\NFSe\Betha\1.00\servico_consultar_situacao_lote_rps_envio_v01.xsd
2026-09-10 10:46:00 | INFO    | PipelineLogger.write | ARQUIVO...............: Xml\Movimento\NFSe\Betha\1.00\servico_consultar_situacao_lote_rps_resposta_v01.xsd
2026-09-10 10:46:00 | INFO    | PipelineLogger.write | ARQUIVO...............: Xml\Movimento\NFSe\Betha\1.00\servico_enviar_lote_rps_envio_v01.xsd
2026-09-10 10:46:00 | INFO    | PipelineLogger.write | ARQUIVO...............: Xml\Movimento\NFSe\Betha\1.00\servico_enviar_lote_rps_resposta_v01.xsd
2026-09-10 10:46:00 | INFO    | PipelineLogger.write | ARQUIVO...............: Xml\Movimento\NFSe\Betha\1.00\TiposNFe_v01.xsd
2026-09-10 10:46:01 | INFO    | PipelineLogger.write | ARQUIVO...............: Xml\Movimento\NFSe\Betha\1.00\xmldsig-core-schema_v01.xsd
2026-09-10 10:46:01 | INFO    | PipelineLogger.write | ARQUIVO...............: Xml\Movimento\NFSe\Betha\2.02\nfse_v202.xsd
2026-09-10 10:46:01 | INFO    | PipelineLogger.write | ARQUIVO...............: Xml\Movimento\NFSe\Betha\2.02\xmldsig-core-schema20020212.xsd
2026-09-10 10:46:01 | INFO    | PipelineLogger.write | ARQUIVO...............: Xml\Movimento\NFSe\BHISS\xmldsig-core-schema20020212.xsd
2026-09-10 10:46:01 | INFO    | PipelineLogger.write | ARQUIVO...............: Xml\Movimento\NFSe\Citta\2.03\nfse.xsd
2026-09-10 10:46:01 | INFO    | PipelineLogger.write | ARQUIVO...............: Xml\Movimento\NFSe\Citta\2.03\xmldsig-core-schema20020212.xsd
2026-09-10 10:46:01 | INFO    | PipelineLogger.write | ARQUIVO...............: Xml\Movimento\NFSe\Conam\1.00\Informacao.txt
2026-09-10 10:46:01 | INFO    | PipelineLogger.write | ARQUIVO...............: Xml\Movimento\NFSe\Coplan\2.01\nfse.xsd
2026-09-10 10:46:01 | INFO    | PipelineLogger.write | ARQUIVO...............: Xml\Movimento\NFSe\Coplan\2.01\xmldsig-core-schema20020212.xsd
2026-09-10 10:46:01 | INFO    | PipelineLogger.write | ARQUIVO...............: Xml\Movimento\NFSe\DBSeller\1.00\nfse.xsd
2026-09-10 10:46:01 | INFO    | PipelineLogger.write | ARQUIVO...............: Xml\Movimento\NFSe\DBSeller\1.00\xmldsig-core-schema_v01.xsd
2026-09-10 10:46:01 | INFO    | PipelineLogger.write | ARQUIVO...............: Xml\Movimento\NFSe\DBSeller\2.04\nfse.xsd
2026-09-10 10:46:02 | INFO    | PipelineLogger.write | ARQUIVO...............: Xml\Movimento\NFSe\DBSeller\2.04\xmldsig-core-schema20020212.xsd
2026-09-10 10:46:02 | INFO    | PipelineLogger.write | ARQUIVO...............: Xml\Movimento\NFSe\DSF\1.00\nfse.xsd
2026-09-10 10:46:02 | INFO    | PipelineLogger.write | ARQUIVO...............: Xml\Movimento\NFSe\DSF\1.00\xmldsig-core-schema20020212.xsd
2026-09-10 10:46:02 | INFO    | PipelineLogger.write | ARQUIVO...............: Xml\Movimento\NFSe\DSF\2.00\nfse.xsd
2026-09-10 10:46:02 | INFO    | PipelineLogger.write | ARQUIVO...............: Xml\Movimento\NFSe\DSF\2.00\xmldsig-core-schema20020212.xsd
2026-09-10 10:46:02 | INFO    | PipelineLogger.write | ARQUIVO...............: Xml\Movimento\NFSe\DSF\2.03\nfse.xsd
2026-09-10 10:46:02 | INFO    | PipelineLogger.write | ARQUIVO...............: Xml\Movimento\NFSe\DSF\2.03\xmldsig-core-schema20020212.xsd
2026-09-10 10:46:02 | INFO    | PipelineLogger.write | ARQUIVO...............: Xml\Movimento\NFSe\Equiplano\1.00\esCancelarNfseEnvio_v01.xsd
2026-09-10 10:46:03 | INFO    | PipelineLogger.write | ARQUIVO...............: Xml\Movimento\NFSe\Equiplano\1.00\esCancelarNfseResposta_v01.xsd
2026-09-10 10:46:04 | INFO    | PipelineLogger.write | ARQUIVO...............: Xml\Movimento\NFSe\Equiplano\1.00\esConsultarLoteRpsEnvio_v01.xsd
2026-09-10 10:46:04 | INFO    | PipelineLogger.write | ARQUIVO...............: Xml\Movimento\NFSe\Equiplano\1.00\esConsultarLoteRpsResposta_v01.xsd
2026-09-10 10:46:04 | INFO    | PipelineLogger.write | ARQUIVO...............: Xml\Movimento\NFSe\Equiplano\1.00\esConsultarNfseEnvio_v01.xsd
2026-09-10 10:46:04 | INFO    | PipelineLogger.write | ARQUIVO...............: Xml\Movimento\NFSe\Equiplano\1.00\esConsultarNfsePorRpsEnvio_v01.xsd
2026-09-10 10:46:04 | INFO    | PipelineLogger.write | ARQUIVO...............: Xml\Movimento\NFSe\Equiplano\1.00\esConsultarNfsePorRpsResposta_v01.xsd
2026-09-10 10:46:04 | INFO    | PipelineLogger.write | ARQUIVO...............: Xml\Movimento\NFSe\Equiplano\1.00\esConsultarNfseResposta_v01.xsd
2026-09-10 10:46:04 | INFO    | PipelineLogger.write | ARQUIVO...............: Xml\Movimento\NFSe\Equiplano\1.00\esConsultarSituacaoLoteRpsEnvio_v01.xsd
2026-09-10 10:46:04 | INFO    | PipelineLogger.write | ARQUIVO...............: Xml\Movimento\NFSe\Equiplano\1.00\esConsultarSituacaoLoteRpsResposta_v01.xsd
2026-09-10 10:46:05 | INFO    | PipelineLogger.write | ARQUIVO...............: Xml\Movimento\NFSe\Equiplano\1.00\esRecepcionarLoteRpsEnvio_v01.xsd
2026-09-10 10:46:05 | INFO    | PipelineLogger.write | ARQUIVO...............: Xml\Movimento\NFSe\Equiplano\1.00\esRecepcionarLoteRpsResposta_v01.xsd
2026-09-10 10:46:05 | INFO    | PipelineLogger.write | ARQUIVO...............: Xml\Movimento\NFSe\Equiplano\1.00\TiposEsnfs_v01.xsd
2026-09-10 10:46:05 | INFO    | PipelineLogger.write | ARQUIVO...............: Xml\Movimento\NFSe\Equiplano\1.00\xmldsig-core-schema_v01.xsd
2026-09-10 10:46:05 | INFO    | PipelineLogger.write | ARQUIVO...............: Xml\Movimento\NFSe\Fiorilli\2.00\nfse.xsd
2026-09-10 10:46:05 | INFO    | PipelineLogger.write | ARQUIVO...............: Xml\Movimento\NFSe\Fiorilli\2.00\xmldsig-core-schema20020212.xsd
2026-09-10 10:46:05 | INFO    | PipelineLogger.write | ARQUIVO...............: Xml\Movimento\NFSe\Fiorilli\2.01\nfse.xsd
2026-09-10 10:46:05 | INFO    | PipelineLogger.write | ARQUIVO...............: Xml\Movimento\NFSe\Fiorilli\2.01\xmldsig-core-schema20020212.xsd
2026-09-10 10:46:05 | INFO    | PipelineLogger.write | ARQUIVO...............: Xml\Movimento\NFSe\Fisco\2.03\nfse.xsd
2026-09-10 10:46:05 | INFO    | PipelineLogger.write | ARQUIVO...............: Xml\Movimento\NFSe\Fisco\2.03\xmldsig-core-schema20020212.xsd
2026-09-10 10:46:05 | INFO    | PipelineLogger.write | ARQUIVO...............: Xml\Movimento\NFSe\FissLex\1.00\nfse.xsd
2026-09-10 10:46:05 | INFO    | PipelineLogger.write | ARQUIVO...............: Xml\Movimento\NFSe\FissLex\1.00\xmldsig-core-schema20020212.xsd
2026-09-10 10:46:05 | INFO    | PipelineLogger.write | ARQUIVO...............: Xml\Movimento\NFSe\Ginfes\1.00\cabecalho_v03.xsd
2026-09-10 10:46:05 | INFO    | PipelineLogger.write | ARQUIVO...............: Xml\Movimento\NFSe\Ginfes\1.00\servico_cancelar_nfse_envio_v02.xsd
2026-09-10 10:46:06 | INFO    | PipelineLogger.write | ARQUIVO...............: Xml\Movimento\NFSe\Ginfes\1.00\servico_cancelar_nfse_envio_v03.xsd
2026-09-10 10:46:06 | INFO    | PipelineLogger.write | ARQUIVO...............: Xml\Movimento\NFSe\Ginfes\1.00\servico_cancelar_nfse_resposta_v03.xsd
2026-09-10 10:46:06 | INFO    | PipelineLogger.write | ARQUIVO...............: Xml\Movimento\NFSe\Ginfes\1.00\servico_consultar_lote_rps_envio_v02.xsd
2026-09-10 10:46:06 | INFO    | PipelineLogger.write | ARQUIVO...............: Xml\Movimento\NFSe\Ginfes\1.00\servico_consultar_lote_rps_envio_v03.xsd
2026-09-10 10:46:06 | INFO    | PipelineLogger.write | ARQUIVO...............: Xml\Movimento\NFSe\Ginfes\1.00\servico_consultar_lote_rps_resposta_v03.xsd
2026-09-10 10:46:06 | INFO    | PipelineLogger.write | ARQUIVO...............: Xml\Movimento\NFSe\Ginfes\1.00\servico_consultar_nfse_envio_v02.xsd
2026-09-10 10:46:06 | INFO    | PipelineLogger.write | ARQUIVO...............: Xml\Movimento\NFSe\Ginfes\1.00\servico_consultar_nfse_envio_v03.xsd
2026-09-10 10:46:06 | INFO    | PipelineLogger.write | ARQUIVO...............: Xml\Movimento\NFSe\Ginfes\1.00\servico_consultar_nfse_resposta_v03.xsd
2026-09-10 10:46:06 | INFO    | PipelineLogger.write | ARQUIVO...............: Xml\Movimento\NFSe\Ginfes\1.00\servico_consultar_nfse_rps_envio_v02.xsd
2026-09-10 10:46:06 | INFO    | PipelineLogger.write | ARQUIVO...............: Xml\Movimento\NFSe\Ginfes\1.00\servico_consultar_nfse_rps_envio_v03.xsd
2026-09-10 10:46:06 | INFO    | PipelineLogger.write | ARQUIVO...............: Xml\Movimento\NFSe\Ginfes\1.00\servico_consultar_nfse_rps_resposta_v03.xsd
2026-09-10 10:46:06 | INFO    | PipelineLogger.write | ARQUIVO...............: Xml\Movimento\NFSe\Ginfes\1.00\servico_consultar_situacao_lote_rps_envio_v02.xsd
2026-09-10 10:46:06 | INFO    | PipelineLogger.write | ARQUIVO...............: Xml\Movimento\NFSe\Ginfes\1.00\servico_consultar_situacao_lote_rps_envio_v03.xsd
2026-09-10 10:46:06 | INFO    | PipelineLogger.write | ARQUIVO...............: Xml\Movimento\NFSe\Ginfes\1.00\servico_consultar_situacao_lote_rps_resposta_v03.xsd
2026-09-10 10:46:06 | INFO    | PipelineLogger.write | ARQUIVO...............: Xml\Movimento\NFSe\Ginfes\1.00\servico_enviar_lote_rps_envio_v02.xsd
2026-09-10 10:46:07 | INFO    | PipelineLogger.write | ARQUIVO...............: Xml\Movimento\NFSe\Ginfes\1.00\servico_enviar_lote_rps_envio_v03.xsd
2026-09-10 10:46:07 | INFO    | PipelineLogger.write | ARQUIVO...............: Xml\Movimento\NFSe\Ginfes\1.00\servico_enviar_lote_rps_resposta_v03.xsd
2026-09-10 10:46:07 | INFO    | PipelineLogger.write | ARQUIVO...............: Xml\Movimento\NFSe\Ginfes\1.00\tipos_v02.xsd
2026-09-10 10:46:07 | INFO    | PipelineLogger.write | ARQUIVO...............: Xml\Movimento\NFSe\Ginfes\1.00\tipos_v03.xsd
2026-09-10 10:46:07 | INFO    | PipelineLogger.write | ARQUIVO...............: Xml\Movimento\NFSe\Ginfes\1.00\xmldsig-core-schema20020212_v03.xsd
2026-09-10 10:46:07 | INFO    | PipelineLogger.write | ARQUIVO...............: Xml\Movimento\NFSe\Ginfes\1.00\xmldsig-core-schema_v02.xsd
2026-09-10 10:46:07 | INFO    | PipelineLogger.write | ARQUIVO...............: Xml\Movimento\NFSe\IPM\2.04\nfse.xsd
2026-09-10 10:46:07 | INFO    | PipelineLogger.write | ARQUIVO...............: Xml\Movimento\NFSe\IPM\2.04\xmldsig-core-schema20020212.xsd
2026-09-10 10:46:07 | INFO    | PipelineLogger.write | ARQUIVO...............: Xml\Movimento\NFSe\ISSCuritiba\1.00\nfse.xsd
2026-09-10 10:46:07 | INFO    | PipelineLogger.write | ARQUIVO...............: Xml\Movimento\NFSe\ISSCuritiba\1.00\xmldsig-core-schema20020212.xsd
2026-09-10 10:46:07 | INFO    | PipelineLogger.write | ARQUIVO...............: Xml\Movimento\NFSe\ISSDSF\1.00\ConsultaSeqRps.xsd
2026-09-10 10:46:07 | INFO    | PipelineLogger.write | ARQUIVO...............: Xml\Movimento\NFSe\ISSDSF\1.00\ReqCancelamentoNFSe.xsd
2026-09-10 10:46:07 | INFO    | PipelineLogger.write | ARQUIVO...............: Xml\Movimento\NFSe\ISSDSF\1.00\ReqConsultaLote.xsd
2026-09-10 10:46:07 | INFO    | PipelineLogger.write | ARQUIVO...............: Xml\Movimento\NFSe\ISSDSF\1.00\ReqConsultaNFSeRPS.xsd
2026-09-10 10:46:07 | INFO    | PipelineLogger.write | ARQUIVO...............: Xml\Movimento\NFSe\ISSDSF\1.00\ReqConsultaNotas.xsd
2026-09-10 10:46:08 | INFO    | PipelineLogger.write | ARQUIVO...............: Xml\Movimento\NFSe\ISSDSF\1.00\ReqEnvioLoteRPS.xsd
2026-09-10 10:46:08 | INFO    | PipelineLogger.write | ARQUIVO...............: Xml\Movimento\NFSe\ISSDSF\1.00\RetornoCancelamentoNFSe.xsd
2026-09-10 10:46:09 | INFO    | PipelineLogger.write | ARQUIVO...............: Xml\Movimento\NFSe\ISSDSF\1.00\RetornoConsultaLote.xsd
2026-09-10 10:46:09 | INFO    | PipelineLogger.write | ARQUIVO...............: Xml\Movimento\NFSe\ISSDSF\1.00\RetornoConsultaNFSeRPS.xsd
2026-09-10 10:46:09 | INFO    | PipelineLogger.write | ARQUIVO...............: Xml\Movimento\NFSe\ISSDSF\1.00\RetornoConsultaNotas.xsd
2026-09-10 10:46:09 | INFO    | PipelineLogger.write | ARQUIVO...............: Xml\Movimento\NFSe\ISSDSF\1.00\RetornoConsultaSeqRps.xsd
2026-09-10 10:46:09 | INFO    | PipelineLogger.write | ARQUIVO...............: Xml\Movimento\NFSe\ISSDSF\1.00\RetornoEnvioLoteRPS.xsd
2026-09-10 10:46:09 | INFO    | PipelineLogger.write | ARQUIVO...............: Xml\Movimento\NFSe\ISSDSF\1.00\Tipos.xsd
2026-09-10 10:46:09 | INFO    | PipelineLogger.write | ARQUIVO...............: Xml\Movimento\NFSe\ISSDSF\1.00\xmldsig-core-schema_v1.01.xsd
2026-09-10 10:46:10 | INFO    | PipelineLogger.write | ARQUIVO...............: Xml\Movimento\NFSe\ISSDSF\1.01\ConsultaSeqRps.xsd
2026-09-10 10:46:10 | INFO    | PipelineLogger.write | ARQUIVO...............: Xml\Movimento\NFSe\ISSDSF\1.01\ReqCancelamentoNFSe.xsd
2026-09-10 10:46:10 | INFO    | PipelineLogger.write | ARQUIVO...............: Xml\Movimento\NFSe\ISSDSF\1.01\ReqConsultaLote.xsd
2026-09-10 10:46:10 | INFO    | PipelineLogger.write | ARQUIVO...............: Xml\Movimento\NFSe\ISSDSF\1.01\ReqConsultaNFSeRPS.xsd
2026-09-10 10:46:10 | INFO    | PipelineLogger.write | ARQUIVO...............: Xml\Movimento\NFSe\ISSDSF\1.01\ReqConsultaNotas.xsd
2026-09-10 10:46:11 | INFO    | PipelineLogger.write | ARQUIVO...............: Xml\Movimento\NFSe\ISSDSF\1.01\ReqEnvioLoteRPS.xsd
2026-09-10 10:46:11 | INFO    | PipelineLogger.write | ARQUIVO...............: Xml\Movimento\NFSe\ISSDSF\1.01\RetornoCancelamentoNFSe.xsd
2026-09-10 10:46:11 | INFO    | PipelineLogger.write | ARQUIVO...............: Xml\Movimento\NFSe\ISSDSF\1.01\RetornoConsultaLote.xsd
2026-09-10 10:46:11 | INFO    | PipelineLogger.write | ARQUIVO...............: Xml\Movimento\NFSe\ISSDSF\1.01\RetornoConsultaNFSeRPS.xsd
2026-09-10 10:46:11 | INFO    | PipelineLogger.write | ARQUIVO...............: Xml\Movimento\NFSe\ISSDSF\1.01\RetornoConsultaNotas.xsd
2026-09-10 10:46:11 | INFO    | PipelineLogger.write | ARQUIVO...............: Xml\Movimento\NFSe\ISSDSF\1.01\RetornoConsultaSeqRps.xsd
2026-09-10 10:46:11 | INFO    | PipelineLogger.write | ARQUIVO...............: Xml\Movimento\NFSe\ISSDSF\1.01\RetornoEnvioLoteRPS.xsd
2026-09-10 10:46:11 | INFO    | PipelineLogger.write | ARQUIVO...............: Xml\Movimento\NFSe\ISSDSF\1.01\Tipos.xsd
2026-09-10 10:46:11 | INFO    | PipelineLogger.write | ARQUIVO...............: Xml\Movimento\NFSe\ISSDSF\1.01\xmldsig-core-schema_v1.01.xsd
2026-09-10 10:46:11 | INFO    | PipelineLogger.write | ARQUIVO...............: Xml\Movimento\NFSe\ISSNet\1.00\servico_cancelar_nfse_envio.xsd
2026-09-10 10:46:11 | INFO    | PipelineLogger.write | ARQUIVO...............: Xml\Movimento\NFSe\ISSNet\1.00\servico_cancelar_nfse_resposta.xsd
2026-09-10 10:46:11 | INFO    | PipelineLogger.write | ARQUIVO...............: Xml\Movimento\NFSe\ISSNet\1.00\servico_consultar_lote_rps_envio.xsd
2026-09-10 10:46:11 | INFO    | PipelineLogger.write | ARQUIVO...............: Xml\Movimento\NFSe\ISSNet\1.00\servico_consultar_lote_rps_resposta.xsd
2026-09-10 10:46:11 | INFO    | PipelineLogger.write | ARQUIVO...............: Xml\Movimento\NFSe\ISSNet\1.00\servico_consultar_nfse_envio.xsd
2026-09-10 10:46:11 | INFO    | PipelineLogger.write | ARQUIVO...............: Xml\Movimento\NFSe\ISSNet\1.00\servico_consultar_nfse_resposta.xsd
2026-09-10 10:46:12 | INFO    | PipelineLogger.write | ARQUIVO...............: Xml\Movimento\NFSe\ISSNet\1.00\servico_consultar_nfse_rps_envio.xsd
2026-09-10 10:46:12 | INFO    | PipelineLogger.write | ARQUIVO...............: Xml\Movimento\NFSe\ISSNet\1.00\servico_consultar_nfse_rps_resposta.xsd
2026-09-10 10:46:12 | INFO    | PipelineLogger.write | ARQUIVO...............: Xml\Movimento\NFSe\ISSNet\1.00\servico_consultar_situacao_lote_rps_envio.xsd
2026-09-10 10:46:12 | INFO    | PipelineLogger.write | ARQUIVO...............: Xml\Movimento\NFSe\ISSNet\1.00\servico_consultar_situacao_lote_rps_resposta.xsd
2026-09-10 10:46:13 | INFO    | PipelineLogger.write | ARQUIVO...............: Xml\Movimento\NFSe\ISSNet\1.00\servico_consultar_url_visualizacao_nfse_envio.xsd
2026-09-10 10:46:13 | INFO    | PipelineLogger.write | ARQUIVO...............: Xml\Movimento\NFSe\ISSNet\1.00\servico_consultar_url_visualizacao_nfse_resposta.xsd
2026-09-10 10:46:14 | INFO    | PipelineLogger.write | ARQUIVO...............: Xml\Movimento\NFSe\ISSNet\1.00\servico_consultar_url_visualizacao_nfse_serie_envio.xsd
2026-09-10 10:46:14 | INFO    | PipelineLogger.write | ARQUIVO...............: Xml\Movimento\NFSe\ISSNet\1.00\servico_consultar_url_visualizacao_nfse_serie_resposta.xsd
2026-09-10 10:46:14 | INFO    | PipelineLogger.write | ARQUIVO...............: Xml\Movimento\NFSe\ISSNet\1.00\servico_enviar_lote_rps_envio.xsd
2026-09-10 10:46:14 | INFO    | PipelineLogger.write | ARQUIVO...............: Xml\Movimento\NFSe\ISSNet\1.00\servico_enviar_lote_rps_resposta.xsd
2026-09-10 10:46:14 | INFO    | PipelineLogger.write | ARQUIVO...............: Xml\Movimento\NFSe\ISSNet\1.00\tipos_complexos.xsd
2026-09-10 10:46:14 | INFO    | PipelineLogger.write | ARQUIVO...............: Xml\Movimento\NFSe\ISSNet\1.00\tipos_simples.xsd
2026-09-10 10:46:14 | INFO    | PipelineLogger.write | ARQUIVO...............: Xml\Movimento\NFSe\ISSNet\1.00\xmldsig-core-schema20020212.xsd
2026-09-10 10:46:14 | INFO    | PipelineLogger.write | ARQUIVO...............: Xml\Movimento\NFSe\ISSNet\2.04\nfse.xsd
2026-09-10 10:46:14 | INFO    | PipelineLogger.write | ARQUIVO...............: Xml\Movimento\NFSe\ISSNet\2.04\xmldsig-core-schema20020212.xsd
2026-09-10 10:46:14 | INFO    | PipelineLogger.write | ================================================================================
2026-09-10 10:46:28 | INFO    | PipelineLogger.write | SETUP DIAGNOSTICO - WORKSPACE APOS COPIA
2026-09-10 10:46:28 | INFO    | PipelineLogger.write | Workspace.............: C:\Setups\.work\linkpagamento
2026-09-10 10:46:28 | INFO    | PipelineLogger.write | Workspace Release.....: C:\Setups\.work\linkpagamento\Release
2026-09-10 10:46:29 | INFO    | PipelineLogger.write | Release existe........: True
2026-09-10 10:46:29 | INFO    | PipelineLogger.write | ================================================================================
2026-09-10 10:46:29 | INFO    | PipelineLogger.write | WORKSPACE - APOS COPIA E ANTES DO CLEANUP
2026-09-10 10:46:29 | INFO    | PipelineLogger.write | Diretorio.............: C:\Setups\.work\linkpagamento\Release
2026-09-10 10:46:29 | INFO    | PipelineLogger.write | Diretorio existe......: True
2026-09-10 10:46:30 | INFO    | PipelineLogger.write | Arquivos..............: 729
2026-09-10 10:46:30 | INFO    | PipelineLogger.write | ARQUIVO...............: ADODB.dll
2026-09-10 10:46:30 | INFO    | PipelineLogger.write | ARQUIVO...............: app.publish\Application Files\OuroNetWinServiceLinkPagamento_1_0_0_0\ADODB.dll.deploy
2026-09-10 10:46:30 | INFO    | PipelineLogger.write | ARQUIVO...............: app.publish\Application Files\OuroNetWinServiceLinkPagamento_1_0_0_0\BouncyCastle.Crypto.dll.deploy
2026-09-10 10:46:30 | INFO    | PipelineLogger.write | ARQUIVO...............: app.publish\Application Files\OuroNetWinServiceLinkPagamento_1_0_0_0\BouncyCastle.Cryptography.dll.deploy
2026-09-10 10:46:30 | INFO    | PipelineLogger.write | ARQUIVO...............: app.publish\Application Files\OuroNetWinServiceLinkPagamento_1_0_0_0\Custom.Framework.CommonFileDialogs.dll.deploy
2026-09-10 10:46:30 | INFO    | PipelineLogger.write | ARQUIVO...............: app.publish\Application Files\OuroNetWinServiceLinkPagamento_1_0_0_0\Custom.Framework.dll.deploy
2026-09-10 10:46:30 | INFO    | PipelineLogger.write | ARQUIVO...............: app.publish\Application Files\OuroNetWinServiceLinkPagamento_1_0_0_0\Custom.Framework.Entities.dll.deploy
2026-09-10 10:46:30 | INFO    | PipelineLogger.write | ARQUIVO...............: app.publish\Application Files\OuroNetWinServiceLinkPagamento_1_0_0_0\Custom.Framework.Services.dll.deploy
2026-09-10 10:46:30 | INFO    | PipelineLogger.write | ARQUIVO...............: app.publish\Application Files\OuroNetWinServiceLinkPagamento_1_0_0_0\Custom.Utilities.Security.EncryptionNET.dll.deploy
2026-09-10 10:46:30 | INFO    | PipelineLogger.write | ARQUIVO...............: app.publish\Application Files\OuroNetWinServiceLinkPagamento_1_0_0_0\DevExpress.Charts.v23.2.Core.dll.deploy
2026-09-10 10:46:30 | INFO    | PipelineLogger.write | ARQUIVO...............: app.publish\Application Files\OuroNetWinServiceLinkPagamento_1_0_0_0\DevExpress.CodeParser.v23.2.dll.deploy
2026-09-10 10:46:30 | INFO    | PipelineLogger.write | ARQUIVO...............: app.publish\Application Files\OuroNetWinServiceLinkPagamento_1_0_0_0\DevExpress.Data.Desktop.v23.2.dll.deploy
2026-09-10 10:46:30 | INFO    | PipelineLogger.write | ARQUIVO...............: app.publish\Application Files\OuroNetWinServiceLinkPagamento_1_0_0_0\DevExpress.Data.v23.2.dll.deploy
2026-09-10 10:46:30 | INFO    | PipelineLogger.write | ARQUIVO...............: app.publish\Application Files\OuroNetWinServiceLinkPagamento_1_0_0_0\DevExpress.DataAccess.v23.2.dll.deploy
2026-09-10 10:46:30 | INFO    | PipelineLogger.write | ARQUIVO...............: app.publish\Application Files\OuroNetWinServiceLinkPagamento_1_0_0_0\DevExpress.DataVisualization.v23.2.Core.dll.deploy
2026-09-10 10:46:30 | INFO    | PipelineLogger.write | ARQUIVO...............: app.publish\Application Files\OuroNetWinServiceLinkPagamento_1_0_0_0\DevExpress.Dialogs.v23.2.Core.dll.deploy
2026-09-10 10:46:30 | INFO    | PipelineLogger.write | ARQUIVO...............: app.publish\Application Files\OuroNetWinServiceLinkPagamento_1_0_0_0\DevExpress.Drawing.v23.2.dll.deploy
2026-09-10 10:46:31 | INFO    | PipelineLogger.write | ARQUIVO...............: app.publish\Application Files\OuroNetWinServiceLinkPagamento_1_0_0_0\DevExpress.Office.v23.2.Core.dll.deploy
2026-09-10 10:46:31 | INFO    | PipelineLogger.write | ARQUIVO...............: app.publish\Application Files\OuroNetWinServiceLinkPagamento_1_0_0_0\DevExpress.Pdf.v23.2.Core.dll.deploy
2026-09-10 10:46:31 | INFO    | PipelineLogger.write | ARQUIVO...............: app.publish\Application Files\OuroNetWinServiceLinkPagamento_1_0_0_0\DevExpress.Pdf.v23.2.Drawing.dll.deploy
2026-09-10 10:46:31 | INFO    | PipelineLogger.write | ARQUIVO...............: app.publish\Application Files\OuroNetWinServiceLinkPagamento_1_0_0_0\DevExpress.PivotGrid.v23.2.Core.dll.deploy
2026-09-10 10:46:31 | INFO    | PipelineLogger.write | ARQUIVO...............: app.publish\Application Files\OuroNetWinServiceLinkPagamento_1_0_0_0\DevExpress.Printing.v23.2.Core.dll.deploy
2026-09-10 10:46:31 | INFO    | PipelineLogger.write | ARQUIVO...............: app.publish\Application Files\OuroNetWinServiceLinkPagamento_1_0_0_0\DevExpress.RichEdit.v23.2.Core.dll.deploy
2026-09-10 10:46:31 | INFO    | PipelineLogger.write | ARQUIVO...............: app.publish\Application Files\OuroNetWinServiceLinkPagamento_1_0_0_0\DevExpress.Sparkline.v23.2.Core.dll.deploy
2026-09-10 10:46:31 | INFO    | PipelineLogger.write | ARQUIVO...............: app.publish\Application Files\OuroNetWinServiceLinkPagamento_1_0_0_0\DevExpress.Utils.v23.2.dll.deploy
2026-09-10 10:46:31 | INFO    | PipelineLogger.write | ARQUIVO...............: app.publish\Application Files\OuroNetWinServiceLinkPagamento_1_0_0_0\DevExpress.Xpo.v23.2.dll.deploy
2026-09-10 10:46:31 | INFO    | PipelineLogger.write | ARQUIVO...............: app.publish\Application Files\OuroNetWinServiceLinkPagamento_1_0_0_0\DevExpress.XtraBars.v23.2.dll.deploy
2026-09-10 10:46:31 | INFO    | PipelineLogger.write | ARQUIVO...............: app.publish\Application Files\OuroNetWinServiceLinkPagamento_1_0_0_0\DevExpress.XtraCharts.v23.2.dll.deploy
2026-09-10 10:46:31 | INFO    | PipelineLogger.write | ARQUIVO...............: app.publish\Application Files\OuroNetWinServiceLinkPagamento_1_0_0_0\DevExpress.XtraDialogs.v23.2.dll.deploy
2026-09-10 10:46:31 | INFO    | PipelineLogger.write | ARQUIVO...............: app.publish\Application Files\OuroNetWinServiceLinkPagamento_1_0_0_0\DevExpress.XtraEditors.v23.2.dll.deploy
2026-09-10 10:46:31 | INFO    | PipelineLogger.write | ARQUIVO...............: app.publish\Application Files\OuroNetWinServiceLinkPagamento_1_0_0_0\DevExpress.XtraGauges.v23.2.Core.dll.deploy
2026-09-10 10:46:31 | INFO    | PipelineLogger.write | ARQUIVO...............: app.publish\Application Files\OuroNetWinServiceLinkPagamento_1_0_0_0\DevExpress.XtraGrid.v23.2.dll.deploy
2026-09-10 10:46:31 | INFO    | PipelineLogger.write | ARQUIVO...............: app.publish\Application Files\OuroNetWinServiceLinkPagamento_1_0_0_0\DevExpress.XtraLayout.v23.2.dll.deploy
2026-09-10 10:46:32 | INFO    | PipelineLogger.write | ARQUIVO...............: app.publish\Application Files\OuroNetWinServiceLinkPagamento_1_0_0_0\DevExpress.XtraPrinting.v23.2.dll.deploy
2026-09-10 10:46:33 | INFO    | PipelineLogger.write | ARQUIVO...............: app.publish\Application Files\OuroNetWinServiceLinkPagamento_1_0_0_0\DevExpress.XtraReports.v23.2.dll.deploy
2026-09-10 10:46:33 | INFO    | PipelineLogger.write | ARQUIVO...............: app.publish\Application Files\OuroNetWinServiceLinkPagamento_1_0_0_0\DevExpress.XtraTreeList.v23.2.dll.deploy
2026-09-10 10:46:34 | INFO    | PipelineLogger.write | ARQUIVO...............: app.publish\Application Files\OuroNetWinServiceLinkPagamento_1_0_0_0\FileHelpers.dll.deploy
2026-09-10 10:46:34 | INFO    | PipelineLogger.write | ARQUIVO...............: app.publish\Application Files\OuroNetWinServiceLinkPagamento_1_0_0_0\Framawork.DFe.Classes.dll.deploy
2026-09-10 10:46:34 | INFO    | PipelineLogger.write | ARQUIVO...............: app.publish\Application Files\OuroNetWinServiceLinkPagamento_1_0_0_0\Framawork.DFe.Utils.dll.deploy
2026-09-10 10:46:35 | INFO    | PipelineLogger.write | ARQUIVO...............: app.publish\Application Files\OuroNetWinServiceLinkPagamento_1_0_0_0\Framawork.DFe.Wsdl.dll.deploy
2026-09-10 10:46:35 | INFO    | PipelineLogger.write | ARQUIVO...............: app.publish\Application Files\OuroNetWinServiceLinkPagamento_1_0_0_0\Framework.NFe.Classes.dll.deploy
2026-09-10 10:46:35 | INFO    | PipelineLogger.write | ARQUIVO...............: app.publish\Application Files\OuroNetWinServiceLinkPagamento_1_0_0_0\Framework.NFe.Servicos.dll.deploy
2026-09-10 10:46:35 | INFO    | PipelineLogger.write | ARQUIVO...............: app.publish\Application Files\OuroNetWinServiceLinkPagamento_1_0_0_0\Framework.NFe.Utils.dll.deploy
2026-09-10 10:46:35 | INFO    | PipelineLogger.write | ARQUIVO...............: app.publish\Application Files\OuroNetWinServiceLinkPagamento_1_0_0_0\Framework.NFe.Wsdl.dll.deploy
2026-09-10 10:46:35 | INFO    | PipelineLogger.write | ARQUIVO...............: app.publish\Application Files\OuroNetWinServiceLinkPagamento_1_0_0_0\MailKit.dll.deploy
2026-09-10 10:46:35 | INFO    | PipelineLogger.write | ARQUIVO...............: app.publish\Application Files\OuroNetWinServiceLinkPagamento_1_0_0_0\Microsoft.Extensions.Logging.Abstractions.dll.deploy
2026-09-10 10:46:35 | INFO    | PipelineLogger.write | ARQUIVO...............: app.publish\Application Files\OuroNetWinServiceLinkPagamento_1_0_0_0\MimeKit.dll.deploy
2026-09-10 10:46:35 | INFO    | PipelineLogger.write | ARQUIVO...............: app.publish\Application Files\OuroNetWinServiceLinkPagamento_1_0_0_0\Newtonsoft.Json.dll.deploy
2026-09-10 10:46:35 | INFO    | PipelineLogger.write | ARQUIVO...............: app.publish\Application Files\OuroNetWinServiceLinkPagamento_1_0_0_0\NPOI.dll.deploy
2026-09-10 10:46:35 | INFO    | PipelineLogger.write | ARQUIVO...............: app.publish\Application Files\OuroNetWinServiceLinkPagamento_1_0_0_0\NPOI.OOXML.dll.deploy
2026-09-10 10:46:36 | INFO    | PipelineLogger.write | ARQUIVO...............: app.publish\Application Files\OuroNetWinServiceLinkPagamento_1_0_0_0\NPOI.OpenXml4Net.dll.deploy
2026-09-10 10:46:36 | INFO    | PipelineLogger.write | ARQUIVO...............: app.publish\Application Files\OuroNetWinServiceLinkPagamento_1_0_0_0\NPOI.OpenXmlFormats.dll.deploy
2026-09-10 10:46:36 | INFO    | PipelineLogger.write | ARQUIVO...............: app.publish\Application Files\OuroNetWinServiceLinkPagamento_1_0_0_0\OuroNet.Client.WinService.Business.dll.deploy
2026-09-10 10:46:36 | INFO    | PipelineLogger.write | ARQUIVO...............: app.publish\Application Files\OuroNetWinServiceLinkPagamento_1_0_0_0\OuroNet.Server.Common.dll.deploy
2026-09-10 10:46:36 | INFO    | PipelineLogger.write | ARQUIVO...............: app.publish\Application Files\OuroNetWinServiceLinkPagamento_1_0_0_0\OuroNet.Server.Entities.dll.deploy
2026-09-10 10:46:36 | INFO    | PipelineLogger.write | ARQUIVO...............: app.publish\Application Files\OuroNetWinServiceLinkPagamento_1_0_0_0\OuroNet.Server.ServiceInterfaces.dll.deploy
2026-09-10 10:46:36 | INFO    | PipelineLogger.write | ARQUIVO...............: app.publish\Application Files\OuroNetWinServiceLinkPagamento_1_0_0_0\OuroNetWinServiceLinkPagamento.exe.config.deploy
2026-09-10 10:46:36 | INFO    | PipelineLogger.write | ARQUIVO...............: app.publish\Application Files\OuroNetWinServiceLinkPagamento_1_0_0_0\OuroNetWinServiceLinkPagamento.exe.deploy
2026-09-10 10:46:36 | INFO    | PipelineLogger.write | ARQUIVO...............: app.publish\Application Files\OuroNetWinServiceLinkPagamento_1_0_0_0\OuroNetWinServiceLinkPagamento.exe.manifest
2026-09-10 10:46:37 | INFO    | PipelineLogger.write | ARQUIVO...............: app.publish\Application Files\OuroNetWinServiceLinkPagamento_1_0_0_0\protobuf-net.dll.deploy
2026-09-10 10:46:38 | INFO    | PipelineLogger.write | ARQUIVO...............: app.publish\Application Files\OuroNetWinServiceLinkPagamento_1_0_0_0\Quartz.dll.deploy
2026-09-10 10:46:38 | INFO    | PipelineLogger.write | ARQUIVO...............: app.publish\Application Files\OuroNetWinServiceLinkPagamento_1_0_0_0\System.Buffers.dll.deploy
2026-09-10 10:46:38 | INFO    | PipelineLogger.write | ARQUIVO...............: app.publish\Application Files\OuroNetWinServiceLinkPagamento_1_0_0_0\System.Diagnostics.DiagnosticSource.dll.deploy
2026-09-10 10:46:38 | INFO    | PipelineLogger.write | ARQUIVO...............: app.publish\Application Files\OuroNetWinServiceLinkPagamento_1_0_0_0\System.Formats.Asn1.dll.deploy
2026-09-10 10:46:39 | INFO    | PipelineLogger.write | ARQUIVO...............: app.publish\Application Files\OuroNetWinServiceLinkPagamento_1_0_0_0\System.Memory.dll.deploy
2026-09-10 10:46:39 | INFO    | PipelineLogger.write | ARQUIVO...............: app.publish\Application Files\OuroNetWinServiceLinkPagamento_1_0_0_0\System.Numerics.Vectors.dll.deploy
2026-09-10 10:46:39 | INFO    | PipelineLogger.write | ARQUIVO...............: app.publish\Application Files\OuroNetWinServiceLinkPagamento_1_0_0_0\System.Runtime.CompilerServices.Unsafe.dll.deploy
2026-09-10 10:46:40 | INFO    | PipelineLogger.write | ARQUIVO...............: app.publish\Application Files\OuroNetWinServiceLinkPagamento_1_0_0_0\System.Threading.Tasks.Extensions.dll.deploy
2026-09-10 10:46:40 | INFO    | PipelineLogger.write | ARQUIVO...............: app.publish\OuroNetWinServiceLinkPagamento.application
2026-09-10 10:46:40 | INFO    | PipelineLogger.write | ARQUIVO...............: app.publish\OuroNetWinServiceLinkPagamento.exe
2026-09-10 10:46:41 | INFO    | PipelineLogger.write | ARQUIVO...............: app.publish\setup.exe
2026-09-10 10:46:41 | INFO    | PipelineLogger.write | ARQUIVO...............: arm64\libSkiaSharp.dll
2026-09-10 10:46:41 | INFO    | PipelineLogger.write | ARQUIVO...............: arm64\libSkiaSharp.so
2026-09-10 10:46:41 | INFO    | PipelineLogger.write | ARQUIVO...............: arm\libSkiaSharp.so
2026-09-10 10:46:41 | INFO    | PipelineLogger.write | ARQUIVO...............: BouncyCastle.Crypto.dll
2026-09-10 10:46:42 | INFO    | PipelineLogger.write | ARQUIVO...............: BouncyCastle.Crypto.xml
2026-09-10 10:46:42 | INFO    | PipelineLogger.write | ARQUIVO...............: BouncyCastle.Cryptography.dll
2026-09-10 10:46:43 | INFO    | PipelineLogger.write | ARQUIVO...............: BouncyCastle.Cryptography.xml
2026-09-10 10:46:43 | INFO    | PipelineLogger.write | ARQUIVO...............: connectionStrings.config
2026-09-10 10:46:43 | INFO    | PipelineLogger.write | ARQUIVO...............: custom.configuration.server.config
2026-09-10 10:46:44 | INFO    | PipelineLogger.write | ARQUIVO...............: Custom.Framework.CommonFileDialogs.dll
2026-09-10 10:46:44 | INFO    | PipelineLogger.write | ARQUIVO...............: Custom.Framework.dll
2026-09-10 10:46:44 | INFO    | PipelineLogger.write | ARQUIVO...............: Custom.Framework.Entities.dll
2026-09-10 10:46:44 | INFO    | PipelineLogger.write | ARQUIVO...............: Custom.Framework.Entities.xml
2026-09-10 10:46:44 | INFO    | PipelineLogger.write | ARQUIVO...............: Custom.Framework.Services.dll
2026-09-10 10:46:45 | INFO    | PipelineLogger.write | ARQUIVO...............: Custom.Framework.Services.xml
2026-09-10 10:46:45 | INFO    | PipelineLogger.write | ARQUIVO...............: Custom.Framework.xml
2026-09-10 10:46:46 | INFO    | PipelineLogger.write | ARQUIVO...............: Custom.Utilities.Security.EncryptionNET.dll
2026-09-10 10:46:47 | INFO    | PipelineLogger.write | ARQUIVO...............: DevExpress.Charts.v23.2.Core.dll
2026-09-10 10:46:47 | INFO    | PipelineLogger.write | ARQUIVO...............: DevExpress.Charts.v23.2.Core.xml
2026-09-10 10:46:48 | INFO    | PipelineLogger.write | ARQUIVO...............: DevExpress.CodeParser.v23.2.dll
2026-09-10 10:46:48 | INFO    | PipelineLogger.write | ARQUIVO...............: DevExpress.Data.Desktop.v23.2.dll
2026-09-10 10:46:48 | INFO    | PipelineLogger.write | ARQUIVO...............: DevExpress.Data.Desktop.v23.2.xml
2026-09-10 10:46:48 | INFO    | PipelineLogger.write | ARQUIVO...............: DevExpress.Data.v23.2.dll
2026-09-10 10:46:48 | INFO    | PipelineLogger.write | ARQUIVO...............: DevExpress.Data.v23.2.xml
2026-09-10 10:46:48 | INFO    | PipelineLogger.write | ARQUIVO...............: DevExpress.DataAccess.v23.2.dll
2026-09-10 10:46:48 | INFO    | PipelineLogger.write | ARQUIVO...............: DevExpress.DataAccess.v23.2.xml
2026-09-10 10:46:48 | INFO    | PipelineLogger.write | ARQUIVO...............: DevExpress.DataVisualization.v23.2.Core.dll
2026-09-10 10:46:48 | INFO    | PipelineLogger.write | ARQUIVO...............: DevExpress.Dialogs.v23.2.Core.dll
2026-09-10 10:46:48 | INFO    | PipelineLogger.write | ARQUIVO...............: DevExpress.Drawing.v23.2.dll
2026-09-10 10:46:48 | INFO    | PipelineLogger.write | ARQUIVO...............: DevExpress.Drawing.v23.2.xml
2026-09-10 10:46:48 | INFO    | PipelineLogger.write | ARQUIVO...............: DevExpress.Office.v23.2.Core.dll
2026-09-10 10:46:48 | INFO    | PipelineLogger.write | ARQUIVO...............: DevExpress.Office.v23.2.Core.xml
2026-09-10 10:46:49 | INFO    | PipelineLogger.write | ARQUIVO...............: DevExpress.Pdf.v23.2.Core.dll
2026-09-10 10:46:49 | INFO    | PipelineLogger.write | ARQUIVO...............: DevExpress.Pdf.v23.2.Core.xml
2026-09-10 10:46:50 | INFO    | PipelineLogger.write | ARQUIVO...............: DevExpress.Pdf.v23.2.Drawing.dll
2026-09-10 10:46:50 | INFO    | PipelineLogger.write | ARQUIVO...............: DevExpress.Pdf.v23.2.Drawing.xml
2026-09-10 10:46:50 | INFO    | PipelineLogger.write | ARQUIVO...............: DevExpress.PivotGrid.v23.2.Core.dll
2026-09-10 10:46:50 | INFO    | PipelineLogger.write | ARQUIVO...............: DevExpress.PivotGrid.v23.2.Core.xml
2026-09-10 10:46:50 | INFO    | PipelineLogger.write | ARQUIVO...............: DevExpress.Printing.v23.2.Core.dll
2026-09-10 10:46:50 | INFO    | PipelineLogger.write | ARQUIVO...............: DevExpress.Printing.v23.2.Core.xml
2026-09-10 10:46:51 | INFO    | PipelineLogger.write | ARQUIVO...............: DevExpress.RichEdit.v23.2.Core.dll
2026-09-10 10:46:51 | INFO    | PipelineLogger.write | ARQUIVO...............: DevExpress.RichEdit.v23.2.Core.xml
2026-09-10 10:46:51 | INFO    | PipelineLogger.write | ARQUIVO...............: DevExpress.Sparkline.v23.2.Core.dll
2026-09-10 10:46:51 | INFO    | PipelineLogger.write | ARQUIVO...............: DevExpress.Sparkline.v23.2.Core.xml
2026-09-10 10:46:51 | INFO    | PipelineLogger.write | ARQUIVO...............: DevExpress.Utils.v23.2.dll
2026-09-10 10:46:52 | INFO    | PipelineLogger.write | ARQUIVO...............: DevExpress.Utils.v23.2.xml
2026-09-10 10:46:52 | INFO    | PipelineLogger.write | ARQUIVO...............: DevExpress.Xpo.v23.2.dll
2026-09-10 10:46:52 | INFO    | PipelineLogger.write | ARQUIVO...............: DevExpress.Xpo.v23.2.xml
2026-09-10 10:46:53 | INFO    | PipelineLogger.write | ARQUIVO...............: DevExpress.XtraBars.v23.2.dll
2026-09-10 10:46:53 | INFO    | PipelineLogger.write | ARQUIVO...............: DevExpress.XtraBars.v23.2.xml
2026-09-10 10:46:53 | INFO    | PipelineLogger.write | ARQUIVO...............: DevExpress.XtraCharts.v23.2.dll
2026-09-10 10:46:53 | INFO    | PipelineLogger.write | ARQUIVO...............: DevExpress.XtraCharts.v23.2.xml
2026-09-10 10:46:53 | INFO    | PipelineLogger.write | ARQUIVO...............: DevExpress.XtraDialogs.v23.2.dll
2026-09-10 10:46:53 | INFO    | PipelineLogger.write | ARQUIVO...............: DevExpress.XtraDialogs.v23.2.xml
2026-09-10 10:46:53 | INFO    | PipelineLogger.write | ARQUIVO...............: DevExpress.XtraEditors.v23.2.dll
2026-09-10 10:46:53 | INFO    | PipelineLogger.write | ARQUIVO...............: DevExpress.XtraEditors.v23.2.xml
2026-09-10 10:46:53 | INFO    | PipelineLogger.write | ARQUIVO...............: DevExpress.XtraGauges.v23.2.Core.dll
2026-09-10 10:46:53 | INFO    | PipelineLogger.write | ARQUIVO...............: DevExpress.XtraGauges.v23.2.Core.xml
2026-09-10 10:46:53 | INFO    | PipelineLogger.write | ARQUIVO...............: DevExpress.XtraGrid.v23.2.dll
2026-09-10 10:46:53 | INFO    | PipelineLogger.write | ARQUIVO...............: DevExpress.XtraGrid.v23.2.xml
2026-09-10 10:46:53 | INFO    | PipelineLogger.write | ARQUIVO...............: DevExpress.XtraLayout.v23.2.dll
2026-09-10 10:46:53 | INFO    | PipelineLogger.write | ARQUIVO...............: DevExpress.XtraLayout.v23.2.xml
2026-09-10 10:46:53 | INFO    | PipelineLogger.write | ARQUIVO...............: DevExpress.XtraPrinting.v23.2.dll
2026-09-10 10:46:54 | INFO    | PipelineLogger.write | ARQUIVO...............: DevExpress.XtraPrinting.v23.2.xml
2026-09-10 10:46:54 | INFO    | PipelineLogger.write | ARQUIVO...............: DevExpress.XtraReports.v23.2.dll
2026-09-10 10:46:54 | INFO    | PipelineLogger.write | ARQUIVO...............: DevExpress.XtraReports.v23.2.xml
2026-09-10 10:46:54 | INFO    | PipelineLogger.write | ARQUIVO...............: DevExpress.XtraTreeList.v23.2.dll
2026-09-10 10:46:54 | INFO    | PipelineLogger.write | ARQUIVO...............: DevExpress.XtraTreeList.v23.2.xml
2026-09-10 10:46:54 | INFO    | PipelineLogger.write | ARQUIVO...............: FileHelpers.dll
2026-09-10 10:46:54 | INFO    | PipelineLogger.write | ARQUIVO...............: Framawork.DFe.Classes.dll
2026-09-10 10:46:55 | INFO    | PipelineLogger.write | ARQUIVO...............: Framawork.DFe.Utils.dll
2026-09-10 10:46:55 | INFO    | PipelineLogger.write | ARQUIVO...............: Framawork.DFe.Wsdl.dll
2026-09-10 10:46:56 | INFO    | PipelineLogger.write | ARQUIVO...............: Framework.NFe.Classes.dll
2026-09-10 10:46:57 | INFO    | PipelineLogger.write | ARQUIVO...............: Framework.NFe.Servicos.dll
2026-09-10 10:46:57 | INFO    | PipelineLogger.write | ARQUIVO...............: Framework.NFe.Utils.dll
2026-09-10 10:46:58 | INFO    | PipelineLogger.write | ARQUIVO...............: Framework.NFe.Wsdl.dll
2026-09-10 10:46:58 | INFO    | PipelineLogger.write | ARQUIVO...............: loongarch64\libSkiaSharp.so
2026-09-10 10:46:58 | INFO    | PipelineLogger.write | ARQUIVO...............: MailKit.dll
2026-09-10 10:46:58 | INFO    | PipelineLogger.write | ARQUIVO...............: MailKit.dll.config
2026-09-10 10:46:58 | INFO    | PipelineLogger.write | ARQUIVO...............: MailKit.pdb
2026-09-10 10:46:58 | INFO    | PipelineLogger.write | ARQUIVO...............: MailKit.xml
2026-09-10 10:46:58 | INFO    | PipelineLogger.write | ARQUIVO...............: Microsoft.Extensions.Logging.Abstractions.dll
2026-09-10 10:46:58 | INFO    | PipelineLogger.write | ARQUIVO...............: Microsoft.Extensions.Logging.Abstractions.xml
2026-09-10 10:46:58 | INFO    | PipelineLogger.write | ARQUIVO...............: MimeKit.dll
2026-09-10 10:46:58 | INFO    | PipelineLogger.write | ARQUIVO...............: MimeKit.pdb
2026-09-10 10:46:59 | INFO    | PipelineLogger.write | ARQUIVO...............: MimeKit.xml
2026-09-10 10:46:59 | INFO    | PipelineLogger.write | ARQUIVO...............: musl-arm64\libSkiaSharp.so
2026-09-10 10:46:59 | INFO    | PipelineLogger.write | ARQUIVO...............: musl-arm\libSkiaSharp.so
2026-09-10 10:46:59 | INFO    | PipelineLogger.write | ARQUIVO...............: musl-loongarch64\libSkiaSharp.so
2026-09-10 10:46:59 | INFO    | PipelineLogger.write | ARQUIVO...............: musl-riscv64\libSkiaSharp.so
2026-09-10 10:46:59 | INFO    | PipelineLogger.write | ARQUIVO...............: musl-x64\libSkiaSharp.so
2026-09-10 10:46:59 | INFO    | PipelineLogger.write | ARQUIVO...............: Newtonsoft.Json.dll
2026-09-10 10:46:59 | INFO    | PipelineLogger.write | ARQUIVO...............: Newtonsoft.Json.xml
2026-09-10 10:46:59 | INFO    | PipelineLogger.write | ARQUIVO...............: NPOI.dll
2026-09-10 10:46:59 | INFO    | PipelineLogger.write | ARQUIVO...............: NPOI.OOXML.dll
2026-09-10 10:46:59 | INFO    | PipelineLogger.write | ARQUIVO...............: NPOI.OOXML.pdb
2026-09-10 10:46:59 | INFO    | PipelineLogger.write | ARQUIVO...............: NPOI.OOXML.xml
2026-09-10 10:46:59 | INFO    | PipelineLogger.write | ARQUIVO...............: NPOI.OpenXml4Net.dll
2026-09-10 10:46:59 | INFO    | PipelineLogger.write | ARQUIVO...............: NPOI.OpenXml4Net.pdb
2026-09-10 10:46:59 | INFO    | PipelineLogger.write | ARQUIVO...............: NPOI.OpenXml4Net.xml
2026-09-10 10:47:00 | INFO    | PipelineLogger.write | ARQUIVO...............: NPOI.OpenXmlFormats.dll
2026-09-10 10:47:00 | INFO    | PipelineLogger.write | ARQUIVO...............: NPOI.OpenXmlFormats.pdb
2026-09-10 10:47:01 | INFO    | PipelineLogger.write | ARQUIVO...............: NPOI.pdb
2026-09-10 10:47:01 | INFO    | PipelineLogger.write | ARQUIVO...............: NPOI.xml
2026-09-10 10:47:01 | INFO    | PipelineLogger.write | ARQUIVO...............: OuroNet.Client.WinService.Business.dll
2026-09-10 10:47:01 | INFO    | PipelineLogger.write | ARQUIVO...............: OuroNet.Client.WinService.Business.dll.config
2026-09-10 10:47:01 | INFO    | PipelineLogger.write | ARQUIVO...............: OuroNet.Client.WinService.Business.pdb
2026-09-10 10:47:02 | INFO    | PipelineLogger.write | ARQUIVO...............: OuroNet.Server.Common.dll
2026-09-10 10:47:02 | INFO    | PipelineLogger.write | ARQUIVO...............: OuroNet.Server.Common.dll.config
2026-09-10 10:47:03 | INFO    | PipelineLogger.write | ARQUIVO...............: OuroNet.Server.Common.pdb
2026-09-10 10:47:03 | INFO    | PipelineLogger.write | ARQUIVO...............: OuroNet.Server.Entities.dll
2026-09-10 10:47:04 | INFO    | PipelineLogger.write | ARQUIVO...............: OuroNet.Server.Entities.dll.config
2026-09-10 10:47:04 | INFO    | PipelineLogger.write | ARQUIVO...............: OuroNet.Server.Entities.pdb
2026-09-10 10:47:05 | INFO    | PipelineLogger.write | ARQUIVO...............: OuroNet.Server.ServiceInterfaces.dll
2026-09-10 10:47:05 | INFO    | PipelineLogger.write | ARQUIVO...............: OuroNet.Server.ServiceInterfaces.dll.config
2026-09-10 10:47:05 | INFO    | PipelineLogger.write | ARQUIVO...............: OuroNet.Server.ServiceInterfaces.pdb
2026-09-10 10:47:05 | INFO    | PipelineLogger.write | ARQUIVO...............: OuroNetWinServiceLinkPagamento.application
2026-09-10 10:47:05 | INFO    | PipelineLogger.write | ARQUIVO...............: OuroNetWinServiceLinkPagamento.exe
2026-09-10 10:47:06 | INFO    | PipelineLogger.write | ARQUIVO...............: OuroNetWinServiceLinkPagamento.exe.config
2026-09-10 10:47:06 | INFO    | PipelineLogger.write | ARQUIVO...............: OuroNetWinServiceLinkPagamento.exe.manifest
2026-09-10 10:47:06 | INFO    | PipelineLogger.write | ARQUIVO...............: OuroNetWinServiceLinkPagamento.pdb
2026-09-10 10:47:06 | INFO    | PipelineLogger.write | ARQUIVO...............: protobuf-net.dll
2026-09-10 10:47:06 | INFO    | PipelineLogger.write | ARQUIVO...............: protobuf-net.xml
2026-09-10 10:47:06 | INFO    | PipelineLogger.write | ARQUIVO...............: Quartz.dll
2026-09-10 10:47:06 | INFO    | PipelineLogger.write | ARQUIVO...............: Quartz.xml
2026-09-10 10:47:06 | INFO    | PipelineLogger.write | ARQUIVO...............: riscv64\libSkiaSharp.so
2026-09-10 10:47:07 | INFO    | PipelineLogger.write | ARQUIVO...............: System.Buffers.dll
2026-09-10 10:47:07 | INFO    | PipelineLogger.write | ARQUIVO...............: System.Diagnostics.DiagnosticSource.dll
2026-09-10 10:47:08 | INFO    | PipelineLogger.write | ARQUIVO...............: System.Diagnostics.DiagnosticSource.xml
2026-09-10 10:47:08 | INFO    | PipelineLogger.write | ARQUIVO...............: System.Formats.Asn1.dll
2026-09-10 10:47:08 | INFO    | PipelineLogger.write | ARQUIVO...............: System.Formats.Asn1.xml
2026-09-10 10:47:09 | INFO    | PipelineLogger.write | ARQUIVO...............: System.Memory.dll
2026-09-10 10:47:09 | INFO    | PipelineLogger.write | ARQUIVO...............: System.Numerics.Vectors.dll
2026-09-10 10:47:09 | INFO    | PipelineLogger.write | ARQUIVO...............: System.Runtime.CompilerServices.Unsafe.dll
2026-09-10 10:47:09 | INFO    | PipelineLogger.write | ARQUIVO...............: System.Threading.Tasks.Extensions.dll
2026-09-10 10:47:09 | INFO    | PipelineLogger.write | ARQUIVO...............: System.Threading.Tasks.Extensions.xml
2026-09-10 10:47:09 | INFO    | PipelineLogger.write | ARQUIVO...............: x64\libSkiaSharp.dll
2026-09-10 10:47:09 | INFO    | PipelineLogger.write | ARQUIVO...............: x64\libSkiaSharp.so
2026-09-10 10:47:09 | INFO    | PipelineLogger.write | ARQUIVO...............: x64\SQLite.Interop.dll
2026-09-10 10:47:10 | INFO    | PipelineLogger.write | ARQUIVO...............: x86\libSkiaSharp.dll
2026-09-10 10:47:10 | INFO    | PipelineLogger.write | ARQUIVO...............: x86\libSkiaSharp.so
2026-09-10 10:47:10 | INFO    | PipelineLogger.write | ARQUIVO...............: x86\SQLite.Interop.dll
2026-09-10 10:47:10 | INFO    | PipelineLogger.write | ARQUIVO...............: Xml\Movimento\Cte\Schemas\2.00\cancCTeTiposBasico_v2.00.xsd
2026-09-10 10:47:10 | INFO    | PipelineLogger.write | ARQUIVO...............: Xml\Movimento\Cte\Schemas\2.00\consReciCTe_v2.00.xsd
2026-09-10 10:47:10 | INFO    | PipelineLogger.write | ARQUIVO...............: Xml\Movimento\Cte\Schemas\2.00\consReciCTeTiposBasico_v2.00.xsd
2026-09-10 10:47:10 | INFO    | PipelineLogger.write | ARQUIVO...............: Xml\Movimento\Cte\Schemas\2.00\consSitCTe_v2.00.xsd
2026-09-10 10:47:10 | INFO    | PipelineLogger.write | ARQUIVO...............: Xml\Movimento\Cte\Schemas\2.00\consSitCTeTiposBasico_v2.00.xsd
2026-09-10 10:47:10 | INFO    | PipelineLogger.write | ARQUIVO...............: Xml\Movimento\Cte\Schemas\2.00\consStatServCTe_v2.00.xsd
2026-09-10 10:47:10 | INFO    | PipelineLogger.write | ARQUIVO...............: Xml\Movimento\Cte\Schemas\2.00\consStatServTiposBasico_v2.00.xsd
2026-09-10 10:47:10 | INFO    | PipelineLogger.write | ARQUIVO...............: Xml\Movimento\Cte\Schemas\2.00\cte_v2.00.xsd
2026-09-10 10:47:10 | INFO    | PipelineLogger.write | ARQUIVO...............: Xml\Movimento\Cte\Schemas\2.00\cteModalAereo_v2.00.xsd
2026-09-10 10:47:11 | INFO    | PipelineLogger.write | ARQUIVO...............: Xml\Movimento\Cte\Schemas\2.00\cteModalAquaviario_v2.00.xsd
2026-09-10 10:47:11 | INFO    | PipelineLogger.write | ARQUIVO...............: Xml\Movimento\Cte\Schemas\2.00\cteModalDutoviario_v2.00.xsd
2026-09-10 10:47:11 | INFO    | PipelineLogger.write | ARQUIVO...............: Xml\Movimento\Cte\Schemas\2.00\cteModalFerroviario_v2.00.xsd
2026-09-10 10:47:11 | INFO    | PipelineLogger.write | ARQUIVO...............: Xml\Movimento\Cte\Schemas\2.00\cteModalRodoviario_v2.00.xsd
2026-09-10 10:47:11 | INFO    | PipelineLogger.write | ARQUIVO...............: Xml\Movimento\Cte\Schemas\2.00\cteMultiModal_v2.00.xsd
2026-09-10 10:47:11 | INFO    | PipelineLogger.write | ARQUIVO...............: Xml\Movimento\Cte\Schemas\2.00\cteTiposBasico_v2.00.xsd
2026-09-10 10:47:11 | INFO    | PipelineLogger.write | ARQUIVO...............: Xml\Movimento\Cte\Schemas\2.00\enviCTe_v2.00.xsd
2026-09-10 10:47:11 | INFO    | PipelineLogger.write | ARQUIVO...............: Xml\Movimento\Cte\Schemas\2.00\evCancCTe_v2.00.xsd
2026-09-10 10:47:11 | INFO    | PipelineLogger.write | ARQUIVO...............: Xml\Movimento\Cte\Schemas\2.00\evCCeCTe_v2.00.xsd
2026-09-10 10:47:11 | INFO    | PipelineLogger.write | ARQUIVO...............: Xml\Movimento\Cte\Schemas\2.00\eventoCTe_v2.00.xsd
2026-09-10 10:47:12 | INFO    | PipelineLogger.write | ARQUIVO...............: Xml\Movimento\Cte\Schemas\2.00\eventoCTeTiposBasico_v2.00.xsd
2026-09-10 10:47:13 | INFO    | PipelineLogger.write | ARQUIVO...............: Xml\Movimento\Cte\Schemas\2.00\evEPECCTe_v2.00.xsd
2026-09-10 10:47:13 | INFO    | PipelineLogger.write | ARQUIVO...............: Xml\Movimento\Cte\Schemas\2.00\evRegMultimodal_v2.00.xsd
2026-09-10 10:47:14 | INFO    | PipelineLogger.write | ARQUIVO...............: Xml\Movimento\Cte\Schemas\2.00\inutCTe_v2.00.xsd
2026-09-10 10:47:14 | INFO    | PipelineLogger.write | ARQUIVO...............: Xml\Movimento\Cte\Schemas\2.00\inutCTeTiposBasico_v2.00.xsd
2026-09-10 10:47:14 | INFO    | PipelineLogger.write | ARQUIVO...............: Xml\Movimento\Cte\Schemas\2.00\procCTe_v2.00.xsd
2026-09-10 10:47:14 | INFO    | PipelineLogger.write | ARQUIVO...............: Xml\Movimento\Cte\Schemas\2.00\procEventoCTe_v2.00.xsd
2026-09-10 10:47:14 | INFO    | PipelineLogger.write | ARQUIVO...............: Xml\Movimento\Cte\Schemas\2.00\procInutCTe_v2.00.xsd
2026-09-10 10:47:14 | INFO    | PipelineLogger.write | ARQUIVO...............: Xml\Movimento\Cte\Schemas\2.00\retConsReciCTe_v2.00.xsd
2026-09-10 10:47:14 | INFO    | PipelineLogger.write | ARQUIVO...............: Xml\Movimento\Cte\Schemas\2.00\retConsSitCTe_v2.00.xsd
2026-09-10 10:47:14 | INFO    | PipelineLogger.write | ARQUIVO...............: Xml\Movimento\Cte\Schemas\2.00\retConsStatServCTe_v2.00.xsd
2026-09-10 10:47:14 | INFO    | PipelineLogger.write | ARQUIVO...............: Xml\Movimento\Cte\Schemas\2.00\retEnviCTe_v2.00.xsd
2026-09-10 10:47:15 | INFO    | PipelineLogger.write | ARQUIVO...............: Xml\Movimento\Cte\Schemas\2.00\retEventoCTe_v2.00.xsd
2026-09-10 10:47:15 | INFO    | PipelineLogger.write | ARQUIVO...............: Xml\Movimento\Cte\Schemas\2.00\retInutCTe_v2.00.xsd
2026-09-10 10:47:16 | INFO    | PipelineLogger.write | ARQUIVO...............: Xml\Movimento\Cte\Schemas\2.00\tiposGeralCTe_v2.00.xsd
2026-09-10 10:47:16 | INFO    | PipelineLogger.write | ARQUIVO...............: Xml\Movimento\Cte\Schemas\2.00\xmldsig-core-schema_v1.01.xsd
2026-09-10 10:47:17 | INFO    | PipelineLogger.write | ARQUIVO...............: Xml\Movimento\Cte\Schemas\3.00\consReciCTe_v3.00.xsd
2026-09-10 10:47:17 | INFO    | PipelineLogger.write | ARQUIVO...............: Xml\Movimento\Cte\Schemas\3.00\consReciCTeTiposBasico_v3.00.xsd
2026-09-10 10:47:17 | INFO    | PipelineLogger.write | ARQUIVO...............: Xml\Movimento\Cte\Schemas\3.00\consSitCTe_v3.00.xsd
2026-09-10 10:47:18 | INFO    | PipelineLogger.write | ARQUIVO...............: Xml\Movimento\Cte\Schemas\3.00\consSitCTeTiposBasico_v3.00.xsd
2026-09-10 10:47:18 | INFO    | PipelineLogger.write | ARQUIVO...............: Xml\Movimento\Cte\Schemas\3.00\consStatServCTe_v3.00.xsd
2026-09-10 10:47:19 | INFO    | PipelineLogger.write | ARQUIVO...............: Xml\Movimento\Cte\Schemas\3.00\consStatServTiposBasico_v3.00.xsd
2026-09-10 10:47:19 | INFO    | PipelineLogger.write | ARQUIVO...............: Xml\Movimento\Cte\Schemas\3.00\cte_v3.00.xsd
2026-09-10 10:47:19 | INFO    | PipelineLogger.write | ARQUIVO...............: Xml\Movimento\Cte\Schemas\3.00\cteModalAereo_v3.00.xsd
2026-09-10 10:47:19 | INFO    | PipelineLogger.write | ARQUIVO...............: Xml\Movimento\Cte\Schemas\3.00\cteModalAquaviario_v3.00.xsd
2026-09-10 10:47:20 | INFO    | PipelineLogger.write | ARQUIVO...............: Xml\Movimento\Cte\Schemas\3.00\cteModalDutoviario_v3.00.xsd
2026-09-10 10:47:20 | INFO    | PipelineLogger.write | ARQUIVO...............: Xml\Movimento\Cte\Schemas\3.00\cteModalFerroviario_v3.00.xsd
2026-09-10 10:47:20 | INFO    | PipelineLogger.write | ARQUIVO...............: Xml\Movimento\Cte\Schemas\3.00\cteModalRodoviario_v3.00.xsd
2026-09-10 10:47:21 | INFO    | PipelineLogger.write | ARQUIVO...............: Xml\Movimento\Cte\Schemas\3.00\cteModalRodoviarioOS_v3.00.xsd
2026-09-10 10:47:21 | INFO    | PipelineLogger.write | ARQUIVO...............: Xml\Movimento\Cte\Schemas\3.00\cteMultiModal_v3.00.xsd
2026-09-10 10:47:22 | INFO    | PipelineLogger.write | ARQUIVO...............: Xml\Movimento\Cte\Schemas\3.00\cteOS_v3.00.xsd
2026-09-10 10:47:22 | INFO    | PipelineLogger.write | ARQUIVO...............: Xml\Movimento\Cte\Schemas\3.00\cteTiposBasico_v3.00.xsd
2026-09-10 10:47:23 | INFO    | PipelineLogger.write | ARQUIVO...............: Xml\Movimento\Cte\Schemas\3.00\enviCTe_v3.00.xsd
2026-09-10 10:47:23 | INFO    | PipelineLogger.write | ARQUIVO...............: Xml\Movimento\Cte\Schemas\3.00\evCancCECTe_v3.00.xsd
2026-09-10 10:47:23 | INFO    | PipelineLogger.write | ARQUIVO...............: Xml\Movimento\Cte\Schemas\3.00\evCancCTe_v3.00.xsd
2026-09-10 10:47:23 | INFO    | PipelineLogger.write | ARQUIVO...............: Xml\Movimento\Cte\Schemas\3.00\evCCeCTe_v3.00.xsd
2026-09-10 10:47:23 | INFO    | PipelineLogger.write | ARQUIVO...............: Xml\Movimento\Cte\Schemas\3.00\evCECTe_v3.00.xsd
2026-09-10 10:47:23 | INFO    | PipelineLogger.write | ARQUIVO...............: Xml\Movimento\Cte\Schemas\3.00\eventoCTe_v3.00.xsd
2026-09-10 10:47:23 | INFO    | PipelineLogger.write | ARQUIVO...............: Xml\Movimento\Cte\Schemas\3.00\eventoCTeTiposBasico_v3.00.xsd
2026-09-10 10:47:24 | INFO    | PipelineLogger.write | ARQUIVO...............: Xml\Movimento\Cte\Schemas\3.00\evEPECCTe_v3.00.xsd
2026-09-10 10:47:24 | INFO    | PipelineLogger.write | ARQUIVO...............: Xml\Movimento\Cte\Schemas\3.00\evGTV_v3.00.xsd
2026-09-10 10:47:25 | INFO    | PipelineLogger.write | ARQUIVO...............: Xml\Movimento\Cte\Schemas\3.00\evPrestDesacordo_v3.00.xsd
2026-09-10 10:47:26 | INFO    | PipelineLogger.write | ARQUIVO...............: Xml\Movimento\Cte\Schemas\3.00\evRegMultimodal_v3.00.xsd
2026-09-10 10:47:26 | INFO    | PipelineLogger.write | ARQUIVO...............: Xml\Movimento\Cte\Schemas\3.00\GTVe_v3.00.xsd
2026-09-10 10:47:26 | INFO    | PipelineLogger.write | ARQUIVO...............: Xml\Movimento\Cte\Schemas\3.00\inutCTe_v3.00.xsd
2026-09-10 10:47:27 | INFO    | PipelineLogger.write | ARQUIVO...............: Xml\Movimento\Cte\Schemas\3.00\inutCTeTiposBasico_v3.00.xsd
2026-09-10 10:47:27 | INFO    | PipelineLogger.write | ARQUIVO...............: Xml\Movimento\Cte\Schemas\3.00\procCTe_v3.00.xsd
2026-09-10 10:47:28 | INFO    | PipelineLogger.write | ARQUIVO...............: Xml\Movimento\Cte\Schemas\3.00\procCTeOS_v3.00.xsd
2026-09-10 10:47:28 | INFO    | PipelineLogger.write | ARQUIVO...............: Xml\Movimento\Cte\Schemas\3.00\procEventoCTe_v3.00.xsd
2026-09-10 10:47:28 | INFO    | PipelineLogger.write | ARQUIVO...............: Xml\Movimento\Cte\Schemas\3.00\procGTVe_v3.00.xsd
2026-09-10 10:47:28 | INFO    | PipelineLogger.write | ARQUIVO...............: Xml\Movimento\Cte\Schemas\3.00\procInutCTe_v3.00.xsd
2026-09-10 10:47:28 | INFO    | PipelineLogger.write | ARQUIVO...............: Xml\Movimento\Cte\Schemas\3.00\retConsReciCTe_v3.00.xsd
2026-09-10 10:47:28 | INFO    | PipelineLogger.write | ARQUIVO...............: Xml\Movimento\Cte\Schemas\3.00\retConsSitCTe_v3.00.xsd
2026-09-10 10:47:28 | INFO    | PipelineLogger.write | ARQUIVO...............: Xml\Movimento\Cte\Schemas\3.00\retConsStatServCTe_v3.00.xsd
2026-09-10 10:47:28 | INFO    | PipelineLogger.write | ARQUIVO...............: Xml\Movimento\Cte\Schemas\3.00\retCTe_v3.00.xsd
2026-09-10 10:47:28 | INFO    | PipelineLogger.write | ARQUIVO...............: Xml\Movimento\Cte\Schemas\3.00\retCTeOS_v3.00.xsd
2026-09-10 10:47:28 | INFO    | PipelineLogger.write | ARQUIVO...............: Xml\Movimento\Cte\Schemas\3.00\retEnviCTe_v3.00.xsd
2026-09-10 10:47:29 | INFO    | PipelineLogger.write | ARQUIVO...............: Xml\Movimento\Cte\Schemas\3.00\retEventoCTe_v3.00.xsd
2026-09-10 10:47:29 | INFO    | PipelineLogger.write | ARQUIVO...............: Xml\Movimento\Cte\Schemas\3.00\retGTVe_v3.00.xsd
2026-09-10 10:47:29 | INFO    | PipelineLogger.write | ARQUIVO...............: Xml\Movimento\Cte\Schemas\3.00\retInutCTe_v3.00.xsd
2026-09-10 10:47:29 | INFO    | PipelineLogger.write | ARQUIVO...............: Xml\Movimento\Cte\Schemas\3.00\tiposGeralCTe_v3.00.xsd
2026-09-10 10:47:30 | INFO    | PipelineLogger.write | ARQUIVO...............: Xml\Movimento\Cte\Schemas\3.00\xmldsig-core-schema_v1.01.xsd
2026-09-10 10:47:30 | INFO    | PipelineLogger.write | ARQUIVO...............: Xml\Movimento\Cte\Schemas\4.00\consSitCTe_v4.00.xsd
2026-09-10 10:47:31 | INFO    | PipelineLogger.write | ARQUIVO...............: Xml\Movimento\Cte\Schemas\4.00\consSitCTeTiposBasico_v4.00.xsd
2026-09-10 10:47:31 | INFO    | PipelineLogger.write | ARQUIVO...............: Xml\Movimento\Cte\Schemas\4.00\consStatServCTe_v4.00.xsd
2026-09-10 10:47:31 | INFO    | PipelineLogger.write | ARQUIVO...............: Xml\Movimento\Cte\Schemas\4.00\consStatServTiposBasico_v4.00.xsd
2026-09-10 10:47:31 | INFO    | PipelineLogger.write | ARQUIVO...............: Xml\Movimento\Cte\Schemas\4.00\cte_v4.00.xsd
2026-09-10 10:47:31 | INFO    | PipelineLogger.write | ARQUIVO...............: Xml\Movimento\Cte\Schemas\4.00\cteModalAereo_v4.00.xsd
2026-09-10 10:47:31 | INFO    | PipelineLogger.write | ARQUIVO...............: Xml\Movimento\Cte\Schemas\4.00\cteModalAquaviario_v4.00.xsd
2026-09-10 10:47:31 | INFO    | PipelineLogger.write | ARQUIVO...............: Xml\Movimento\Cte\Schemas\4.00\cteModalDutoviario_v4.00.xsd
2026-09-10 10:47:31 | INFO    | PipelineLogger.write | ARQUIVO...............: Xml\Movimento\Cte\Schemas\4.00\cteModalFerroviario_v4.00.xsd
2026-09-10 10:47:31 | INFO    | PipelineLogger.write | ARQUIVO...............: Xml\Movimento\Cte\Schemas\4.00\cteModalRodoviario_v4.00.xsd
2026-09-10 10:47:31 | INFO    | PipelineLogger.write | ARQUIVO...............: Xml\Movimento\Cte\Schemas\4.00\cteModalRodoviarioOS_v4.00.xsd
2026-09-10 10:47:32 | INFO    | PipelineLogger.write | ARQUIVO...............: Xml\Movimento\Cte\Schemas\4.00\cteMultiModal_v4.00.xsd
2026-09-10 10:47:32 | INFO    | PipelineLogger.write | ARQUIVO...............: Xml\Movimento\Cte\Schemas\4.00\cteOS_v4.00.xsd
2026-09-10 10:47:33 | INFO    | PipelineLogger.write | ARQUIVO...............: Xml\Movimento\Cte\Schemas\4.00\cteTiposBasico_v4.00.xsd
2026-09-10 10:47:33 | INFO    | PipelineLogger.write | ARQUIVO...............: Xml\Movimento\Cte\Schemas\4.00\evCancCECTe_v4.00.xsd
2026-09-10 10:47:34 | INFO    | PipelineLogger.write | ARQUIVO...............: Xml\Movimento\Cte\Schemas\4.00\evCancCTe_v4.00.xsd
2026-09-10 10:47:34 | INFO    | PipelineLogger.write | ARQUIVO...............: Xml\Movimento\Cte\Schemas\4.00\evCancIECTe_v4.00.xsd
2026-09-10 10:47:35 | INFO    | PipelineLogger.write | ARQUIVO...............: Xml\Movimento\Cte\Schemas\4.00\evCancPrestDesacordo_v4.00.xsd
2026-09-10 10:47:35 | INFO    | PipelineLogger.write | ARQUIVO...............: Xml\Movimento\Cte\Schemas\4.00\evCCeCTe_v4.00.xsd
2026-09-10 10:47:35 | INFO    | PipelineLogger.write | ARQUIVO...............: Xml\Movimento\Cte\Schemas\4.00\evCECTe_v4.00.xsd
2026-09-10 10:47:35 | INFO    | PipelineLogger.write | ARQUIVO...............: Xml\Movimento\Cte\Schemas\4.00\eventoCTe_v4.00.xsd
2026-09-10 10:47:35 | INFO    | PipelineLogger.write | ARQUIVO...............: Xml\Movimento\Cte\Schemas\4.00\eventoCTeTiposBasico_v4.00.xsd
2026-09-10 10:47:36 | INFO    | PipelineLogger.write | ARQUIVO...............: Xml\Movimento\Cte\Schemas\4.00\evEPECCTe_v4.00.xsd
2026-09-10 10:47:36 | INFO    | PipelineLogger.write | ARQUIVO...............: Xml\Movimento\Cte\Schemas\4.00\evGTV_v4.00.xsd
2026-09-10 10:47:36 | INFO    | PipelineLogger.write | ARQUIVO...............: Xml\Movimento\Cte\Schemas\4.00\evIECTe_v4.00.xsd
2026-09-10 10:47:36 | INFO    | PipelineLogger.write | ARQUIVO...............: Xml\Movimento\Cte\Schemas\4.00\evPrestDesacordo_v4.00.xsd
2026-09-10 10:47:36 | INFO    | PipelineLogger.write | ARQUIVO...............: Xml\Movimento\Cte\Schemas\4.00\evRegMultimodal_v4.00.xsd
2026-09-10 10:47:36 | INFO    | PipelineLogger.write | ARQUIVO...............: Xml\Movimento\Cte\Schemas\4.00\GTVe_v4.00.xsd
2026-09-10 10:47:36 | INFO    | PipelineLogger.write | ARQUIVO...............: Xml\Movimento\Cte\Schemas\4.00\inutCTe_v4.00.xsd
2026-09-10 10:47:36 | INFO    | PipelineLogger.write | ARQUIVO...............: Xml\Movimento\Cte\Schemas\4.00\inutCTeTiposBasico_v4.00.xsd
2026-09-10 10:47:36 | INFO    | PipelineLogger.write | ARQUIVO...............: Xml\Movimento\Cte\Schemas\4.00\procCTe_v4.00.xsd
2026-09-10 10:47:37 | INFO    | PipelineLogger.write | ARQUIVO...............: Xml\Movimento\Cte\Schemas\4.00\procCTeOS_v4.00.xsd
2026-09-10 10:47:37 | INFO    | PipelineLogger.write | ARQUIVO...............: Xml\Movimento\Cte\Schemas\4.00\procEventoCTe_v4.00.xsd
2026-09-10 10:47:37 | INFO    | PipelineLogger.write | ARQUIVO...............: Xml\Movimento\Cte\Schemas\4.00\procGTVe_v4.00.xsd
2026-09-10 10:47:37 | INFO    | PipelineLogger.write | ARQUIVO...............: Xml\Movimento\Cte\Schemas\4.00\procInutCTe_v4.00.xsd
2026-09-10 10:47:38 | INFO    | PipelineLogger.write | ARQUIVO...............: Xml\Movimento\Cte\Schemas\4.00\retConsSitCTe_v4.00.xsd
2026-09-10 10:47:38 | INFO    | PipelineLogger.write | ARQUIVO...............: Xml\Movimento\Cte\Schemas\4.00\retConsStatServCTe_v4.00.xsd
2026-09-10 10:47:39 | INFO    | PipelineLogger.write | ARQUIVO...............: Xml\Movimento\Cte\Schemas\4.00\retCTe_v4.00.xsd
2026-09-10 10:47:39 | INFO    | PipelineLogger.write | ARQUIVO...............: Xml\Movimento\Cte\Schemas\4.00\retCTeOS_v4.00.xsd
2026-09-10 10:47:40 | INFO    | PipelineLogger.write | ARQUIVO...............: Xml\Movimento\Cte\Schemas\4.00\retEventoCTe_v4.00.xsd
2026-09-10 10:47:40 | INFO    | PipelineLogger.write | ARQUIVO...............: Xml\Movimento\Cte\Schemas\4.00\retGTVe_v4.00.xsd
2026-09-10 10:47:40 | INFO    | PipelineLogger.write | ARQUIVO...............: Xml\Movimento\Cte\Schemas\4.00\retInutCTe_v4.00.xsd
2026-09-10 10:47:40 | INFO    | PipelineLogger.write | ARQUIVO...............: Xml\Movimento\Cte\Schemas\4.00\tiposGeralCTe_v4.00.xsd
2026-09-10 10:47:40 | INFO    | PipelineLogger.write | ARQUIVO...............: Xml\Movimento\Cte\Schemas\4.00\xmldsig-core-schema_v1.01.xsd
2026-09-10 10:47:40 | INFO    | PipelineLogger.write | ARQUIVO...............: Xml\Movimento\NFe\Schemas\atuCadEmiDFe_v1.01.xsd
2026-09-10 10:47:40 | INFO    | PipelineLogger.write | ARQUIVO...............: Xml\Movimento\NFe\Schemas\autorizacao_v1.00.xsd
2026-09-10 10:47:40 | INFO    | PipelineLogger.write | ARQUIVO...............: Xml\Movimento\NFe\Schemas\autorizacaoRetorno_v1.00.xsd
2026-09-10 10:47:40 | INFO    | PipelineLogger.write | ARQUIVO...............: Xml\Movimento\NFe\Schemas\Averb_v1.00.xsd
2026-09-10 10:47:40 | INFO    | PipelineLogger.write | ARQUIVO...............: Xml\Movimento\NFe\Schemas\cabecMsg_v1.02.xsd
2026-09-10 10:47:41 | INFO    | PipelineLogger.write | ARQUIVO...............: Xml\Movimento\NFe\Schemas\cadEmiDFe_v1.01.xsd
2026-09-10 10:47:41 | INFO    | PipelineLogger.write | ARQUIVO...............: Xml\Movimento\NFe\Schemas\cancNFe_v2.00.xsd
2026-09-10 10:47:42 | INFO    | PipelineLogger.write | ARQUIVO...............: Xml\Movimento\NFe\Schemas\CCe_v1.00.xsd
2026-09-10 10:47:42 | INFO    | PipelineLogger.write | ARQUIVO...............: Xml\Movimento\NFe\Schemas\confRecebto_v1.00.xsd
2026-09-10 10:47:42 | INFO    | PipelineLogger.write | ARQUIVO...............: Xml\Movimento\NFe\Schemas\consCad_v2.00.xsd
2026-09-10 10:47:42 | INFO    | PipelineLogger.write | ARQUIVO...............: Xml\Movimento\NFe\Schemas\consCad_v3.10.xsd
2026-09-10 10:47:42 | INFO    | PipelineLogger.write | ARQUIVO...............: Xml\Movimento\NFe\Schemas\consDPEC_v1.01.xsd
2026-09-10 10:47:42 | INFO    | PipelineLogger.write | ARQUIVO...............: Xml\Movimento\NFe\Schemas\consGTIN_v1.00.xsd
2026-09-10 10:47:42 | INFO    | PipelineLogger.write | ARQUIVO...............: Xml\Movimento\NFe\Schemas\consNFeDest_v1.01.xsd
2026-09-10 10:47:42 | INFO    | PipelineLogger.write | ARQUIVO...............: Xml\Movimento\NFe\Schemas\consReciNFe_v2.00.xsd
2026-09-10 10:47:42 | INFO    | PipelineLogger.write | ARQUIVO...............: Xml\Movimento\NFe\Schemas\consReciNFe_v3.10.xsd
2026-09-10 10:47:42 | INFO    | PipelineLogger.write | ARQUIVO...............: Xml\Movimento\NFe\Schemas\consReciNFe_v4.00.xsd
2026-09-10 10:47:42 | INFO    | PipelineLogger.write | ARQUIVO...............: Xml\Movimento\NFe\Schemas\consSitNFe_v2.00.xsd
2026-09-10 10:47:42 | INFO    | PipelineLogger.write | ARQUIVO...............: Xml\Movimento\NFe\Schemas\consSitNFe_v2.01.xsd
2026-09-10 10:47:42 | INFO    | PipelineLogger.write | ARQUIVO...............: Xml\Movimento\NFe\Schemas\consSitNFe_v3.10.xsd
2026-09-10 10:47:42 | INFO    | PipelineLogger.write | ARQUIVO...............: Xml\Movimento\NFe\Schemas\consSitNFe_v4.00.xsd
2026-09-10 10:47:42 | INFO    | PipelineLogger.write | ARQUIVO...............: Xml\Movimento\NFe\Schemas\consStatServ_v2.00.xsd
2026-09-10 10:47:42 | INFO    | PipelineLogger.write | ARQUIVO...............: Xml\Movimento\NFe\Schemas\consStatServ_v3.10.xsd
2026-09-10 10:47:43 | INFO    | PipelineLogger.write | ARQUIVO...............: Xml\Movimento\NFe\Schemas\consStatServ_v4.00.xsd
2026-09-10 10:47:43 | INFO    | PipelineLogger.write | ARQUIVO...............: Xml\Movimento\NFe\Schemas\DFeTiposBasicos_v1.00.xsd
2026-09-10 10:47:43 | INFO    | PipelineLogger.write | ARQUIVO...............: Xml\Movimento\NFe\Schemas\distDFeInt_v1.00.xsd
2026-09-10 10:47:43 | INFO    | PipelineLogger.write | ARQUIVO...............: Xml\Movimento\NFe\Schemas\distDFeInt_v1.01.xsd
2026-09-10 10:47:43 | INFO    | PipelineLogger.write | ARQUIVO...............: Xml\Movimento\NFe\Schemas\downloadNFe_v1.00.xsd
2026-09-10 10:47:43 | INFO    | PipelineLogger.write | ARQUIVO...............: Xml\Movimento\NFe\Schemas\e110110_v1.00.xsd
2026-09-10 10:47:43 | INFO    | PipelineLogger.write | ARQUIVO...............: Xml\Movimento\NFe\Schemas\e110111_v1.00.xsd
2026-09-10 10:47:43 | INFO    | PipelineLogger.write | ARQUIVO...............: Xml\Movimento\NFe\Schemas\e110112_v1.00.xsd
2026-09-10 10:47:43 | INFO    | PipelineLogger.write | ARQUIVO...............: Xml\Movimento\NFe\Schemas\e110130_v1.00.xsd
2026-09-10 10:47:43 | INFO    | PipelineLogger.write | ARQUIVO...............: Xml\Movimento\NFe\Schemas\e110131_v1.00.xsd
2026-09-10 10:47:43 | INFO    | PipelineLogger.write | ARQUIVO...............: Xml\Movimento\NFe\Schemas\e110140_v1.00.xsd
2026-09-10 10:47:44 | INFO    | PipelineLogger.write | ARQUIVO...............: Xml\Movimento\NFe\Schemas\e110140NFCe_v1.00.xsd
2026-09-10 10:47:44 | INFO    | PipelineLogger.write | ARQUIVO...............: Xml\Movimento\NFe\Schemas\e110140NFe_v1.00.xsd
2026-09-10 10:47:45 | INFO    | PipelineLogger.write | ARQUIVO...............: Xml\Movimento\NFe\Schemas\e110150_v1.00.xsd
2026-09-10 10:47:45 | INFO    | PipelineLogger.write | ARQUIVO...............: Xml\Movimento\NFe\Schemas\e110192_v1.00.xsd
2026-09-10 10:47:45 | INFO    | PipelineLogger.write | ARQUIVO...............: Xml\Movimento\NFe\Schemas\e110193_v1.00.xsd
2026-09-10 10:47:45 | INFO    | PipelineLogger.write | ARQUIVO...............: Xml\Movimento\NFe\Schemas\e110750_v1.00.xsd
2026-09-10 10:47:45 | INFO    | PipelineLogger.write | ARQUIVO...............: Xml\Movimento\NFe\Schemas\e110751_v1.00.xsd
2026-09-10 10:47:45 | INFO    | PipelineLogger.write | ARQUIVO...............: Xml\Movimento\NFe\Schemas\e111500_v1.00.xsd
2026-09-10 10:47:46 | INFO    | PipelineLogger.write | ARQUIVO...............: Xml\Movimento\NFe\Schemas\e111501_v1.00.xsd
2026-09-10 10:47:46 | INFO    | PipelineLogger.write | ARQUIVO...............: Xml\Movimento\NFe\Schemas\e111502_v1.00.xsd
2026-09-10 10:47:46 | INFO    | PipelineLogger.write | ARQUIVO...............: Xml\Movimento\NFe\Schemas\e111503_v1.00.xsd
2026-09-10 10:47:46 | INFO    | PipelineLogger.write | ARQUIVO...............: Xml\Movimento\NFe\Schemas\e210200_v1.00.xsd
2026-09-10 10:47:46 | INFO    | PipelineLogger.write | ARQUIVO...............: Xml\Movimento\NFe\Schemas\e210210_v1.00.xsd
2026-09-10 10:47:46 | INFO    | PipelineLogger.write | ARQUIVO...............: Xml\Movimento\NFe\Schemas\e210220_v1.00.xsd
2026-09-10 10:47:46 | INFO    | PipelineLogger.write | ARQUIVO...............: Xml\Movimento\NFe\Schemas\e210240_v1.00.xsd
2026-09-10 10:47:46 | INFO    | PipelineLogger.write | ARQUIVO...............: Xml\Movimento\NFe\Schemas\e411500_v1.00.xsd
2026-09-10 10:47:46 | INFO    | PipelineLogger.write | ARQUIVO...............: Xml\Movimento\NFe\Schemas\e411501_v1.00.xsd
2026-09-10 10:47:46 | INFO    | PipelineLogger.write | ARQUIVO...............: Xml\Movimento\NFe\Schemas\e411502_v1.00.xsd
2026-09-10 10:47:46 | INFO    | PipelineLogger.write | ARQUIVO...............: Xml\Movimento\NFe\Schemas\e411503_v1.00.xsd
2026-09-10 10:47:47 | INFO    | PipelineLogger.write | ARQUIVO...............: Xml\Movimento\NFe\Schemas\e610130_v1.00.xsd
2026-09-10 10:47:47 | INFO    | PipelineLogger.write | ARQUIVO...............: Xml\Movimento\NFe\Schemas\e610131_v1.00.xsd
2026-09-10 10:47:47 | INFO    | PipelineLogger.write | ARQUIVO...............: Xml\Movimento\NFe\Schemas\e790700_v1.00.xsd
2026-09-10 10:47:48 | INFO    | PipelineLogger.write | ARQUIVO...............: Xml\Movimento\NFe\Schemas\e990900_v1.00.xsd
2026-09-10 10:47:49 | INFO    | PipelineLogger.write | ARQUIVO...............: Xml\Movimento\NFe\Schemas\e990910_v1.00.xsd
2026-09-10 10:47:49 | INFO    | PipelineLogger.write | ARQUIVO...............: Xml\Movimento\NFe\Schemas\envAverb_v1.00.xsd
2026-09-10 10:47:49 | INFO    | PipelineLogger.write | ARQUIVO...............: Xml\Movimento\NFe\Schemas\envCancelPProrrogNFe_v1.0.xsd
2026-09-10 10:47:50 | INFO    | PipelineLogger.write | ARQUIVO...............: Xml\Movimento\NFe\Schemas\envCCe_v1.00.xsd
2026-09-10 10:47:50 | INFO    | PipelineLogger.write | ARQUIVO...............: Xml\Movimento\NFe\Schemas\envComprovanteEntregaNFe_v1.00.xsd
2026-09-10 10:47:50 | INFO    | PipelineLogger.write | ARQUIVO...............: Xml\Movimento\NFe\Schemas\envConfRecebto_v1.00.xsd
2026-09-10 10:47:50 | INFO    | PipelineLogger.write | ARQUIVO...............: Xml\Movimento\NFe\Schemas\envDPEC_v1.01.xsd
2026-09-10 10:47:51 | INFO    | PipelineLogger.write | ARQUIVO...............: Xml\Movimento\NFe\Schemas\envEPEC_v1.00.xsd
2026-09-10 10:47:51 | INFO    | PipelineLogger.write | ARQUIVO...............: Xml\Movimento\NFe\Schemas\envEvento_v1.00.xsd
2026-09-10 10:47:52 | INFO    | PipelineLogger.write | ARQUIVO...............: Xml\Movimento\NFe\Schemas\envEventoAtorInteressado_v1.00.xsd
2026-09-10 10:47:52 | INFO    | PipelineLogger.write | ARQUIVO...............: Xml\Movimento\NFe\Schemas\envEventoCancEConf_v1.00.xsd
2026-09-10 10:47:53 | INFO    | PipelineLogger.write | ARQUIVO...............: Xml\Movimento\NFe\Schemas\envEventoCancEntregaNFe_v1.00.xsd
2026-09-10 10:47:53 | INFO    | PipelineLogger.write | ARQUIVO...............: Xml\Movimento\NFe\Schemas\envEventoCancInsucessoNFe_v1.00.xsd
2026-09-10 10:47:54 | INFO    | PipelineLogger.write | ARQUIVO...............: Xml\Movimento\NFe\Schemas\envEventoCancNFe_v1.00.xsd
2026-09-10 10:47:54 | INFO    | PipelineLogger.write | ARQUIVO...............: Xml\Movimento\NFe\Schemas\envEventoCancSubst_v1.00.xsd
2026-09-10 10:47:55 | INFO    | PipelineLogger.write | ARQUIVO...............: Xml\Movimento\NFe\Schemas\envEventoEConf_v1.00.xsd
2026-09-10 10:47:55 | INFO    | PipelineLogger.write | ARQUIVO...............: Xml\Movimento\NFe\Schemas\envEventoEntregaNFe_v1.00.xsd
2026-09-10 10:47:55 | INFO    | PipelineLogger.write | ARQUIVO...............: Xml\Movimento\NFe\Schemas\envEventoInsucessoNFe_v1.00.xsd
2026-09-10 10:47:55 | INFO    | PipelineLogger.write | ARQUIVO...............: Xml\Movimento\NFe\Schemas\envFiscoNfe_v1.0.xsd
2026-09-10 10:47:56 | INFO    | PipelineLogger.write | ARQUIVO...............: Xml\Movimento\NFe\Schemas\enviNFe_v2.00.xsd
2026-09-10 10:47:56 | INFO    | PipelineLogger.write | ARQUIVO...............: Xml\Movimento\NFe\Schemas\enviNFe_v3.10.xsd
2026-09-10 10:47:56 | INFO    | PipelineLogger.write | ARQUIVO...............: Xml\Movimento\NFe\Schemas\enviNFe_v4.00.xsd
2026-09-10 10:47:57 | INFO    | PipelineLogger.write | ARQUIVO...............: Xml\Movimento\NFe\Schemas\envPProrrogNFe_v1.0.xsd
2026-09-10 10:47:57 | INFO    | PipelineLogger.write | ARQUIVO...............: Xml\Movimento\NFe\Schemas\envRemIndus_v1.00.xsd
2026-09-10 10:47:57 | INFO    | PipelineLogger.write | ARQUIVO...............: Xml\Movimento\NFe\Schemas\envSuframaInternaliza_v1.00.xsd
2026-09-10 10:47:59 | INFO    | PipelineLogger.write | ARQUIVO...............: Xml\Movimento\NFe\Schemas\envSuframaVistoria_v1.00.xsd
2026-09-10 10:47:59 | INFO    | PipelineLogger.write | ARQUIVO...............: Xml\Movimento\NFe\Schemas\EPEC_v1.00.xsd
2026-09-10 10:47:59 | INFO    | PipelineLogger.write | ARQUIVO...............: Xml\Movimento\NFe\Schemas\eventoAtorInteressado_v1.00.xsd
2026-09-10 10:48:00 | INFO    | PipelineLogger.write | ARQUIVO...............: Xml\Movimento\NFe\Schemas\EventoCancEConf_v1.00.xsd
2026-09-10 10:48:00 | INFO    | PipelineLogger.write | ARQUIVO...............: Xml\Movimento\NFe\Schemas\eventoCancEntregaNFe_v1.00.xsd
2026-09-10 10:48:00 | INFO    | PipelineLogger.write | ARQUIVO...............: Xml\Movimento\NFe\Schemas\EventoCancInsucessoNFe_v1.00.xsd
2026-09-10 10:48:01 | INFO    | PipelineLogger.write | ARQUIVO...............: Xml\Movimento\NFe\Schemas\eventoCancNFe_v1.00.xsd
2026-09-10 10:48:01 | INFO    | PipelineLogger.write | ARQUIVO...............: Xml\Movimento\NFe\Schemas\eventoCancSubst_v1.00.xsd
2026-09-10 10:48:02 | INFO    | PipelineLogger.write | ARQUIVO...............: Xml\Movimento\NFe\Schemas\EventoEConf_v1.00.xsd
2026-09-10 10:48:02 | INFO    | PipelineLogger.write | ARQUIVO...............: Xml\Movimento\NFe\Schemas\eventoEntregaNFe_v1.00.xsd
2026-09-10 10:48:02 | INFO    | PipelineLogger.write | ARQUIVO...............: Xml\Movimento\NFe\Schemas\eventoEPEC_v0.01.xsd
2026-09-10 10:48:02 | INFO    | PipelineLogger.write | ARQUIVO...............: Xml\Movimento\NFe\Schemas\eventoEPEC_v1.00.xsd
2026-09-10 10:48:02 | INFO    | PipelineLogger.write | ARQUIVO...............: Xml\Movimento\NFe\Schemas\EventoInsucessoNFe_v1.00.xsd
2026-09-10 10:48:03 | INFO    | PipelineLogger.write | ARQUIVO...............: Xml\Movimento\NFe\Schemas\eventoRemIndus_v1.00.xsd
2026-09-10 10:48:04 | INFO    | PipelineLogger.write | ARQUIVO...............: Xml\Movimento\NFe\Schemas\inutNFe_v2.00.xsd
2026-09-10 10:48:04 | INFO    | PipelineLogger.write | ARQUIVO...............: Xml\Movimento\NFe\Schemas\inutNFe_v3.10.xsd
2026-09-10 10:48:04 | INFO    | PipelineLogger.write | ARQUIVO...............: Xml\Movimento\NFe\Schemas\inutNFe_v4.00.xsd
2026-09-10 10:48:04 | INFO    | PipelineLogger.write | ARQUIVO...............: Xml\Movimento\NFe\Schemas\leiauteAverb_v1.00.xsd
2026-09-10 10:48:04 | INFO    | PipelineLogger.write | ARQUIVO...............: Xml\Movimento\NFe\Schemas\LeiauteCadastroEmissorDFe_v1.01.xsd
2026-09-10 10:48:04 | INFO    | PipelineLogger.write | ARQUIVO...............: Xml\Movimento\NFe\Schemas\leiauteCancNFe_v2.00.xsd
2026-09-10 10:48:05 | INFO    | PipelineLogger.write | ARQUIVO...............: Xml\Movimento\NFe\Schemas\leiauteCCe_v1.00.xsd
2026-09-10 10:48:05 | INFO    | PipelineLogger.write | ARQUIVO...............: Xml\Movimento\NFe\Schemas\leiauteCcgConsGTIN_v1.00.xsd
2026-09-10 10:48:05 | INFO    | PipelineLogger.write | ARQUIVO...............: Xml\Movimento\NFe\Schemas\leiauteComprovanteEntregaNFe_v1.00.xsd
2026-09-10 10:48:05 | INFO    | PipelineLogger.write | ARQUIVO...............: Xml\Movimento\NFe\Schemas\leiauteConfRecebto_v1.00.xsd
2026-09-10 10:48:05 | INFO    | PipelineLogger.write | ARQUIVO...............: Xml\Movimento\NFe\Schemas\leiauteConsNFeDest_v1.01.xsd
2026-09-10 10:48:05 | INFO    | PipelineLogger.write | ARQUIVO...............: Xml\Movimento\NFe\Schemas\leiauteConsSitNFe_v2.01.xsd
2026-09-10 10:48:05 | INFO    | PipelineLogger.write | ARQUIVO...............: Xml\Movimento\NFe\Schemas\leiauteConsSitNFe_v3.10.xsd
2026-09-10 10:48:05 | INFO    | PipelineLogger.write | ARQUIVO...............: Xml\Movimento\NFe\Schemas\leiauteConsSitNFe_v4.00.xsd
2026-09-10 10:48:05 | INFO    | PipelineLogger.write | ARQUIVO...............: Xml\Movimento\NFe\Schemas\leiauteConsStatServ_v2.00.xsd
2026-09-10 10:48:05 | INFO    | PipelineLogger.write | ARQUIVO...............: Xml\Movimento\NFe\Schemas\leiauteConsStatServ_v3.10.xsd
2026-09-10 10:48:06 | INFO    | PipelineLogger.write | ARQUIVO...............: Xml\Movimento\NFe\Schemas\leiauteConsStatServ_v4.00.xsd
2026-09-10 10:48:06 | INFO    | PipelineLogger.write | ARQUIVO...............: Xml\Movimento\NFe\Schemas\leiauteConsultaCadastro_v1.01.xsd
2026-09-10 10:48:06 | INFO    | PipelineLogger.write | ARQUIVO...............: Xml\Movimento\NFe\Schemas\leiauteConsultaCadastro_v2.00.xsd
2026-09-10 10:48:06 | INFO    | PipelineLogger.write | ARQUIVO...............: Xml\Movimento\NFe\Schemas\leiauteConsultaCadastro_v3.10.xsd
2026-09-10 10:48:06 | INFO    | PipelineLogger.write | ARQUIVO...............: Xml\Movimento\NFe\Schemas\leiauteDownloadNFe_v1.00.xsd
2026-09-10 10:48:06 | INFO    | PipelineLogger.write | ARQUIVO...............: Xml\Movimento\NFe\Schemas\leiauteDPEC_v1.01.xsd
2026-09-10 10:48:06 | INFO    | PipelineLogger.write | ARQUIVO...............: Xml\Movimento\NFe\Schemas\leiauteEPEC_v1.00.xsd
2026-09-10 10:48:06 | INFO    | PipelineLogger.write | ARQUIVO...............: Xml\Movimento\NFe\Schemas\leiauteEvento_v1.00.xsd
2026-09-10 10:48:06 | INFO    | PipelineLogger.write | ARQUIVO...............: Xml\Movimento\NFe\Schemas\leiauteEventoAtorInteressado_v1.00.xsd
2026-09-10 10:48:06 | INFO    | PipelineLogger.write | ARQUIVO...............: Xml\Movimento\NFe\Schemas\leiauteEventoCancEConf_v1.00.xsd
2026-09-10 10:48:06 | INFO    | PipelineLogger.write | ARQUIVO...............: Xml\Movimento\NFe\Schemas\leiauteEventoCancEntregaNFe_v1.00.xsd
2026-09-10 10:48:06 | INFO    | PipelineLogger.write | ARQUIVO...............: Xml\Movimento\NFe\Schemas\leiauteEventoCancInsucessoNFe_v1.00.xsd
2026-09-10 10:48:06 | INFO    | PipelineLogger.write | ARQUIVO...............: Xml\Movimento\NFe\Schemas\leiauteEventoCancNFe_v1.00.xsd
2026-09-10 10:48:06 | INFO    | PipelineLogger.write | ARQUIVO...............: Xml\Movimento\NFe\Schemas\leiauteEventoCancSubst_v1.00.xsd
2026-09-10 10:48:06 | INFO    | PipelineLogger.write | ARQUIVO...............: Xml\Movimento\NFe\Schemas\leiauteEventoEConf_v1.00.xsd
2026-09-10 10:48:07 | INFO    | PipelineLogger.write | ARQUIVO...............: Xml\Movimento\NFe\Schemas\leiauteEventoEntregaNFe_v1.00.xsd
2026-09-10 10:48:07 | INFO    | PipelineLogger.write | ARQUIVO...............: Xml\Movimento\NFe\Schemas\leiauteEventoInsucessoNFe_v1.00.xsd
2026-09-10 10:48:07 | INFO    | PipelineLogger.write | ARQUIVO...............: Xml\Movimento\NFe\Schemas\leiauteInutNFe_v2.00.xsd
2026-09-10 10:48:07 | INFO    | PipelineLogger.write | ARQUIVO...............: Xml\Movimento\NFe\Schemas\leiauteInutNFe_v3.10.xsd
2026-09-10 10:48:07 | INFO    | PipelineLogger.write | ARQUIVO...............: Xml\Movimento\NFe\Schemas\leiauteInutNFe_v4.00.xsd
2026-09-10 10:48:07 | INFO    | PipelineLogger.write | ARQUIVO...............: Xml\Movimento\NFe\Schemas\leiauteLivroCombustivel_v1.00.xsd
2026-09-10 10:48:07 | INFO    | PipelineLogger.write | ARQUIVO...............: Xml\Movimento\NFe\Schemas\leiauteLMCAutorizacao_v1.00.xsd
2026-09-10 10:48:07 | INFO    | PipelineLogger.write | ARQUIVO...............: Xml\Movimento\NFe\Schemas\leiauteLMCAutorizacaoRetorno_v1.00.xsd
2026-09-10 10:48:07 | INFO    | PipelineLogger.write | ARQUIVO...............: Xml\Movimento\NFe\Schemas\leiauteLMCStatusServico_v1.00.xsd
2026-09-10 10:48:08 | INFO    | PipelineLogger.write | ARQUIVO...............: Xml\Movimento\NFe\Schemas\leiauteNFe_v2.00.xsd
2026-09-10 10:48:08 | INFO    | PipelineLogger.write | ARQUIVO...............: Xml\Movimento\NFe\Schemas\leiauteNFe_v3.10.xsd
2026-09-10 10:48:08 | INFO    | PipelineLogger.write | ARQUIVO...............: Xml\Movimento\NFe\Schemas\leiauteNFe_v4.00.xsd
2026-09-10 10:48:08 | INFO    | PipelineLogger.write | ARQUIVO...............: Xml\Movimento\NFe\Schemas\leiauteNFe_v4.00_Homologacao.xsd
2026-09-10 10:48:08 | INFO    | PipelineLogger.write | ARQUIVO...............: Xml\Movimento\NFe\Schemas\leiauteProtLivroCombustivel_v1.00.xsd
2026-09-10 10:48:08 | INFO    | PipelineLogger.write | ARQUIVO...............: Xml\Movimento\NFe\Schemas\leiauteRemIndus_v1.00.xsd
2026-09-10 10:48:08 | INFO    | PipelineLogger.write | ARQUIVO...............: Xml\Movimento\NFe\Schemas\leiauteSRE_v1.00.xsd
2026-09-10 10:48:08 | INFO    | PipelineLogger.write | ARQUIVO...............: Xml\Movimento\NFe\Schemas\leiauteSuframaInternaliza_v1.00.xsd
2026-09-10 10:48:08 | INFO    | PipelineLogger.write | ARQUIVO...............: Xml\Movimento\NFe\Schemas\leiauteSuframaVistoria_v1.00.xsd
2026-09-10 10:48:08 | INFO    | PipelineLogger.write | ARQUIVO...............: Xml\Movimento\NFe\Schemas\livroCombustivel_v1.00.xsd
2026-09-10 10:48:08 | INFO    | PipelineLogger.write | ARQUIVO...............: Xml\Movimento\NFe\Schemas\lmcComum_v1.00.xsd
2026-09-10 10:48:08 | INFO    | PipelineLogger.write | ARQUIVO...............: Xml\Movimento\NFe\Schemas\nfe_v2.00.xsd
2026-09-10 10:48:09 | INFO    | PipelineLogger.write | ARQUIVO...............: Xml\Movimento\NFe\Schemas\nfe_v3.10.xsd
2026-09-10 10:48:09 | INFO    | PipelineLogger.write | ARQUIVO...............: Xml\Movimento\NFe\Schemas\nfe_v4.00.xsd
2026-09-10 10:48:09 | INFO    | PipelineLogger.write | ARQUIVO...............: Xml\Movimento\NFe\Schemas\procAverbNFe_v1.00.xsd
2026-09-10 10:48:09 | INFO    | PipelineLogger.write | ARQUIVO...............: Xml\Movimento\NFe\Schemas\procCancNFe_v2.00.xsd
2026-09-10 10:48:09 | INFO    | PipelineLogger.write | ARQUIVO...............: Xml\Movimento\NFe\Schemas\procCCeNFe_v1.00.xsd
2026-09-10 10:48:09 | INFO    | PipelineLogger.write | ARQUIVO...............: Xml\Movimento\NFe\Schemas\procComprovanteEntregaNFe_v1.00.xsd
2026-09-10 10:48:09 | INFO    | PipelineLogger.write | ARQUIVO...............: Xml\Movimento\NFe\Schemas\procConfRecebtoNFe_v1.00.xsd
2026-09-10 10:48:09 | INFO    | PipelineLogger.write | ARQUIVO...............: Xml\Movimento\NFe\Schemas\procEPEC_v1.00.xsd
2026-09-10 10:48:09 | INFO    | PipelineLogger.write | ARQUIVO...............: Xml\Movimento\NFe\Schemas\procEventoAtorInteressado_v1.00.xsd
2026-09-10 10:48:09 | INFO    | PipelineLogger.write | ARQUIVO...............: Xml\Movimento\NFe\Schemas\procEventoCancEConf_v1.00.xsd
2026-09-10 10:48:09 | INFO    | PipelineLogger.write | ARQUIVO...............: Xml\Movimento\NFe\Schemas\procEventoCancEntregaNFe_v1.00.xsd
2026-09-10 10:48:09 | INFO    | PipelineLogger.write | ARQUIVO...............: Xml\Movimento\NFe\Schemas\procEventoCancInsucessoNFe_v1.00.xsd
2026-09-10 10:48:09 | INFO    | PipelineLogger.write | ARQUIVO...............: Xml\Movimento\NFe\Schemas\procEventoCancNFe_v1.00.xsd
2026-09-10 10:48:09 | INFO    | PipelineLogger.write | ARQUIVO...............: Xml\Movimento\NFe\Schemas\procEventoCancSubst_v1.00.xsd
2026-09-10 10:48:09 | INFO    | PipelineLogger.write | ARQUIVO...............: Xml\Movimento\NFe\Schemas\procEventoEConf_v1.00.xsd
2026-09-10 10:48:10 | INFO    | PipelineLogger.write | ARQUIVO...............: Xml\Movimento\NFe\Schemas\procEventoEntregaNFe_v1.00.xsd
2026-09-10 10:48:10 | INFO    | PipelineLogger.write | ARQUIVO...............: Xml\Movimento\NFe\Schemas\procEventoInsucessoNFe_v1.00.xsd
2026-09-10 10:48:10 | INFO    | PipelineLogger.write | ARQUIVO...............: Xml\Movimento\NFe\Schemas\procEventoNFe_v1.00.xsd
2026-09-10 10:48:10 | INFO    | PipelineLogger.write | ARQUIVO...............: Xml\Movimento\NFe\Schemas\procEventoNFe_v99.99.xsd
2026-09-10 10:48:10 | INFO    | PipelineLogger.write | ARQUIVO...............: Xml\Movimento\NFe\Schemas\procInutNFe_v2.00.xsd
2026-09-10 10:48:10 | INFO    | PipelineLogger.write | ARQUIVO...............: Xml\Movimento\NFe\Schemas\procInutNFe_v3.10.xsd
2026-09-10 10:48:10 | INFO    | PipelineLogger.write | ARQUIVO...............: Xml\Movimento\NFe\Schemas\procInutNFe_v4.00.xsd
2026-09-10 10:48:10 | INFO    | PipelineLogger.write | ARQUIVO...............: Xml\Movimento\NFe\Schemas\procNFe_v2.00.xsd
2026-09-10 10:48:10 | INFO    | PipelineLogger.write | ARQUIVO...............: Xml\Movimento\NFe\Schemas\procNFe_v3.10.xsd
2026-09-10 10:48:10 | INFO    | PipelineLogger.write | ARQUIVO...............: Xml\Movimento\NFe\Schemas\procNFe_v4.00.xsd
2026-09-10 10:48:11 | INFO    | PipelineLogger.write | ARQUIVO...............: Xml\Movimento\NFe\Schemas\procRemIndus_v1.00.xsd
2026-09-10 10:48:11 | INFO    | PipelineLogger.write | ARQUIVO...............: Xml\Movimento\NFe\Schemas\prod_leiauteNFe_v4.00.xsd
2026-09-10 10:48:11 | INFO    | PipelineLogger.write | ARQUIVO...............: Xml\Movimento\NFe\Schemas\resEvento_v1.00.xsd
2026-09-10 10:48:11 | INFO    | PipelineLogger.write | ARQUIVO...............: Xml\Movimento\NFe\Schemas\resEvento_v1.01.xsd
2026-09-10 10:48:11 | INFO    | PipelineLogger.write | ARQUIVO...............: Xml\Movimento\NFe\Schemas\resNFe_v1.00.xsd
2026-09-10 10:48:11 | INFO    | PipelineLogger.write | ARQUIVO...............: Xml\Movimento\NFe\Schemas\resNFe_v1.01.xsd
2026-09-10 10:48:11 | INFO    | PipelineLogger.write | ARQUIVO...............: Xml\Movimento\NFe\Schemas\retAtuCadEmiDFe_v1.01.xsd
2026-09-10 10:48:11 | INFO    | PipelineLogger.write | ARQUIVO...............: Xml\Movimento\NFe\Schemas\retCancNFe_v2.00.xsd
2026-09-10 10:48:11 | INFO    | PipelineLogger.write | ARQUIVO...............: Xml\Movimento\NFe\Schemas\retComprovanteEntregaNFe_v1.00.xsd
2026-09-10 10:48:11 | INFO    | PipelineLogger.write | ARQUIVO...............: Xml\Movimento\NFe\Schemas\retConsCad_v2.00.xsd
2026-09-10 10:48:11 | INFO    | PipelineLogger.write | ARQUIVO...............: Xml\Movimento\NFe\Schemas\retConsDPEC_v1.01.xsd
2026-09-10 10:48:12 | INFO    | PipelineLogger.write | ARQUIVO...............: Xml\Movimento\NFe\Schemas\retConsGTIN_v1.00.xsd
2026-09-10 10:48:12 | INFO    | PipelineLogger.write | ARQUIVO...............: Xml\Movimento\NFe\Schemas\retconsNFeDest_v1.01.xsd
2026-09-10 10:48:12 | INFO    | PipelineLogger.write | ARQUIVO...............: Xml\Movimento\NFe\Schemas\retConsReciNFe_v2.00.xsd
2026-09-10 10:48:12 | INFO    | PipelineLogger.write | ARQUIVO...............: Xml\Movimento\NFe\Schemas\retConsReciNFe_v3.10.xsd
2026-09-10 10:48:12 | INFO    | PipelineLogger.write | ARQUIVO...............: Xml\Movimento\NFe\Schemas\retConsReciNFe_v4.00.xsd
2026-09-10 10:48:13 | INFO    | PipelineLogger.write | ARQUIVO...............: Xml\Movimento\NFe\Schemas\retConsSitNFe_v2.01.xsd
2026-09-10 10:48:13 | INFO    | PipelineLogger.write | ARQUIVO...............: Xml\Movimento\NFe\Schemas\retConsSitNFe_v3.10.xsd
2026-09-10 10:48:14 | INFO    | PipelineLogger.write | ARQUIVO...............: Xml\Movimento\NFe\Schemas\retConsSitNFe_v4.00.xsd
2026-09-10 10:48:15 | INFO    | PipelineLogger.write | ARQUIVO...............: Xml\Movimento\NFe\Schemas\retConsStatServ_v2.00.xsd
2026-09-10 10:48:15 | INFO    | PipelineLogger.write | ARQUIVO...............: Xml\Movimento\NFe\Schemas\retConsStatServ_v3.10.xsd
2026-09-10 10:48:16 | INFO    | PipelineLogger.write | ARQUIVO...............: Xml\Movimento\NFe\Schemas\retConsStatServ_v4.00.xsd
2026-09-10 10:48:16 | INFO    | PipelineLogger.write | ARQUIVO...............: Xml\Movimento\NFe\Schemas\retDistDFeInt_v1.00.xsd
2026-09-10 10:48:17 | INFO    | PipelineLogger.write | ARQUIVO...............: Xml\Movimento\NFe\Schemas\retDistDFeInt_v1.01.xsd
2026-09-10 10:48:18 | INFO    | PipelineLogger.write | ARQUIVO...............: Xml\Movimento\NFe\Schemas\retDownloadNFe_v1.00.xsd
2026-09-10 10:48:18 | INFO    | PipelineLogger.write | ARQUIVO...............: Xml\Movimento\NFe\Schemas\retDPEC_v1.01.xsd
2026-09-10 10:48:19 | INFO    | PipelineLogger.write | ARQUIVO...............: Xml\Movimento\NFe\Schemas\retEnvAverb_v1.00.xsd
2026-09-10 10:48:19 | INFO    | PipelineLogger.write | ARQUIVO...............: Xml\Movimento\NFe\Schemas\retEnvCancelPProrrogNFe_v1.0.xsd
2026-09-10 10:48:21 | INFO    | PipelineLogger.write | ARQUIVO...............: Xml\Movimento\NFe\Schemas\retEnvCCe_v1.00.xsd
2026-09-10 10:48:21 | INFO    | PipelineLogger.write | ARQUIVO...............: Xml\Movimento\NFe\Schemas\retEnvConfRecebto_v1.00.xsd
2026-09-10 10:48:21 | INFO    | PipelineLogger.write | ARQUIVO...............: Xml\Movimento\NFe\Schemas\retEnvEPEC_v1.00.xsd
2026-09-10 10:48:22 | INFO    | PipelineLogger.write | ARQUIVO...............: Xml\Movimento\NFe\Schemas\retEnvEvento_v1.00.xsd
2026-09-10 10:48:23 | INFO    | PipelineLogger.write | ARQUIVO...............: Xml\Movimento\NFe\Schemas\retEnvEventoAtorInteressado_v1.00.xsd
2026-09-10 10:48:23 | INFO    | PipelineLogger.write | ARQUIVO...............: Xml\Movimento\NFe\Schemas\retEnvEventoCancNFe_v1.00.xsd
2026-09-10 10:48:23 | INFO    | PipelineLogger.write | ARQUIVO...............: Xml\Movimento\NFe\Schemas\retEnvEventoCancSubst_v1.00.xsd
2026-09-10 10:48:23 | INFO    | PipelineLogger.write | ARQUIVO...............: Xml\Movimento\NFe\Schemas\retEnvFiscoNFe_v1.0.xsd
2026-09-10 10:48:23 | INFO    | PipelineLogger.write | ARQUIVO...............: Xml\Movimento\NFe\Schemas\retEnviNFe_v2.00.xsd
2026-09-10 10:48:23 | INFO    | PipelineLogger.write | ARQUIVO...............: Xml\Movimento\NFe\Schemas\retEnviNFe_v3.10.xsd
2026-09-10 10:48:24 | INFO    | PipelineLogger.write | ARQUIVO...............: Xml\Movimento\NFe\Schemas\retEnviNFe_v4.00.xsd
2026-09-10 10:48:24 | INFO    | PipelineLogger.write | ARQUIVO...............: Xml\Movimento\NFe\Schemas\retEnvRemIndus_v1.00.xsd
2026-09-10 10:48:24 | INFO    | PipelineLogger.write | ARQUIVO...............: Xml\Movimento\NFe\Schemas\retEnvSuframaInternaliza_v1.00.xsd
2026-09-10 10:48:24 | INFO    | PipelineLogger.write | ARQUIVO...............: Xml\Movimento\NFe\Schemas\retEnvSuframaVistoria_v1.00.xsd
2026-09-10 10:48:24 | INFO    | PipelineLogger.write | ARQUIVO...............: Xml\Movimento\NFe\Schemas\retEventoCancEConf_v1.00.xsd
2026-09-10 10:48:24 | INFO    | PipelineLogger.write | ARQUIVO...............: Xml\Movimento\NFe\Schemas\retEventoCancEntregaNFe_v1.00.xsd
2026-09-10 10:48:24 | INFO    | PipelineLogger.write | ARQUIVO...............: Xml\Movimento\NFe\Schemas\retEventoCancInsucessoNFe_v1.00.xsd
2026-09-10 10:48:24 | INFO    | PipelineLogger.write | ARQUIVO...............: Xml\Movimento\NFe\Schemas\retEventoEConf_v1.00.xsd
2026-09-10 10:48:24 | INFO    | PipelineLogger.write | ARQUIVO...............: Xml\Movimento\NFe\Schemas\retEventoEntregaNFe_v1.00.xsd
2026-09-10 10:48:24 | INFO    | PipelineLogger.write | ARQUIVO...............: Xml\Movimento\NFe\Schemas\retEventoEPEC_v0.01.xsd
2026-09-10 10:48:24 | INFO    | PipelineLogger.write | ARQUIVO...............: Xml\Movimento\NFe\Schemas\retEventoInsucessoNFe_v1.00.xsd
2026-09-10 10:48:24 | INFO    | PipelineLogger.write | ARQUIVO...............: Xml\Movimento\NFe\Schemas\retInutNFe_v2.00.xsd
2026-09-10 10:48:25 | INFO    | PipelineLogger.write | ARQUIVO...............: Xml\Movimento\NFe\Schemas\retInutNFe_v3.10.xsd
2026-09-10 10:48:25 | INFO    | PipelineLogger.write | ARQUIVO...............: Xml\Movimento\NFe\Schemas\retInutNFe_v4.00.xsd
2026-09-10 10:48:25 | INFO    | PipelineLogger.write | ARQUIVO...............: Xml\Movimento\NFe\Schemas\retPProrrogNFe_v1.0.xsd
2026-09-10 10:48:25 | INFO    | PipelineLogger.write | ARQUIVO...............: Xml\Movimento\NFe\Schemas\statusServico_v1.00.xsd
2026-09-10 10:48:25 | INFO    | PipelineLogger.write | ARQUIVO...............: Xml\Movimento\NFe\Schemas\SuframaInternaliza_v1.00.xsd
2026-09-10 10:48:25 | INFO    | PipelineLogger.write | ARQUIVO...............: Xml\Movimento\NFe\Schemas\SuframaVistoria_v1.00.xsd
2026-09-10 10:48:25 | INFO    | PipelineLogger.write | ARQUIVO...............: Xml\Movimento\NFe\Schemas\tiposBasico_v1.00.xsd
2026-09-10 10:48:25 | INFO    | PipelineLogger.write | ARQUIVO...............: Xml\Movimento\NFe\Schemas\tiposBasico_v1.03.xsd
2026-09-10 10:48:25 | INFO    | PipelineLogger.write | ARQUIVO...............: Xml\Movimento\NFe\Schemas\tiposBasico_v1.03_OPENSSL.xsd
2026-09-10 10:48:25 | INFO    | PipelineLogger.write | ARQUIVO...............: Xml\Movimento\NFe\Schemas\tiposBasico_v3.10.xsd
2026-09-10 10:48:25 | INFO    | PipelineLogger.write | ARQUIVO...............: Xml\Movimento\NFe\Schemas\tiposBasico_v3.10_OPENSSL.xsd
2026-09-10 10:48:25 | INFO    | PipelineLogger.write | ARQUIVO...............: Xml\Movimento\NFe\Schemas\tiposBasico_v4.00.xsd
2026-09-10 10:48:25 | INFO    | PipelineLogger.write | ARQUIVO...............: Xml\Movimento\NFe\Schemas\tiposBasicosCcgConsGTIN_v1.00.xsd
2026-09-10 10:48:25 | INFO    | PipelineLogger.write | ARQUIVO...............: Xml\Movimento\NFe\Schemas\tiposDistDFe_v1.00.xsd
2026-09-10 10:48:26 | INFO    | PipelineLogger.write | ARQUIVO...............: Xml\Movimento\NFe\Schemas\tiposDistDFe_v1.01.xsd
2026-09-10 10:48:26 | INFO    | PipelineLogger.write | ARQUIVO...............: Xml\Movimento\NFe\Schemas\xmldsig-core-schema_v1.01.xsd
2026-09-10 10:48:26 | INFO    | PipelineLogger.write | ARQUIVO...............: Xml\Movimento\NFSe\Abaco\1.00\nfse_v2010.xsd
2026-09-10 10:48:26 | INFO    | PipelineLogger.write | ARQUIVO...............: Xml\Movimento\NFSe\Abaco\1.00\xmldsig-core-schema20020212.xsd
2026-09-10 10:48:26 | INFO    | PipelineLogger.write | ARQUIVO...............: Xml\Movimento\NFSe\Abaco\1.01\nfse_v2010.xsd
2026-09-10 10:48:26 | INFO    | PipelineLogger.write | ARQUIVO...............: Xml\Movimento\NFSe\Abaco\1.01\xmldsig-core-schema20020212.xsd
2026-09-10 10:48:26 | INFO    | PipelineLogger.write | ARQUIVO...............: Xml\Movimento\NFSe\Abaco\2.04\nfse.xsd
2026-09-10 10:48:26 | INFO    | PipelineLogger.write | ARQUIVO...............: Xml\Movimento\NFSe\Abaco\2.04\xmldsig-core-schema20020212.xsd
2026-09-10 10:48:26 | INFO    | PipelineLogger.write | ARQUIVO...............: Xml\Movimento\NFSe\Abaco\xmldsig-core-schema20020212.xsd
2026-09-10 10:48:26 | INFO    | PipelineLogger.write | ARQUIVO...............: Xml\Movimento\NFSe\ABase\2.01\nfse.xsd
2026-09-10 10:48:26 | INFO    | PipelineLogger.write | ARQUIVO...............: Xml\Movimento\NFSe\ABase\2.01\xmldsig-core-schema20020212.xsd
2026-09-10 10:48:27 | INFO    | PipelineLogger.write | ARQUIVO...............: Xml\Movimento\NFSe\ABase\xmldsig-core-schema20020212.xsd
2026-09-10 10:48:27 | INFO    | PipelineLogger.write | ARQUIVO...............: Xml\Movimento\NFSe\ABRASF\1.00\nfse.xsd
2026-09-10 10:48:27 | INFO    | PipelineLogger.write | ARQUIVO...............: Xml\Movimento\NFSe\ABRASF\1.00\xmldsig-core-schema20020212.xsd
2026-09-10 10:48:28 | INFO    | PipelineLogger.write | ARQUIVO...............: Xml\Movimento\NFSe\ABRASF\2.00\nfse v200.xsd
2026-09-10 10:48:28 | INFO    | PipelineLogger.write | ARQUIVO...............: Xml\Movimento\NFSe\ABRASF\2.00\xmldsig-core-schema20020212.xsd
2026-09-10 10:48:29 | INFO    | PipelineLogger.write | ARQUIVO...............: Xml\Movimento\NFSe\ABRASF\2.01\nfse v201.xsd
2026-09-10 10:48:29 | INFO    | PipelineLogger.write | ARQUIVO...............: Xml\Movimento\NFSe\ABRASF\2.01\xmldsig-core-schema20020212.xsd
2026-09-10 10:48:29 | INFO    | PipelineLogger.write | ARQUIVO...............: Xml\Movimento\NFSe\ABRASF\2.02\nfse v202.xsd
2026-09-10 10:48:29 | INFO    | PipelineLogger.write | ARQUIVO...............: Xml\Movimento\NFSe\ABRASF\2.02\xmldsig-core-schema20020212.xsd
2026-09-10 10:48:29 | INFO    | PipelineLogger.write | ARQUIVO...............: Xml\Movimento\NFSe\ABRASF\2.03\nfse_v203.xsd
2026-09-10 10:48:29 | INFO    | PipelineLogger.write | ARQUIVO...............: Xml\Movimento\NFSe\ABRASF\2.03\xmldsig-core-schema20020212.xsd
2026-09-10 10:48:30 | INFO    | PipelineLogger.write | ARQUIVO...............: Xml\Movimento\NFSe\ABRASF\2.04\nfse_v204.xsd
2026-09-10 10:48:30 | INFO    | PipelineLogger.write | ARQUIVO...............: Xml\Movimento\NFSe\ABRASF\2.04\xmldsig-core-schema20020212.xsd
2026-09-10 10:48:30 | INFO    | PipelineLogger.write | ARQUIVO...............: Xml\Movimento\NFSe\Betha\1.00\servico_cancelar_nfse_envio_v01.xsd
2026-09-10 10:48:30 | INFO    | PipelineLogger.write | ARQUIVO...............: Xml\Movimento\NFSe\Betha\1.00\servico_cancelar_nfse_resposta_v01.xsd
2026-09-10 10:48:30 | INFO    | PipelineLogger.write | ARQUIVO...............: Xml\Movimento\NFSe\Betha\1.00\servico_consultar_lote_rps_envio_v01.xsd
2026-09-10 10:48:30 | INFO    | PipelineLogger.write | ARQUIVO...............: Xml\Movimento\NFSe\Betha\1.00\servico_consultar_lote_rps_resposta_v01.xsd
2026-09-10 10:48:30 | INFO    | PipelineLogger.write | ARQUIVO...............: Xml\Movimento\NFSe\Betha\1.00\servico_consultar_nfse_envio_v01.xsd
2026-09-10 10:48:31 | INFO    | PipelineLogger.write | ARQUIVO...............: Xml\Movimento\NFSe\Betha\1.00\servico_consultar_nfse_resposta_v01.xsd
2026-09-10 10:48:31 | INFO    | PipelineLogger.write | ARQUIVO...............: Xml\Movimento\NFSe\Betha\1.00\servico_consultar_nfse_rps_envio_v01.xsd
2026-09-10 10:48:32 | INFO    | PipelineLogger.write | ARQUIVO...............: Xml\Movimento\NFSe\Betha\1.00\servico_consultar_nfse_rps_resposta_v01.xsd
2026-09-10 10:48:32 | INFO    | PipelineLogger.write | ARQUIVO...............: Xml\Movimento\NFSe\Betha\1.00\servico_consultar_situacao_lote_rps_envio_v01.xsd
2026-09-10 10:48:32 | INFO    | PipelineLogger.write | ARQUIVO...............: Xml\Movimento\NFSe\Betha\1.00\servico_consultar_situacao_lote_rps_resposta_v01.xsd
2026-09-10 10:48:33 | INFO    | PipelineLogger.write | ARQUIVO...............: Xml\Movimento\NFSe\Betha\1.00\servico_enviar_lote_rps_envio_v01.xsd
2026-09-10 10:48:33 | INFO    | PipelineLogger.write | ARQUIVO...............: Xml\Movimento\NFSe\Betha\1.00\servico_enviar_lote_rps_resposta_v01.xsd
2026-09-10 10:48:34 | INFO    | PipelineLogger.write | ARQUIVO...............: Xml\Movimento\NFSe\Betha\1.00\TiposNFe_v01.xsd
2026-09-10 10:48:34 | INFO    | PipelineLogger.write | ARQUIVO...............: Xml\Movimento\NFSe\Betha\1.00\xmldsig-core-schema_v01.xsd
2026-09-10 10:48:35 | INFO    | PipelineLogger.write | ARQUIVO...............: Xml\Movimento\NFSe\Betha\2.02\nfse_v202.xsd
2026-09-10 10:48:36 | INFO    | PipelineLogger.write | ARQUIVO...............: Xml\Movimento\NFSe\Betha\2.02\xmldsig-core-schema20020212.xsd
2026-09-10 10:48:36 | INFO    | PipelineLogger.write | ARQUIVO...............: Xml\Movimento\NFSe\BHISS\xmldsig-core-schema20020212.xsd
2026-09-10 10:48:37 | INFO    | PipelineLogger.write | ARQUIVO...............: Xml\Movimento\NFSe\Citta\2.03\nfse.xsd
2026-09-10 10:48:38 | INFO    | PipelineLogger.write | ARQUIVO...............: Xml\Movimento\NFSe\Citta\2.03\xmldsig-core-schema20020212.xsd
2026-09-10 10:48:38 | INFO    | PipelineLogger.write | ARQUIVO...............: Xml\Movimento\NFSe\Conam\1.00\Informacao.txt
2026-09-10 10:48:38 | INFO    | PipelineLogger.write | ARQUIVO...............: Xml\Movimento\NFSe\Coplan\2.01\nfse.xsd
2026-09-10 10:48:39 | INFO    | PipelineLogger.write | ARQUIVO...............: Xml\Movimento\NFSe\Coplan\2.01\xmldsig-core-schema20020212.xsd
2026-09-10 10:48:39 | INFO    | PipelineLogger.write | ARQUIVO...............: Xml\Movimento\NFSe\DBSeller\1.00\nfse.xsd
2026-09-10 10:48:40 | INFO    | PipelineLogger.write | ARQUIVO...............: Xml\Movimento\NFSe\DBSeller\1.00\xmldsig-core-schema_v01.xsd
2026-09-10 10:48:40 | INFO    | PipelineLogger.write | ARQUIVO...............: Xml\Movimento\NFSe\DBSeller\2.04\nfse.xsd
2026-09-10 10:48:40 | INFO    | PipelineLogger.write | ARQUIVO...............: Xml\Movimento\NFSe\DBSeller\2.04\xmldsig-core-schema20020212.xsd
2026-09-10 10:48:40 | INFO    | PipelineLogger.write | ARQUIVO...............: Xml\Movimento\NFSe\DSF\1.00\nfse.xsd
2026-09-10 10:48:40 | INFO    | PipelineLogger.write | ARQUIVO...............: Xml\Movimento\NFSe\DSF\1.00\xmldsig-core-schema20020212.xsd
2026-09-10 10:48:40 | INFO    | PipelineLogger.write | ARQUIVO...............: Xml\Movimento\NFSe\DSF\2.00\nfse.xsd
2026-09-10 10:48:40 | INFO    | PipelineLogger.write | ARQUIVO...............: Xml\Movimento\NFSe\DSF\2.00\xmldsig-core-schema20020212.xsd
2026-09-10 10:48:40 | INFO    | PipelineLogger.write | ARQUIVO...............: Xml\Movimento\NFSe\DSF\2.03\nfse.xsd
2026-09-10 10:48:40 | INFO    | PipelineLogger.write | ARQUIVO...............: Xml\Movimento\NFSe\DSF\2.03\xmldsig-core-schema20020212.xsd
2026-09-10 10:48:40 | INFO    | PipelineLogger.write | ARQUIVO...............: Xml\Movimento\NFSe\Equiplano\1.00\esCancelarNfseEnvio_v01.xsd
2026-09-10 10:48:40 | INFO    | PipelineLogger.write | ARQUIVO...............: Xml\Movimento\NFSe\Equiplano\1.00\esCancelarNfseResposta_v01.xsd
2026-09-10 10:48:41 | INFO    | PipelineLogger.write | ARQUIVO...............: Xml\Movimento\NFSe\Equiplano\1.00\esConsultarLoteRpsEnvio_v01.xsd
2026-09-10 10:48:41 | INFO    | PipelineLogger.write | ARQUIVO...............: Xml\Movimento\NFSe\Equiplano\1.00\esConsultarLoteRpsResposta_v01.xsd
2026-09-10 10:48:41 | INFO    | PipelineLogger.write | ARQUIVO...............: Xml\Movimento\NFSe\Equiplano\1.00\esConsultarNfseEnvio_v01.xsd
2026-09-10 10:48:41 | INFO    | PipelineLogger.write | ARQUIVO...............: Xml\Movimento\NFSe\Equiplano\1.00\esConsultarNfsePorRpsEnvio_v01.xsd
2026-09-10 10:48:42 | INFO    | PipelineLogger.write | ARQUIVO...............: Xml\Movimento\NFSe\Equiplano\1.00\esConsultarNfsePorRpsResposta_v01.xsd
2026-09-10 10:48:42 | INFO    | PipelineLogger.write | ARQUIVO...............: Xml\Movimento\NFSe\Equiplano\1.00\esConsultarNfseResposta_v01.xsd
2026-09-10 10:48:43 | INFO    | PipelineLogger.write | ARQUIVO...............: Xml\Movimento\NFSe\Equiplano\1.00\esConsultarSituacaoLoteRpsEnvio_v01.xsd
2026-09-10 10:48:44 | INFO    | PipelineLogger.write | ARQUIVO...............: Xml\Movimento\NFSe\Equiplano\1.00\esConsultarSituacaoLoteRpsResposta_v01.xsd
2026-09-10 10:48:44 | INFO    | PipelineLogger.write | ARQUIVO...............: Xml\Movimento\NFSe\Equiplano\1.00\esRecepcionarLoteRpsEnvio_v01.xsd
2026-09-10 10:48:44 | INFO    | PipelineLogger.write | ARQUIVO...............: Xml\Movimento\NFSe\Equiplano\1.00\esRecepcionarLoteRpsResposta_v01.xsd
2026-09-10 10:48:45 | INFO    | PipelineLogger.write | ARQUIVO...............: Xml\Movimento\NFSe\Equiplano\1.00\TiposEsnfs_v01.xsd
2026-09-10 10:48:45 | INFO    | PipelineLogger.write | ARQUIVO...............: Xml\Movimento\NFSe\Equiplano\1.00\xmldsig-core-schema_v01.xsd
2026-09-10 10:48:45 | INFO    | PipelineLogger.write | ARQUIVO...............: Xml\Movimento\NFSe\Fiorilli\2.00\nfse.xsd
2026-09-10 10:48:46 | INFO    | PipelineLogger.write | ARQUIVO...............: Xml\Movimento\NFSe\Fiorilli\2.00\xmldsig-core-schema20020212.xsd
2026-09-10 10:48:46 | INFO    | PipelineLogger.write | ARQUIVO...............: Xml\Movimento\NFSe\Fiorilli\2.01\nfse.xsd
2026-09-10 10:48:47 | INFO    | PipelineLogger.write | ARQUIVO...............: Xml\Movimento\NFSe\Fiorilli\2.01\xmldsig-core-schema20020212.xsd
2026-09-10 10:48:47 | INFO    | PipelineLogger.write | ARQUIVO...............: Xml\Movimento\NFSe\Fisco\2.03\nfse.xsd
2026-09-10 10:48:48 | INFO    | PipelineLogger.write | ARQUIVO...............: Xml\Movimento\NFSe\Fisco\2.03\xmldsig-core-schema20020212.xsd
2026-09-10 10:48:48 | INFO    | PipelineLogger.write | ARQUIVO...............: Xml\Movimento\NFSe\FissLex\1.00\nfse.xsd
2026-09-10 10:48:48 | INFO    | PipelineLogger.write | ARQUIVO...............: Xml\Movimento\NFSe\FissLex\1.00\xmldsig-core-schema20020212.xsd
2026-09-10 10:48:49 | INFO    | PipelineLogger.write | ARQUIVO...............: Xml\Movimento\NFSe\Ginfes\1.00\cabecalho_v03.xsd
2026-09-10 10:48:49 | INFO    | PipelineLogger.write | ARQUIVO...............: Xml\Movimento\NFSe\Ginfes\1.00\servico_cancelar_nfse_envio_v02.xsd
2026-09-10 10:48:50 | INFO    | PipelineLogger.write | ARQUIVO...............: Xml\Movimento\NFSe\Ginfes\1.00\servico_cancelar_nfse_envio_v03.xsd
2026-09-10 10:48:50 | INFO    | PipelineLogger.write | ARQUIVO...............: Xml\Movimento\NFSe\Ginfes\1.00\servico_cancelar_nfse_resposta_v03.xsd
2026-09-10 10:48:50 | INFO    | PipelineLogger.write | ARQUIVO...............: Xml\Movimento\NFSe\Ginfes\1.00\servico_consultar_lote_rps_envio_v02.xsd
2026-09-10 10:48:51 | INFO    | PipelineLogger.write | ARQUIVO...............: Xml\Movimento\NFSe\Ginfes\1.00\servico_consultar_lote_rps_envio_v03.xsd
2026-09-10 10:48:52 | INFO    | PipelineLogger.write | ARQUIVO...............: Xml\Movimento\NFSe\Ginfes\1.00\servico_consultar_lote_rps_resposta_v03.xsd
2026-09-10 10:48:52 | INFO    | PipelineLogger.write | ARQUIVO...............: Xml\Movimento\NFSe\Ginfes\1.00\servico_consultar_nfse_envio_v02.xsd
2026-09-10 10:48:52 | INFO    | PipelineLogger.write | ARQUIVO...............: Xml\Movimento\NFSe\Ginfes\1.00\servico_consultar_nfse_envio_v03.xsd
2026-09-10 10:48:53 | INFO    | PipelineLogger.write | ARQUIVO...............: Xml\Movimento\NFSe\Ginfes\1.00\servico_consultar_nfse_resposta_v03.xsd
2026-09-10 10:48:53 | INFO    | PipelineLogger.write | ARQUIVO...............: Xml\Movimento\NFSe\Ginfes\1.00\servico_consultar_nfse_rps_envio_v02.xsd
2026-09-10 10:48:54 | INFO    | PipelineLogger.write | ARQUIVO...............: Xml\Movimento\NFSe\Ginfes\1.00\servico_consultar_nfse_rps_envio_v03.xsd
2026-09-10 10:48:54 | INFO    | PipelineLogger.write | ARQUIVO...............: Xml\Movimento\NFSe\Ginfes\1.00\servico_consultar_nfse_rps_resposta_v03.xsd
2026-09-10 10:48:54 | INFO    | PipelineLogger.write | ARQUIVO...............: Xml\Movimento\NFSe\Ginfes\1.00\servico_consultar_situacao_lote_rps_envio_v02.xsd
2026-09-10 10:48:54 | INFO    | PipelineLogger.write | ARQUIVO...............: Xml\Movimento\NFSe\Ginfes\1.00\servico_consultar_situacao_lote_rps_envio_v03.xsd
2026-09-10 10:48:54 | INFO    | PipelineLogger.write | ARQUIVO...............: Xml\Movimento\NFSe\Ginfes\1.00\servico_consultar_situacao_lote_rps_resposta_v03.xsd
2026-09-10 10:48:54 | INFO    | PipelineLogger.write | ARQUIVO...............: Xml\Movimento\NFSe\Ginfes\1.00\servico_enviar_lote_rps_envio_v02.xsd
2026-09-10 10:48:54 | INFO    | PipelineLogger.write | ARQUIVO...............: Xml\Movimento\NFSe\Ginfes\1.00\servico_enviar_lote_rps_envio_v03.xsd
2026-09-10 10:48:54 | INFO    | PipelineLogger.write | ARQUIVO...............: Xml\Movimento\NFSe\Ginfes\1.00\servico_enviar_lote_rps_resposta_v03.xsd
2026-09-10 10:48:54 | INFO    | PipelineLogger.write | ARQUIVO...............: Xml\Movimento\NFSe\Ginfes\1.00\tipos_v02.xsd
2026-09-10 10:48:55 | INFO    | PipelineLogger.write | ARQUIVO...............: Xml\Movimento\NFSe\Ginfes\1.00\tipos_v03.xsd
2026-09-10 10:48:55 | INFO    | PipelineLogger.write | ARQUIVO...............: Xml\Movimento\NFSe\Ginfes\1.00\xmldsig-core-schema20020212_v03.xsd
2026-09-10 10:48:56 | INFO    | PipelineLogger.write | ARQUIVO...............: Xml\Movimento\NFSe\Ginfes\1.00\xmldsig-core-schema_v02.xsd
2026-09-10 10:48:56 | INFO    | PipelineLogger.write | ARQUIVO...............: Xml\Movimento\NFSe\IPM\2.04\nfse.xsd
2026-09-10 10:48:57 | INFO    | PipelineLogger.write | ARQUIVO...............: Xml\Movimento\NFSe\IPM\2.04\xmldsig-core-schema20020212.xsd
2026-09-10 10:48:57 | INFO    | PipelineLogger.write | ARQUIVO...............: Xml\Movimento\NFSe\ISSCuritiba\1.00\nfse.xsd
2026-09-10 10:48:58 | INFO    | PipelineLogger.write | ARQUIVO...............: Xml\Movimento\NFSe\ISSCuritiba\1.00\xmldsig-core-schema20020212.xsd
2026-09-10 10:48:58 | INFO    | PipelineLogger.write | ARQUIVO...............: Xml\Movimento\NFSe\ISSDSF\1.00\ConsultaSeqRps.xsd
2026-09-10 10:48:59 | INFO    | PipelineLogger.write | ARQUIVO...............: Xml\Movimento\NFSe\ISSDSF\1.00\ReqCancelamentoNFSe.xsd
2026-09-10 10:48:59 | INFO    | PipelineLogger.write | ARQUIVO...............: Xml\Movimento\NFSe\ISSDSF\1.00\ReqConsultaLote.xsd
2026-09-10 10:48:59 | INFO    | PipelineLogger.write | ARQUIVO...............: Xml\Movimento\NFSe\ISSDSF\1.00\ReqConsultaNFSeRPS.xsd
2026-09-10 10:48:59 | INFO    | PipelineLogger.write | ARQUIVO...............: Xml\Movimento\NFSe\ISSDSF\1.00\ReqConsultaNotas.xsd
2026-09-10 10:48:59 | INFO    | PipelineLogger.write | ARQUIVO...............: Xml\Movimento\NFSe\ISSDSF\1.00\ReqEnvioLoteRPS.xsd
2026-09-10 10:48:59 | INFO    | PipelineLogger.write | ARQUIVO...............: Xml\Movimento\NFSe\ISSDSF\1.00\RetornoCancelamentoNFSe.xsd
2026-09-10 10:49:00 | INFO    | PipelineLogger.write | ARQUIVO...............: Xml\Movimento\NFSe\ISSDSF\1.00\RetornoConsultaLote.xsd
2026-09-10 10:49:01 | INFO    | PipelineLogger.write | ARQUIVO...............: Xml\Movimento\NFSe\ISSDSF\1.00\RetornoConsultaNFSeRPS.xsd
2026-09-10 10:49:01 | INFO    | PipelineLogger.write | ARQUIVO...............: Xml\Movimento\NFSe\ISSDSF\1.00\RetornoConsultaNotas.xsd
2026-09-10 10:49:02 | INFO    | PipelineLogger.write | ARQUIVO...............: Xml\Movimento\NFSe\ISSDSF\1.00\RetornoConsultaSeqRps.xsd
2026-09-10 10:49:02 | INFO    | PipelineLogger.write | ARQUIVO...............: Xml\Movimento\NFSe\ISSDSF\1.00\RetornoEnvioLoteRPS.xsd
2026-09-10 10:49:03 | INFO    | PipelineLogger.write | ARQUIVO...............: Xml\Movimento\NFSe\ISSDSF\1.00\Tipos.xsd
2026-09-10 10:49:03 | INFO    | PipelineLogger.write | ARQUIVO...............: Xml\Movimento\NFSe\ISSDSF\1.00\xmldsig-core-schema_v1.01.xsd
2026-09-10 10:49:04 | INFO    | PipelineLogger.write | ARQUIVO...............: Xml\Movimento\NFSe\ISSDSF\1.01\ConsultaSeqRps.xsd
2026-09-10 10:49:04 | INFO    | PipelineLogger.write | ARQUIVO...............: Xml\Movimento\NFSe\ISSDSF\1.01\ReqCancelamentoNFSe.xsd
2026-09-10 10:49:05 | INFO    | PipelineLogger.write | ARQUIVO...............: Xml\Movimento\NFSe\ISSDSF\1.01\ReqConsultaLote.xsd
2026-09-10 10:49:05 | INFO    | PipelineLogger.write | ARQUIVO...............: Xml\Movimento\NFSe\ISSDSF\1.01\ReqConsultaNFSeRPS.xsd
2026-09-10 10:49:05 | INFO    | PipelineLogger.write | ARQUIVO...............: Xml\Movimento\NFSe\ISSDSF\1.01\ReqConsultaNotas.xsd
2026-09-10 10:49:06 | INFO    | PipelineLogger.write | ARQUIVO...............: Xml\Movimento\NFSe\ISSDSF\1.01\ReqEnvioLoteRPS.xsd
2026-09-10 10:49:06 | INFO    | PipelineLogger.write | ARQUIVO...............: Xml\Movimento\NFSe\ISSDSF\1.01\RetornoCancelamentoNFSe.xsd
2026-09-10 10:49:06 | INFO    | PipelineLogger.write | ARQUIVO...............: Xml\Movimento\NFSe\ISSDSF\1.01\RetornoConsultaLote.xsd
2026-09-10 10:49:06 | INFO    | PipelineLogger.write | ARQUIVO...............: Xml\Movimento\NFSe\ISSDSF\1.01\RetornoConsultaNFSeRPS.xsd
2026-09-10 10:49:06 | INFO    | PipelineLogger.write | ARQUIVO...............: Xml\Movimento\NFSe\ISSDSF\1.01\RetornoConsultaNotas.xsd
2026-09-10 10:49:07 | INFO    | PipelineLogger.write | ARQUIVO...............: Xml\Movimento\NFSe\ISSDSF\1.01\RetornoConsultaSeqRps.xsd
2026-09-10 10:49:07 | INFO    | PipelineLogger.write | ARQUIVO...............: Xml\Movimento\NFSe\ISSDSF\1.01\RetornoEnvioLoteRPS.xsd
2026-09-10 10:49:07 | INFO    | PipelineLogger.write | ARQUIVO...............: Xml\Movimento\NFSe\ISSDSF\1.01\Tipos.xsd
2026-09-10 10:49:07 | INFO    | PipelineLogger.write | ARQUIVO...............: Xml\Movimento\NFSe\ISSDSF\1.01\xmldsig-core-schema_v1.01.xsd
2026-09-10 10:49:07 | INFO    | PipelineLogger.write | ARQUIVO...............: Xml\Movimento\NFSe\ISSNet\1.00\servico_cancelar_nfse_envio.xsd
2026-09-10 10:49:07 | INFO    | PipelineLogger.write | ARQUIVO...............: Xml\Movimento\NFSe\ISSNet\1.00\servico_cancelar_nfse_resposta.xsd
2026-09-10 10:49:07 | INFO    | PipelineLogger.write | ARQUIVO...............: Xml\Movimento\NFSe\ISSNet\1.00\servico_consultar_lote_rps_envio.xsd
2026-09-10 10:49:07 | INFO    | PipelineLogger.write | ARQUIVO...............: Xml\Movimento\NFSe\ISSNet\1.00\servico_consultar_lote_rps_resposta.xsd
2026-09-10 10:49:07 | INFO    | PipelineLogger.write | ARQUIVO...............: Xml\Movimento\NFSe\ISSNet\1.00\servico_consultar_nfse_envio.xsd
2026-09-10 10:49:07 | INFO    | PipelineLogger.write | ARQUIVO...............: Xml\Movimento\NFSe\ISSNet\1.00\servico_consultar_nfse_resposta.xsd
2026-09-10 10:49:07 | INFO    | PipelineLogger.write | ARQUIVO...............: Xml\Movimento\NFSe\ISSNet\1.00\servico_consultar_nfse_rps_envio.xsd
2026-09-10 10:49:07 | INFO    | PipelineLogger.write | ARQUIVO...............: Xml\Movimento\NFSe\ISSNet\1.00\servico_consultar_nfse_rps_resposta.xsd
2026-09-10 10:49:07 | INFO    | PipelineLogger.write | ARQUIVO...............: Xml\Movimento\NFSe\ISSNet\1.00\servico_consultar_situacao_lote_rps_envio.xsd
2026-09-10 10:49:07 | INFO    | PipelineLogger.write | ARQUIVO...............: Xml\Movimento\NFSe\ISSNet\1.00\servico_consultar_situacao_lote_rps_resposta.xsd
2026-09-10 10:49:08 | INFO    | PipelineLogger.write | ARQUIVO...............: Xml\Movimento\NFSe\ISSNet\1.00\servico_consultar_url_visualizacao_nfse_envio.xsd
2026-09-10 10:49:08 | INFO    | PipelineLogger.write | ARQUIVO...............: Xml\Movimento\NFSe\ISSNet\1.00\servico_consultar_url_visualizacao_nfse_resposta.xsd
2026-09-10 10:49:08 | INFO    | PipelineLogger.write | ARQUIVO...............: Xml\Movimento\NFSe\ISSNet\1.00\servico_consultar_url_visualizacao_nfse_serie_envio.xsd
2026-09-10 10:49:08 | INFO    | PipelineLogger.write | ARQUIVO...............: Xml\Movimento\NFSe\ISSNet\1.00\servico_consultar_url_visualizacao_nfse_serie_resposta.xsd
2026-09-10 10:49:08 | INFO    | PipelineLogger.write | ARQUIVO...............: Xml\Movimento\NFSe\ISSNet\1.00\servico_enviar_lote_rps_envio.xsd
2026-09-10 10:49:08 | INFO    | PipelineLogger.write | ARQUIVO...............: Xml\Movimento\NFSe\ISSNet\1.00\servico_enviar_lote_rps_resposta.xsd
2026-09-10 10:49:08 | INFO    | PipelineLogger.write | ARQUIVO...............: Xml\Movimento\NFSe\ISSNet\1.00\tipos_complexos.xsd
2026-09-10 10:49:08 | INFO    | PipelineLogger.write | ARQUIVO...............: Xml\Movimento\NFSe\ISSNet\1.00\tipos_simples.xsd
2026-09-10 10:49:08 | INFO    | PipelineLogger.write | ARQUIVO...............: Xml\Movimento\NFSe\ISSNet\1.00\xmldsig-core-schema20020212.xsd
2026-09-10 10:49:08 | INFO    | PipelineLogger.write | ARQUIVO...............: Xml\Movimento\NFSe\ISSNet\2.04\nfse.xsd
2026-09-10 10:49:08 | INFO    | PipelineLogger.write | ARQUIVO...............: Xml\Movimento\NFSe\ISSNet\2.04\xmldsig-core-schema20020212.xsd
2026-09-10 10:49:08 | INFO    | PipelineLogger.write | ================================================================================
2026-09-10 10:49:11 | INFO    | PipelineLogger.write | SETUP DIAGNOSTICO - CLEANUP
2026-09-10 10:49:11 | INFO    | PipelineLogger.write | Arquivos analisados.....: 729
2026-09-10 10:49:11 | INFO    | PipelineLogger.write | Arquivos removidos......: 657
2026-09-10 10:49:11 | INFO    | PipelineLogger.write | Arquivos preservados....: 72
2026-09-10 10:49:11 | INFO    | PipelineLogger.write | Diretorios analisados...: 75
2026-09-10 10:49:11 | INFO    | PipelineLogger.write | Diretorios removidos....: 71
2026-09-10 10:49:11 | INFO    | PipelineLogger.write | Diretorios preservados..: 4
2026-09-10 10:49:11 | INFO    | PipelineLogger.write | CLEANUP REMOVE..........: C:\Setups\.work\linkpagamento\Release\BouncyCastle.Crypto.xml
2026-09-10 10:49:11 | INFO    | PipelineLogger.write | CLEANUP REMOVE..........: C:\Setups\.work\linkpagamento\Release\BouncyCastle.Cryptography.xml
2026-09-10 10:49:11 | INFO    | PipelineLogger.write | CLEANUP REMOVE..........: C:\Setups\.work\linkpagamento\Release\connectionStrings.config
2026-09-10 10:49:12 | INFO    | PipelineLogger.write | CLEANUP REMOVE..........: C:\Setups\.work\linkpagamento\Release\custom.configuration.server.config
2026-09-10 10:49:12 | INFO    | PipelineLogger.write | CLEANUP REMOVE..........: C:\Setups\.work\linkpagamento\Release\Custom.Framework.Entities.xml
2026-09-10 10:49:12 | INFO    | PipelineLogger.write | CLEANUP REMOVE..........: C:\Setups\.work\linkpagamento\Release\Custom.Framework.Services.xml
2026-09-10 10:49:12 | INFO    | PipelineLogger.write | CLEANUP REMOVE..........: C:\Setups\.work\linkpagamento\Release\Custom.Framework.xml
2026-09-10 10:49:12 | INFO    | PipelineLogger.write | CLEANUP REMOVE..........: C:\Setups\.work\linkpagamento\Release\DevExpress.Charts.v23.2.Core.xml
2026-09-10 10:49:12 | INFO    | PipelineLogger.write | CLEANUP REMOVE..........: C:\Setups\.work\linkpagamento\Release\DevExpress.Data.Desktop.v23.2.xml
2026-09-10 10:49:13 | INFO    | PipelineLogger.write | CLEANUP REMOVE..........: C:\Setups\.work\linkpagamento\Release\DevExpress.Data.v23.2.xml
2026-09-10 10:49:13 | INFO    | PipelineLogger.write | CLEANUP REMOVE..........: C:\Setups\.work\linkpagamento\Release\DevExpress.DataAccess.v23.2.xml
2026-09-10 10:49:14 | INFO    | PipelineLogger.write | CLEANUP REMOVE..........: C:\Setups\.work\linkpagamento\Release\DevExpress.Drawing.v23.2.xml
2026-09-10 10:49:14 | INFO    | PipelineLogger.write | CLEANUP REMOVE..........: C:\Setups\.work\linkpagamento\Release\DevExpress.Office.v23.2.Core.xml
2026-09-10 10:49:15 | INFO    | PipelineLogger.write | CLEANUP REMOVE..........: C:\Setups\.work\linkpagamento\Release\DevExpress.Pdf.v23.2.Core.xml
2026-09-10 10:49:15 | INFO    | PipelineLogger.write | CLEANUP REMOVE..........: C:\Setups\.work\linkpagamento\Release\DevExpress.Pdf.v23.2.Drawing.xml
2026-09-10 10:49:16 | INFO    | PipelineLogger.write | CLEANUP REMOVE..........: C:\Setups\.work\linkpagamento\Release\DevExpress.PivotGrid.v23.2.Core.xml
2026-09-10 10:49:16 | INFO    | PipelineLogger.write | CLEANUP REMOVE..........: C:\Setups\.work\linkpagamento\Release\DevExpress.Printing.v23.2.Core.xml
2026-09-10 10:49:17 | INFO    | PipelineLogger.write | CLEANUP REMOVE..........: C:\Setups\.work\linkpagamento\Release\DevExpress.RichEdit.v23.2.Core.xml
2026-09-10 10:49:17 | INFO    | PipelineLogger.write | CLEANUP REMOVE..........: C:\Setups\.work\linkpagamento\Release\DevExpress.Sparkline.v23.2.Core.xml
2026-09-10 10:49:17 | INFO    | PipelineLogger.write | CLEANUP REMOVE..........: C:\Setups\.work\linkpagamento\Release\DevExpress.Utils.v23.2.xml
2026-09-10 10:49:17 | INFO    | PipelineLogger.write | CLEANUP REMOVE..........: C:\Setups\.work\linkpagamento\Release\DevExpress.Xpo.v23.2.xml
2026-09-10 10:49:17 | INFO    | PipelineLogger.write | CLEANUP REMOVE..........: C:\Setups\.work\linkpagamento\Release\DevExpress.XtraBars.v23.2.xml
2026-09-10 10:49:17 | INFO    | PipelineLogger.write | CLEANUP REMOVE..........: C:\Setups\.work\linkpagamento\Release\DevExpress.XtraCharts.v23.2.xml
2026-09-10 10:49:17 | INFO    | PipelineLogger.write | CLEANUP REMOVE..........: C:\Setups\.work\linkpagamento\Release\DevExpress.XtraDialogs.v23.2.xml
2026-09-10 10:49:17 | INFO    | PipelineLogger.write | CLEANUP REMOVE..........: C:\Setups\.work\linkpagamento\Release\DevExpress.XtraEditors.v23.2.xml
2026-09-10 10:49:18 | INFO    | PipelineLogger.write | CLEANUP REMOVE..........: C:\Setups\.work\linkpagamento\Release\DevExpress.XtraGauges.v23.2.Core.xml
2026-09-10 10:49:18 | INFO    | PipelineLogger.write | CLEANUP REMOVE..........: C:\Setups\.work\linkpagamento\Release\DevExpress.XtraGrid.v23.2.xml
2026-09-10 10:49:19 | INFO    | PipelineLogger.write | CLEANUP REMOVE..........: C:\Setups\.work\linkpagamento\Release\DevExpress.XtraLayout.v23.2.xml
2026-09-10 10:49:19 | INFO    | PipelineLogger.write | CLEANUP REMOVE..........: C:\Setups\.work\linkpagamento\Release\DevExpress.XtraPrinting.v23.2.xml
2026-09-10 10:49:19 | INFO    | PipelineLogger.write | CLEANUP REMOVE..........: C:\Setups\.work\linkpagamento\Release\DevExpress.XtraReports.v23.2.xml
2026-09-10 10:49:20 | INFO    | PipelineLogger.write | CLEANUP REMOVE..........: C:\Setups\.work\linkpagamento\Release\DevExpress.XtraTreeList.v23.2.xml
2026-09-10 10:49:20 | INFO    | PipelineLogger.write | CLEANUP REMOVE..........: C:\Setups\.work\linkpagamento\Release\MailKit.dll.config
2026-09-10 10:49:20 | INFO    | PipelineLogger.write | CLEANUP REMOVE..........: C:\Setups\.work\linkpagamento\Release\MailKit.pdb
2026-09-10 10:49:21 | INFO    | PipelineLogger.write | CLEANUP REMOVE..........: C:\Setups\.work\linkpagamento\Release\MailKit.xml
2026-09-10 10:49:21 | INFO    | PipelineLogger.write | CLEANUP REMOVE..........: C:\Setups\.work\linkpagamento\Release\Microsoft.Extensions.Logging.Abstractions.xml
2026-09-10 10:49:22 | INFO    | PipelineLogger.write | CLEANUP REMOVE..........: C:\Setups\.work\linkpagamento\Release\MimeKit.pdb
2026-09-10 10:49:22 | INFO    | PipelineLogger.write | CLEANUP REMOVE..........: C:\Setups\.work\linkpagamento\Release\MimeKit.xml
2026-09-10 10:49:22 | INFO    | PipelineLogger.write | CLEANUP REMOVE..........: C:\Setups\.work\linkpagamento\Release\Newtonsoft.Json.xml
2026-09-10 10:49:23 | INFO    | PipelineLogger.write | CLEANUP REMOVE..........: C:\Setups\.work\linkpagamento\Release\NPOI.OOXML.pdb
2026-09-10 10:49:23 | INFO    | PipelineLogger.write | CLEANUP REMOVE..........: C:\Setups\.work\linkpagamento\Release\NPOI.OOXML.xml
2026-09-10 10:49:24 | INFO    | PipelineLogger.write | CLEANUP REMOVE..........: C:\Setups\.work\linkpagamento\Release\NPOI.OpenXml4Net.pdb
2026-09-10 10:49:25 | INFO    | PipelineLogger.write | CLEANUP REMOVE..........: C:\Setups\.work\linkpagamento\Release\NPOI.OpenXml4Net.xml
2026-09-10 10:49:25 | INFO    | PipelineLogger.write | CLEANUP REMOVE..........: C:\Setups\.work\linkpagamento\Release\NPOI.OpenXmlFormats.pdb
2026-09-10 10:49:26 | INFO    | PipelineLogger.write | CLEANUP REMOVE..........: C:\Setups\.work\linkpagamento\Release\NPOI.pdb
2026-09-10 10:49:26 | INFO    | PipelineLogger.write | CLEANUP REMOVE..........: C:\Setups\.work\linkpagamento\Release\NPOI.xml
2026-09-10 10:49:26 | INFO    | PipelineLogger.write | CLEANUP REMOVE..........: C:\Setups\.work\linkpagamento\Release\OuroNet.Client.WinService.Business.dll.config
2026-09-10 10:49:26 | INFO    | PipelineLogger.write | CLEANUP REMOVE..........: C:\Setups\.work\linkpagamento\Release\OuroNet.Client.WinService.Business.pdb
2026-09-10 10:49:26 | INFO    | PipelineLogger.write | CLEANUP REMOVE..........: C:\Setups\.work\linkpagamento\Release\OuroNet.Server.Common.dll.config
2026-09-10 10:49:26 | INFO    | PipelineLogger.write | CLEANUP REMOVE..........: C:\Setups\.work\linkpagamento\Release\OuroNet.Server.Common.pdb
2026-09-10 10:49:26 | INFO    | PipelineLogger.write | CLEANUP REMOVE..........: C:\Setups\.work\linkpagamento\Release\OuroNet.Server.Entities.dll.config
2026-09-10 10:49:26 | INFO    | PipelineLogger.write | CLEANUP REMOVE..........: C:\Setups\.work\linkpagamento\Release\OuroNet.Server.Entities.pdb
2026-09-10 10:49:26 | INFO    | PipelineLogger.write | CLEANUP REMOVE..........: C:\Setups\.work\linkpagamento\Release\OuroNet.Server.ServiceInterfaces.dll.config
2026-09-10 10:49:26 | INFO    | PipelineLogger.write | CLEANUP REMOVE..........: C:\Setups\.work\linkpagamento\Release\OuroNet.Server.ServiceInterfaces.pdb
2026-09-10 10:49:26 | INFO    | PipelineLogger.write | CLEANUP REMOVE..........: C:\Setups\.work\linkpagamento\Release\OuroNetWinServiceLinkPagamento.application
2026-09-10 10:49:26 | INFO    | PipelineLogger.write | CLEANUP REMOVE..........: C:\Setups\.work\linkpagamento\Release\OuroNetWinServiceLinkPagamento.exe.manifest
2026-09-10 10:49:27 | INFO    | PipelineLogger.write | CLEANUP REMOVE..........: C:\Setups\.work\linkpagamento\Release\OuroNetWinServiceLinkPagamento.pdb
2026-09-10 10:49:27 | INFO    | PipelineLogger.write | CLEANUP REMOVE..........: C:\Setups\.work\linkpagamento\Release\protobuf-net.xml
2026-09-10 10:49:28 | INFO    | PipelineLogger.write | CLEANUP REMOVE..........: C:\Setups\.work\linkpagamento\Release\Quartz.xml
2026-09-10 10:49:28 | INFO    | PipelineLogger.write | CLEANUP REMOVE..........: C:\Setups\.work\linkpagamento\Release\System.Diagnostics.DiagnosticSource.xml
2026-09-10 10:49:28 | INFO    | PipelineLogger.write | CLEANUP REMOVE..........: C:\Setups\.work\linkpagamento\Release\System.Formats.Asn1.xml
2026-09-10 10:49:28 | INFO    | PipelineLogger.write | CLEANUP REMOVE..........: C:\Setups\.work\linkpagamento\Release\System.Threading.Tasks.Extensions.xml
2026-09-10 10:49:28 | INFO    | PipelineLogger.write | CLEANUP REMOVE..........: C:\Setups\.work\linkpagamento\Release\app.publish\OuroNetWinServiceLinkPagamento.application
2026-09-10 10:49:28 | INFO    | PipelineLogger.write | CLEANUP REMOVE..........: C:\Setups\.work\linkpagamento\Release\app.publish\setup.exe
2026-09-10 10:49:28 | INFO    | PipelineLogger.write | CLEANUP REMOVE..........: C:\Setups\.work\linkpagamento\Release\arm\libSkiaSharp.so
2026-09-10 10:49:28 | INFO    | PipelineLogger.write | CLEANUP REMOVE..........: C:\Setups\.work\linkpagamento\Release\arm64\libSkiaSharp.so
2026-09-10 10:49:28 | INFO    | PipelineLogger.write | CLEANUP REMOVE..........: C:\Setups\.work\linkpagamento\Release\loongarch64\libSkiaSharp.so
2026-09-10 10:49:28 | INFO    | PipelineLogger.write | CLEANUP REMOVE..........: C:\Setups\.work\linkpagamento\Release\musl-arm\libSkiaSharp.so
2026-09-10 10:49:28 | INFO    | PipelineLogger.write | CLEANUP REMOVE..........: C:\Setups\.work\linkpagamento\Release\musl-arm64\libSkiaSharp.so
2026-09-10 10:49:28 | INFO    | PipelineLogger.write | CLEANUP REMOVE..........: C:\Setups\.work\linkpagamento\Release\musl-loongarch64\libSkiaSharp.so
2026-09-10 10:49:28 | INFO    | PipelineLogger.write | CLEANUP REMOVE..........: C:\Setups\.work\linkpagamento\Release\musl-riscv64\libSkiaSharp.so
2026-09-10 10:49:28 | INFO    | PipelineLogger.write | CLEANUP REMOVE..........: C:\Setups\.work\linkpagamento\Release\musl-x64\libSkiaSharp.so
2026-09-10 10:49:29 | INFO    | PipelineLogger.write | CLEANUP REMOVE..........: C:\Setups\.work\linkpagamento\Release\riscv64\libSkiaSharp.so
2026-09-10 10:49:29 | INFO    | PipelineLogger.write | CLEANUP REMOVE..........: C:\Setups\.work\linkpagamento\Release\x64\libSkiaSharp.so
2026-09-10 10:49:29 | INFO    | PipelineLogger.write | CLEANUP REMOVE..........: C:\Setups\.work\linkpagamento\Release\x86\libSkiaSharp.so
2026-09-10 10:49:30 | INFO    | PipelineLogger.write | CLEANUP REMOVE..........: C:\Setups\.work\linkpagamento\Release\Xml\Movimento\NFSe\Abaco\xmldsig-core-schema20020212.xsd
2026-09-10 10:49:30 | INFO    | PipelineLogger.write | CLEANUP REMOVE..........: C:\Setups\.work\linkpagamento\Release\Xml\Movimento\NFSe\ABase\xmldsig-core-schema20020212.xsd
2026-09-10 10:49:30 | INFO    | PipelineLogger.write | CLEANUP REMOVE..........: C:\Setups\.work\linkpagamento\Release\Xml\Movimento\NFSe\BHISS\xmldsig-core-schema20020212.xsd
2026-09-10 10:49:31 | INFO    | PipelineLogger.write | CLEANUP REMOVE..........: C:\Setups\.work\linkpagamento\Release\Xml\Movimento\NFSe\ISSNet\1.00\servico_cancelar_nfse_envio.xsd
2026-09-10 10:49:31 | INFO    | PipelineLogger.write | CLEANUP REMOVE..........: C:\Setups\.work\linkpagamento\Release\Xml\Movimento\NFSe\ISSNet\1.00\servico_cancelar_nfse_resposta.xsd
2026-09-10 10:49:32 | INFO    | PipelineLogger.write | CLEANUP REMOVE..........: C:\Setups\.work\linkpagamento\Release\Xml\Movimento\NFSe\ISSNet\1.00\servico_consultar_lote_rps_envio.xsd
2026-09-10 10:49:32 | INFO    | PipelineLogger.write | CLEANUP REMOVE..........: C:\Setups\.work\linkpagamento\Release\Xml\Movimento\NFSe\ISSNet\1.00\servico_consultar_lote_rps_resposta.xsd
2026-09-10 10:49:32 | INFO    | PipelineLogger.write | CLEANUP REMOVE..........: C:\Setups\.work\linkpagamento\Release\Xml\Movimento\NFSe\ISSNet\1.00\servico_consultar_nfse_envio.xsd
2026-09-10 10:49:32 | INFO    | PipelineLogger.write | CLEANUP REMOVE..........: C:\Setups\.work\linkpagamento\Release\Xml\Movimento\NFSe\ISSNet\1.00\servico_consultar_nfse_resposta.xsd
2026-09-10 10:49:32 | INFO    | PipelineLogger.write | CLEANUP REMOVE..........: C:\Setups\.work\linkpagamento\Release\Xml\Movimento\NFSe\ISSNet\1.00\servico_consultar_nfse_rps_envio.xsd
2026-09-10 10:49:32 | INFO    | PipelineLogger.write | CLEANUP REMOVE..........: C:\Setups\.work\linkpagamento\Release\Xml\Movimento\NFSe\ISSNet\1.00\servico_consultar_nfse_rps_resposta.xsd
2026-09-10 10:49:32 | INFO    | PipelineLogger.write | CLEANUP REMOVE..........: C:\Setups\.work\linkpagamento\Release\Xml\Movimento\NFSe\ISSNet\1.00\servico_consultar_situacao_lote_rps_envio.xsd
2026-09-10 10:49:32 | INFO    | PipelineLogger.write | CLEANUP REMOVE..........: C:\Setups\.work\linkpagamento\Release\Xml\Movimento\NFSe\ISSNet\1.00\servico_consultar_situacao_lote_rps_resposta.xsd
2026-09-10 10:49:32 | INFO    | PipelineLogger.write | CLEANUP REMOVE..........: C:\Setups\.work\linkpagamento\Release\Xml\Movimento\NFSe\ISSNet\1.00\servico_consultar_url_visualizacao_nfse_envio.xsd
2026-09-10 10:49:32 | INFO    | PipelineLogger.write | CLEANUP REMOVE..........: C:\Setups\.work\linkpagamento\Release\Xml\Movimento\NFSe\ISSNet\1.00\servico_consultar_url_visualizacao_nfse_resposta.xsd
2026-09-10 10:49:33 | INFO    | PipelineLogger.write | CLEANUP REMOVE..........: C:\Setups\.work\linkpagamento\Release\Xml\Movimento\NFSe\ISSNet\1.00\servico_consultar_url_visualizacao_nfse_serie_envio.xsd
2026-09-10 10:49:33 | INFO    | PipelineLogger.write | CLEANUP REMOVE..........: C:\Setups\.work\linkpagamento\Release\Xml\Movimento\NFSe\ISSNet\1.00\servico_consultar_url_visualizacao_nfse_serie_resposta.xsd
2026-09-10 10:49:34 | INFO    | PipelineLogger.write | CLEANUP REMOVE..........: C:\Setups\.work\linkpagamento\Release\Xml\Movimento\NFSe\ISSNet\1.00\servico_enviar_lote_rps_envio.xsd
2026-09-10 10:49:35 | INFO    | PipelineLogger.write | CLEANUP REMOVE..........: C:\Setups\.work\linkpagamento\Release\Xml\Movimento\NFSe\ISSNet\1.00\servico_enviar_lote_rps_resposta.xsd
2026-09-10 10:49:35 | INFO    | PipelineLogger.write | CLEANUP REMOVE..........: C:\Setups\.work\linkpagamento\Release\Xml\Movimento\NFSe\ISSNet\1.00\tipos_complexos.xsd
2026-09-10 10:49:35 | INFO    | PipelineLogger.write | CLEANUP REMOVE..........: C:\Setups\.work\linkpagamento\Release\Xml\Movimento\NFSe\ISSNet\1.00\tipos_simples.xsd
2026-09-10 10:49:35 | INFO    | PipelineLogger.write | CLEANUP REMOVE..........: C:\Setups\.work\linkpagamento\Release\Xml\Movimento\NFSe\ISSNet\1.00\xmldsig-core-schema20020212.xsd
2026-09-10 10:49:35 | INFO    | PipelineLogger.write | CLEANUP REMOVE..........: C:\Setups\.work\linkpagamento\Release\Xml\Movimento\NFSe\ISSNet\2.04\nfse.xsd
2026-09-10 10:49:35 | INFO    | PipelineLogger.write | CLEANUP REMOVE..........: C:\Setups\.work\linkpagamento\Release\Xml\Movimento\NFSe\ISSNet\2.04\xmldsig-core-schema20020212.xsd
2026-09-10 10:49:35 | INFO    | PipelineLogger.write | CLEANUP REMOVE..........: C:\Setups\.work\linkpagamento\Release\Xml\Movimento\NFSe\ISSDSF\1.00\ConsultaSeqRps.xsd
2026-09-10 10:49:35 | INFO    | PipelineLogger.write | CLEANUP REMOVE..........: C:\Setups\.work\linkpagamento\Release\Xml\Movimento\NFSe\ISSDSF\1.00\ReqCancelamentoNFSe.xsd
2026-09-10 10:49:35 | INFO    | PipelineLogger.write | CLEANUP REMOVE..........: C:\Setups\.work\linkpagamento\Release\Xml\Movimento\NFSe\ISSDSF\1.00\ReqConsultaLote.xsd
2026-09-10 10:49:35 | INFO    | PipelineLogger.write | CLEANUP REMOVE..........: C:\Setups\.work\linkpagamento\Release\Xml\Movimento\NFSe\ISSDSF\1.00\ReqConsultaNFSeRPS.xsd
2026-09-10 10:49:36 | INFO    | PipelineLogger.write | CLEANUP REMOVE..........: C:\Setups\.work\linkpagamento\Release\Xml\Movimento\NFSe\ISSDSF\1.00\ReqConsultaNotas.xsd
2026-09-10 10:49:36 | INFO    | PipelineLogger.write | CLEANUP REMOVE..........: C:\Setups\.work\linkpagamento\Release\Xml\Movimento\NFSe\ISSDSF\1.00\ReqEnvioLoteRPS.xsd
2026-09-10 10:49:36 | INFO    | PipelineLogger.write | CLEANUP REMOVE..........: C:\Setups\.work\linkpagamento\Release\Xml\Movimento\NFSe\ISSDSF\1.00\RetornoCancelamentoNFSe.xsd
2026-09-10 10:49:36 | INFO    | PipelineLogger.write | CLEANUP REMOVE..........: C:\Setups\.work\linkpagamento\Release\Xml\Movimento\NFSe\ISSDSF\1.00\RetornoConsultaLote.xsd
2026-09-10 10:49:36 | INFO    | PipelineLogger.write | CLEANUP REMOVE..........: C:\Setups\.work\linkpagamento\Release\Xml\Movimento\NFSe\ISSDSF\1.00\RetornoConsultaNFSeRPS.xsd
2026-09-10 10:49:36 | INFO    | PipelineLogger.write | CLEANUP REMOVE..........: C:\Setups\.work\linkpagamento\Release\Xml\Movimento\NFSe\ISSDSF\1.00\RetornoConsultaNotas.xsd
2026-09-10 10:49:37 | INFO    | PipelineLogger.write | CLEANUP REMOVE..........: C:\Setups\.work\linkpagamento\Release\Xml\Movimento\NFSe\ISSDSF\1.00\RetornoConsultaSeqRps.xsd
2026-09-10 10:49:37 | INFO    | PipelineLogger.write | CLEANUP REMOVE..........: C:\Setups\.work\linkpagamento\Release\Xml\Movimento\NFSe\ISSDSF\1.00\RetornoEnvioLoteRPS.xsd
2026-09-10 10:49:38 | INFO    | PipelineLogger.write | CLEANUP REMOVE..........: C:\Setups\.work\linkpagamento\Release\Xml\Movimento\NFSe\ISSDSF\1.00\Tipos.xsd
2026-09-10 10:49:38 | INFO    | PipelineLogger.write | CLEANUP REMOVE..........: C:\Setups\.work\linkpagamento\Release\Xml\Movimento\NFSe\ISSDSF\1.00\xmldsig-core-schema_v1.01.xsd
2026-09-10 10:49:39 | INFO    | PipelineLogger.write | CLEANUP REMOVE..........: C:\Setups\.work\linkpagamento\Release\Xml\Movimento\NFSe\ISSDSF\1.01\ConsultaSeqRps.xsd
2026-09-10 10:49:39 | INFO    | PipelineLogger.write | CLEANUP REMOVE..........: C:\Setups\.work\linkpagamento\Release\Xml\Movimento\NFSe\ISSDSF\1.01\ReqCancelamentoNFSe.xsd
2026-09-10 10:49:39 | INFO    | PipelineLogger.write | CLEANUP REMOVE..........: C:\Setups\.work\linkpagamento\Release\Xml\Movimento\NFSe\ISSDSF\1.01\ReqConsultaLote.xsd
2026-09-10 10:49:40 | INFO    | PipelineLogger.write | CLEANUP REMOVE..........: C:\Setups\.work\linkpagamento\Release\Xml\Movimento\NFSe\ISSDSF\1.01\ReqConsultaNFSeRPS.xsd
2026-09-10 10:49:40 | INFO    | PipelineLogger.write | CLEANUP REMOVE..........: C:\Setups\.work\linkpagamento\Release\Xml\Movimento\NFSe\ISSDSF\1.01\ReqConsultaNotas.xsd
2026-09-10 10:49:40 | INFO    | PipelineLogger.write | CLEANUP REMOVE..........: C:\Setups\.work\linkpagamento\Release\Xml\Movimento\NFSe\ISSDSF\1.01\ReqEnvioLoteRPS.xsd
2026-09-10 10:49:41 | INFO    | PipelineLogger.write | CLEANUP REMOVE..........: C:\Setups\.work\linkpagamento\Release\Xml\Movimento\NFSe\ISSDSF\1.01\RetornoCancelamentoNFSe.xsd
2026-09-10 10:49:41 | INFO    | PipelineLogger.write | CLEANUP REMOVE..........: C:\Setups\.work\linkpagamento\Release\Xml\Movimento\NFSe\ISSDSF\1.01\RetornoConsultaLote.xsd
2026-09-10 10:49:41 | INFO    | PipelineLogger.write | CLEANUP REMOVE..........: C:\Setups\.work\linkpagamento\Release\Xml\Movimento\NFSe\ISSDSF\1.01\RetornoConsultaNFSeRPS.xsd
2026-09-10 10:49:41 | INFO    | PipelineLogger.write | CLEANUP REMOVE..........: C:\Setups\.work\linkpagamento\Release\Xml\Movimento\NFSe\ISSDSF\1.01\RetornoConsultaNotas.xsd
2026-09-10 10:49:42 | INFO    | PipelineLogger.write | CLEANUP REMOVE..........: C:\Setups\.work\linkpagamento\Release\Xml\Movimento\NFSe\ISSDSF\1.01\RetornoConsultaSeqRps.xsd
2026-09-10 10:49:42 | INFO    | PipelineLogger.write | CLEANUP REMOVE..........: C:\Setups\.work\linkpagamento\Release\Xml\Movimento\NFSe\ISSDSF\1.01\RetornoEnvioLoteRPS.xsd
2026-09-10 10:49:42 | INFO    | PipelineLogger.write | CLEANUP REMOVE..........: C:\Setups\.work\linkpagamento\Release\Xml\Movimento\NFSe\ISSDSF\1.01\Tipos.xsd
2026-09-10 10:49:43 | INFO    | PipelineLogger.write | CLEANUP REMOVE..........: C:\Setups\.work\linkpagamento\Release\Xml\Movimento\NFSe\ISSDSF\1.01\xmldsig-core-schema_v1.01.xsd
2026-09-10 10:49:43 | INFO    | PipelineLogger.write | CLEANUP REMOVE..........: C:\Setups\.work\linkpagamento\Release\Xml\Movimento\NFSe\ISSCuritiba\1.00\nfse.xsd
2026-09-10 10:49:43 | INFO    | PipelineLogger.write | CLEANUP REMOVE..........: C:\Setups\.work\linkpagamento\Release\Xml\Movimento\NFSe\ISSCuritiba\1.00\xmldsig-core-schema20020212.xsd
2026-09-10 10:49:43 | INFO    | PipelineLogger.write | CLEANUP REMOVE..........: C:\Setups\.work\linkpagamento\Release\Xml\Movimento\NFSe\IPM\2.04\nfse.xsd
2026-09-10 10:49:44 | INFO    | PipelineLogger.write | CLEANUP REMOVE..........: C:\Setups\.work\linkpagamento\Release\Xml\Movimento\NFSe\IPM\2.04\xmldsig-core-schema20020212.xsd
2026-09-10 10:49:44 | INFO    | PipelineLogger.write | CLEANUP REMOVE..........: C:\Setups\.work\linkpagamento\Release\Xml\Movimento\NFSe\Ginfes\1.00\cabecalho_v03.xsd
2026-09-10 10:49:44 | INFO    | PipelineLogger.write | CLEANUP REMOVE..........: C:\Setups\.work\linkpagamento\Release\Xml\Movimento\NFSe\Ginfes\1.00\servico_cancelar_nfse_envio_v02.xsd
2026-09-10 10:49:44 | INFO    | PipelineLogger.write | CLEANUP REMOVE..........: C:\Setups\.work\linkpagamento\Release\Xml\Movimento\NFSe\Ginfes\1.00\servico_cancelar_nfse_envio_v03.xsd
2026-09-10 10:49:44 | INFO    | PipelineLogger.write | CLEANUP REMOVE..........: C:\Setups\.work\linkpagamento\Release\Xml\Movimento\NFSe\Ginfes\1.00\servico_cancelar_nfse_resposta_v03.xsd
2026-09-10 10:49:44 | INFO    | PipelineLogger.write | CLEANUP REMOVE..........: C:\Setups\.work\linkpagamento\Release\Xml\Movimento\NFSe\Ginfes\1.00\servico_consultar_lote_rps_envio_v02.xsd
2026-09-10 10:49:44 | INFO    | PipelineLogger.write | CLEANUP REMOVE..........: C:\Setups\.work\linkpagamento\Release\Xml\Movimento\NFSe\Ginfes\1.00\servico_consultar_lote_rps_envio_v03.xsd
2026-09-10 10:49:44 | INFO    | PipelineLogger.write | CLEANUP REMOVE..........: C:\Setups\.work\linkpagamento\Release\Xml\Movimento\NFSe\Ginfes\1.00\servico_consultar_lote_rps_resposta_v03.xsd
2026-09-10 10:49:44 | INFO    | PipelineLogger.write | CLEANUP REMOVE..........: C:\Setups\.work\linkpagamento\Release\Xml\Movimento\NFSe\Ginfes\1.00\servico_consultar_nfse_envio_v02.xsd
2026-09-10 10:49:45 | INFO    | PipelineLogger.write | CLEANUP REMOVE..........: C:\Setups\.work\linkpagamento\Release\Xml\Movimento\NFSe\Ginfes\1.00\servico_consultar_nfse_envio_v03.xsd
2026-09-10 10:49:45 | INFO    | PipelineLogger.write | CLEANUP REMOVE..........: C:\Setups\.work\linkpagamento\Release\Xml\Movimento\NFSe\Ginfes\1.00\servico_consultar_nfse_resposta_v03.xsd
2026-09-10 10:49:46 | INFO    | PipelineLogger.write | CLEANUP REMOVE..........: C:\Setups\.work\linkpagamento\Release\Xml\Movimento\NFSe\Ginfes\1.00\servico_consultar_nfse_rps_envio_v02.xsd
2026-09-10 10:49:47 | INFO    | PipelineLogger.write | CLEANUP REMOVE..........: C:\Setups\.work\linkpagamento\Release\Xml\Movimento\NFSe\Ginfes\1.00\servico_consultar_nfse_rps_envio_v03.xsd
2026-09-10 10:49:47 | INFO    | PipelineLogger.write | CLEANUP REMOVE..........: C:\Setups\.work\linkpagamento\Release\Xml\Movimento\NFSe\Ginfes\1.00\servico_consultar_nfse_rps_resposta_v03.xsd
2026-09-10 10:49:47 | INFO    | PipelineLogger.write | CLEANUP REMOVE..........: C:\Setups\.work\linkpagamento\Release\Xml\Movimento\NFSe\Ginfes\1.00\servico_consultar_situacao_lote_rps_envio_v02.xsd
2026-09-10 10:49:48 | INFO    | PipelineLogger.write | CLEANUP REMOVE..........: C:\Setups\.work\linkpagamento\Release\Xml\Movimento\NFSe\Ginfes\1.00\servico_consultar_situacao_lote_rps_envio_v03.xsd
2026-09-10 10:49:48 | INFO    | PipelineLogger.write | CLEANUP REMOVE..........: C:\Setups\.work\linkpagamento\Release\Xml\Movimento\NFSe\Ginfes\1.00\servico_consultar_situacao_lote_rps_resposta_v03.xsd
2026-09-10 10:49:48 | INFO    | PipelineLogger.write | CLEANUP REMOVE..........: C:\Setups\.work\linkpagamento\Release\Xml\Movimento\NFSe\Ginfes\1.00\servico_enviar_lote_rps_envio_v02.xsd
2026-09-10 10:49:48 | INFO    | PipelineLogger.write | CLEANUP REMOVE..........: C:\Setups\.work\linkpagamento\Release\Xml\Movimento\NFSe\Ginfes\1.00\servico_enviar_lote_rps_envio_v03.xsd
2026-09-10 10:49:48 | INFO    | PipelineLogger.write | CLEANUP REMOVE..........: C:\Setups\.work\linkpagamento\Release\Xml\Movimento\NFSe\Ginfes\1.00\servico_enviar_lote_rps_resposta_v03.xsd
2026-09-10 10:49:49 | INFO    | PipelineLogger.write | CLEANUP REMOVE..........: C:\Setups\.work\linkpagamento\Release\Xml\Movimento\NFSe\Ginfes\1.00\tipos_v02.xsd
2026-09-10 10:49:49 | INFO    | PipelineLogger.write | CLEANUP REMOVE..........: C:\Setups\.work\linkpagamento\Release\Xml\Movimento\NFSe\Ginfes\1.00\tipos_v03.xsd
2026-09-10 10:49:50 | INFO    | PipelineLogger.write | CLEANUP REMOVE..........: C:\Setups\.work\linkpagamento\Release\Xml\Movimento\NFSe\Ginfes\1.00\xmldsig-core-schema20020212_v03.xsd
2026-09-10 10:49:50 | INFO    | PipelineLogger.write | CLEANUP REMOVE..........: C:\Setups\.work\linkpagamento\Release\Xml\Movimento\NFSe\Ginfes\1.00\xmldsig-core-schema_v02.xsd
2026-09-10 10:49:51 | INFO    | PipelineLogger.write | CLEANUP REMOVE..........: C:\Setups\.work\linkpagamento\Release\Xml\Movimento\NFSe\FissLex\1.00\nfse.xsd
2026-09-10 10:49:51 | INFO    | PipelineLogger.write | CLEANUP REMOVE..........: C:\Setups\.work\linkpagamento\Release\Xml\Movimento\NFSe\FissLex\1.00\xmldsig-core-schema20020212.xsd
2026-09-10 10:49:51 | INFO    | PipelineLogger.write | CLEANUP REMOVE..........: C:\Setups\.work\linkpagamento\Release\Xml\Movimento\NFSe\Fisco\2.03\nfse.xsd
2026-09-10 10:49:51 | INFO    | PipelineLogger.write | CLEANUP REMOVE..........: C:\Setups\.work\linkpagamento\Release\Xml\Movimento\NFSe\Fisco\2.03\xmldsig-core-schema20020212.xsd
2026-09-10 10:49:51 | INFO    | PipelineLogger.write | CLEANUP REMOVE..........: C:\Setups\.work\linkpagamento\Release\Xml\Movimento\NFSe\Fiorilli\2.00\nfse.xsd
2026-09-10 10:49:52 | INFO    | PipelineLogger.write | CLEANUP REMOVE..........: C:\Setups\.work\linkpagamento\Release\Xml\Movimento\NFSe\Fiorilli\2.00\xmldsig-core-schema20020212.xsd
2026-09-10 10:49:53 | INFO    | PipelineLogger.write | CLEANUP REMOVE..........: C:\Setups\.work\linkpagamento\Release\Xml\Movimento\NFSe\Fiorilli\2.01\nfse.xsd
2026-09-10 10:49:53 | INFO    | PipelineLogger.write | CLEANUP REMOVE..........: C:\Setups\.work\linkpagamento\Release\Xml\Movimento\NFSe\Fiorilli\2.01\xmldsig-core-schema20020212.xsd
2026-09-10 10:49:53 | INFO    | PipelineLogger.write | CLEANUP REMOVE..........: C:\Setups\.work\linkpagamento\Release\Xml\Movimento\NFSe\Equiplano\1.00\esCancelarNfseEnvio_v01.xsd
2026-09-10 10:49:53 | INFO    | PipelineLogger.write | CLEANUP REMOVE..........: C:\Setups\.work\linkpagamento\Release\Xml\Movimento\NFSe\Equiplano\1.00\esCancelarNfseResposta_v01.xsd
2026-09-10 10:49:53 | INFO    | PipelineLogger.write | CLEANUP REMOVE..........: C:\Setups\.work\linkpagamento\Release\Xml\Movimento\NFSe\Equiplano\1.00\esConsultarLoteRpsEnvio_v01.xsd
2026-09-10 10:49:54 | INFO    | PipelineLogger.write | CLEANUP REMOVE..........: C:\Setups\.work\linkpagamento\Release\Xml\Movimento\NFSe\Equiplano\1.00\esConsultarLoteRpsResposta_v01.xsd
2026-09-10 10:49:54 | INFO    | PipelineLogger.write | CLEANUP REMOVE..........: C:\Setups\.work\linkpagamento\Release\Xml\Movimento\NFSe\Equiplano\1.00\esConsultarNfseEnvio_v01.xsd
2026-09-10 10:49:54 | INFO    | PipelineLogger.write | CLEANUP REMOVE..........: C:\Setups\.work\linkpagamento\Release\Xml\Movimento\NFSe\Equiplano\1.00\esConsultarNfsePorRpsEnvio_v01.xsd
2026-09-10 10:49:54 | INFO    | PipelineLogger.write | CLEANUP REMOVE..........: C:\Setups\.work\linkpagamento\Release\Xml\Movimento\NFSe\Equiplano\1.00\esConsultarNfsePorRpsResposta_v01.xsd
2026-09-10 10:49:54 | INFO    | PipelineLogger.write | CLEANUP REMOVE..........: C:\Setups\.work\linkpagamento\Release\Xml\Movimento\NFSe\Equiplano\1.00\esConsultarNfseResposta_v01.xsd
2026-09-10 10:49:54 | INFO    | PipelineLogger.write | CLEANUP REMOVE..........: C:\Setups\.work\linkpagamento\Release\Xml\Movimento\NFSe\Equiplano\1.00\esConsultarSituacaoLoteRpsEnvio_v01.xsd
2026-09-10 10:49:54 | INFO    | PipelineLogger.write | CLEANUP REMOVE..........: C:\Setups\.work\linkpagamento\Release\Xml\Movimento\NFSe\Equiplano\1.00\esConsultarSituacaoLoteRpsResposta_v01.xsd
2026-09-10 10:49:54 | INFO    | PipelineLogger.write | CLEANUP REMOVE..........: C:\Setups\.work\linkpagamento\Release\Xml\Movimento\NFSe\Equiplano\1.00\esRecepcionarLoteRpsEnvio_v01.xsd
2026-09-10 10:49:54 | INFO    | PipelineLogger.write | CLEANUP REMOVE..........: C:\Setups\.work\linkpagamento\Release\Xml\Movimento\NFSe\Equiplano\1.00\esRecepcionarLoteRpsResposta_v01.xsd
2026-09-10 10:49:54 | INFO    | PipelineLogger.write | CLEANUP REMOVE..........: C:\Setups\.work\linkpagamento\Release\Xml\Movimento\NFSe\Equiplano\1.00\TiposEsnfs_v01.xsd
2026-09-10 10:49:54 | INFO    | PipelineLogger.write | CLEANUP REMOVE..........: C:\Setups\.work\linkpagamento\Release\Xml\Movimento\NFSe\Equiplano\1.00\xmldsig-core-schema_v01.xsd
2026-09-10 10:49:54 | INFO    | PipelineLogger.write | CLEANUP REMOVE..........: C:\Setups\.work\linkpagamento\Release\Xml\Movimento\NFSe\DSF\1.00\nfse.xsd
2026-09-10 10:49:55 | INFO    | PipelineLogger.write | CLEANUP REMOVE..........: C:\Setups\.work\linkpagamento\Release\Xml\Movimento\NFSe\DSF\1.00\xmldsig-core-schema20020212.xsd
2026-09-10 10:49:55 | INFO    | PipelineLogger.write | CLEANUP REMOVE..........: C:\Setups\.work\linkpagamento\Release\Xml\Movimento\NFSe\DSF\2.00\nfse.xsd
2026-09-10 10:49:56 | INFO    | PipelineLogger.write | CLEANUP REMOVE..........: C:\Setups\.work\linkpagamento\Release\Xml\Movimento\NFSe\DSF\2.00\xmldsig-core-schema20020212.xsd
2026-09-10 10:49:56 | INFO    | PipelineLogger.write | CLEANUP REMOVE..........: C:\Setups\.work\linkpagamento\Release\Xml\Movimento\NFSe\DSF\2.03\nfse.xsd
2026-09-10 10:49:57 | INFO    | PipelineLogger.write | CLEANUP REMOVE..........: C:\Setups\.work\linkpagamento\Release\Xml\Movimento\NFSe\DSF\2.03\xmldsig-core-schema20020212.xsd
2026-09-10 10:49:57 | INFO    | PipelineLogger.write | CLEANUP REMOVE..........: C:\Setups\.work\linkpagamento\Release\Xml\Movimento\NFSe\DBSeller\1.00\nfse.xsd
2026-09-10 10:49:57 | INFO    | PipelineLogger.write | CLEANUP REMOVE..........: C:\Setups\.work\linkpagamento\Release\Xml\Movimento\NFSe\DBSeller\1.00\xmldsig-core-schema_v01.xsd
2026-09-10 10:49:57 | INFO    | PipelineLogger.write | CLEANUP REMOVE..........: C:\Setups\.work\linkpagamento\Release\Xml\Movimento\NFSe\DBSeller\2.04\nfse.xsd
2026-09-10 10:49:58 | INFO    | PipelineLogger.write | CLEANUP REMOVE..........: C:\Setups\.work\linkpagamento\Release\Xml\Movimento\NFSe\DBSeller\2.04\xmldsig-core-schema20020212.xsd
2026-09-10 10:49:59 | INFO    | PipelineLogger.write | CLEANUP REMOVE..........: C:\Setups\.work\linkpagamento\Release\Xml\Movimento\NFSe\Coplan\2.01\nfse.xsd
2026-09-10 10:49:59 | INFO    | PipelineLogger.write | CLEANUP REMOVE..........: C:\Setups\.work\linkpagamento\Release\Xml\Movimento\NFSe\Coplan\2.01\xmldsig-core-schema20020212.xsd
2026-09-10 10:49:59 | INFO    | PipelineLogger.write | CLEANUP REMOVE..........: C:\Setups\.work\linkpagamento\Release\Xml\Movimento\NFSe\Conam\1.00\Informacao.txt
2026-09-10 10:50:00 | INFO    | PipelineLogger.write | CLEANUP REMOVE..........: C:\Setups\.work\linkpagamento\Release\Xml\Movimento\NFSe\Citta\2.03\nfse.xsd
2026-09-10 10:50:00 | INFO    | PipelineLogger.write | CLEANUP REMOVE..........: C:\Setups\.work\linkpagamento\Release\Xml\Movimento\NFSe\Citta\2.03\xmldsig-core-schema20020212.xsd
2026-09-10 10:50:00 | INFO    | PipelineLogger.write | CLEANUP REMOVE..........: C:\Setups\.work\linkpagamento\Release\Xml\Movimento\NFSe\Betha\1.00\servico_cancelar_nfse_envio_v01.xsd
2026-09-10 10:50:01 | INFO    | PipelineLogger.write | CLEANUP REMOVE..........: C:\Setups\.work\linkpagamento\Release\Xml\Movimento\NFSe\Betha\1.00\servico_cancelar_nfse_resposta_v01.xsd
2026-09-10 10:50:02 | INFO    | PipelineLogger.write | CLEANUP REMOVE..........: C:\Setups\.work\linkpagamento\Release\Xml\Movimento\NFSe\Betha\1.00\servico_consultar_lote_rps_envio_v01.xsd
2026-09-10 10:50:02 | INFO    | PipelineLogger.write | CLEANUP REMOVE..........: C:\Setups\.work\linkpagamento\Release\Xml\Movimento\NFSe\Betha\1.00\servico_consultar_lote_rps_resposta_v01.xsd
2026-09-10 10:50:03 | INFO    | PipelineLogger.write | CLEANUP REMOVE..........: C:\Setups\.work\linkpagamento\Release\Xml\Movimento\NFSe\Betha\1.00\servico_consultar_nfse_envio_v01.xsd
2026-09-10 10:50:03 | INFO    | PipelineLogger.write | CLEANUP REMOVE..........: C:\Setups\.work\linkpagamento\Release\Xml\Movimento\NFSe\Betha\1.00\servico_consultar_nfse_resposta_v01.xsd
2026-09-10 10:50:03 | INFO    | PipelineLogger.write | CLEANUP REMOVE..........: C:\Setups\.work\linkpagamento\Release\Xml\Movimento\NFSe\Betha\1.00\servico_consultar_nfse_rps_envio_v01.xsd
2026-09-10 10:50:04 | INFO    | PipelineLogger.write | CLEANUP REMOVE..........: C:\Setups\.work\linkpagamento\Release\Xml\Movimento\NFSe\Betha\1.00\servico_consultar_nfse_rps_resposta_v01.xsd
2026-09-10 10:50:05 | INFO    | PipelineLogger.write | CLEANUP REMOVE..........: C:\Setups\.work\linkpagamento\Release\Xml\Movimento\NFSe\Betha\1.00\servico_consultar_situacao_lote_rps_envio_v01.xsd
2026-09-10 10:50:05 | INFO    | PipelineLogger.write | CLEANUP REMOVE..........: C:\Setups\.work\linkpagamento\Release\Xml\Movimento\NFSe\Betha\1.00\servico_consultar_situacao_lote_rps_resposta_v01.xsd
2026-09-10 10:50:06 | INFO    | PipelineLogger.write | CLEANUP REMOVE..........: C:\Setups\.work\linkpagamento\Release\Xml\Movimento\NFSe\Betha\1.00\servico_enviar_lote_rps_envio_v01.xsd
2026-09-10 10:50:06 | INFO    | PipelineLogger.write | CLEANUP REMOVE..........: C:\Setups\.work\linkpagamento\Release\Xml\Movimento\NFSe\Betha\1.00\servico_enviar_lote_rps_resposta_v01.xsd
2026-09-10 10:50:06 | INFO    | PipelineLogger.write | CLEANUP REMOVE..........: C:\Setups\.work\linkpagamento\Release\Xml\Movimento\NFSe\Betha\1.00\TiposNFe_v01.xsd
2026-09-10 10:50:06 | INFO    | PipelineLogger.write | CLEANUP REMOVE..........: C:\Setups\.work\linkpagamento\Release\Xml\Movimento\NFSe\Betha\1.00\xmldsig-core-schema_v01.xsd
2026-09-10 10:50:06 | INFO    | PipelineLogger.write | CLEANUP REMOVE..........: C:\Setups\.work\linkpagamento\Release\Xml\Movimento\NFSe\Betha\2.02\nfse_v202.xsd
2026-09-10 10:50:06 | INFO    | PipelineLogger.write | CLEANUP REMOVE..........: C:\Setups\.work\linkpagamento\Release\Xml\Movimento\NFSe\Betha\2.02\xmldsig-core-schema20020212.xsd
2026-09-10 10:50:07 | INFO    | PipelineLogger.write | CLEANUP REMOVE..........: C:\Setups\.work\linkpagamento\Release\Xml\Movimento\NFSe\ABRASF\1.00\nfse.xsd
2026-09-10 10:50:07 | INFO    | PipelineLogger.write | CLEANUP REMOVE..........: C:\Setups\.work\linkpagamento\Release\Xml\Movimento\NFSe\ABRASF\1.00\xmldsig-core-schema20020212.xsd
2026-09-10 10:50:07 | INFO    | PipelineLogger.write | CLEANUP REMOVE..........: C:\Setups\.work\linkpagamento\Release\Xml\Movimento\NFSe\ABRASF\2.00\nfse v200.xsd
2026-09-10 10:50:07 | INFO    | PipelineLogger.write | CLEANUP REMOVE..........: C:\Setups\.work\linkpagamento\Release\Xml\Movimento\NFSe\ABRASF\2.00\xmldsig-core-schema20020212.xsd
2026-09-10 10:50:07 | INFO    | PipelineLogger.write | CLEANUP REMOVE..........: C:\Setups\.work\linkpagamento\Release\Xml\Movimento\NFSe\ABRASF\2.01\nfse v201.xsd
2026-09-10 10:50:07 | INFO    | PipelineLogger.write | CLEANUP REMOVE..........: C:\Setups\.work\linkpagamento\Release\Xml\Movimento\NFSe\ABRASF\2.01\xmldsig-core-schema20020212.xsd
2026-09-10 10:50:07 | INFO    | PipelineLogger.write | CLEANUP REMOVE..........: C:\Setups\.work\linkpagamento\Release\Xml\Movimento\NFSe\ABRASF\2.02\nfse v202.xsd
2026-09-10 10:50:07 | INFO    | PipelineLogger.write | CLEANUP REMOVE..........: C:\Setups\.work\linkpagamento\Release\Xml\Movimento\NFSe\ABRASF\2.02\xmldsig-core-schema20020212.xsd
2026-09-10 10:50:07 | INFO    | PipelineLogger.write | CLEANUP REMOVE..........: C:\Setups\.work\linkpagamento\Release\Xml\Movimento\NFSe\ABRASF\2.03\nfse_v203.xsd
2026-09-10 10:50:07 | INFO    | PipelineLogger.write | CLEANUP REMOVE..........: C:\Setups\.work\linkpagamento\Release\Xml\Movimento\NFSe\ABRASF\2.03\xmldsig-core-schema20020212.xsd
2026-09-10 10:50:07 | INFO    | PipelineLogger.write | CLEANUP REMOVE..........: C:\Setups\.work\linkpagamento\Release\Xml\Movimento\NFSe\ABRASF\2.04\nfse_v204.xsd
2026-09-10 10:50:07 | INFO    | PipelineLogger.write | CLEANUP REMOVE..........: C:\Setups\.work\linkpagamento\Release\Xml\Movimento\NFSe\ABRASF\2.04\xmldsig-core-schema20020212.xsd
2026-09-10 10:50:07 | INFO    | PipelineLogger.write | CLEANUP REMOVE..........: C:\Setups\.work\linkpagamento\Release\Xml\Movimento\NFSe\ABase\2.01\nfse.xsd
2026-09-10 10:50:07 | INFO    | PipelineLogger.write | CLEANUP REMOVE..........: C:\Setups\.work\linkpagamento\Release\Xml\Movimento\NFSe\ABase\2.01\xmldsig-core-schema20020212.xsd
2026-09-10 10:50:08 | INFO    | PipelineLogger.write | CLEANUP REMOVE..........: C:\Setups\.work\linkpagamento\Release\Xml\Movimento\NFSe\Abaco\1.00\nfse_v2010.xsd
2026-09-10 10:50:09 | INFO    | PipelineLogger.write | CLEANUP REMOVE..........: C:\Setups\.work\linkpagamento\Release\Xml\Movimento\NFSe\Abaco\1.00\xmldsig-core-schema20020212.xsd
2026-09-10 10:50:09 | INFO    | PipelineLogger.write | CLEANUP REMOVE..........: C:\Setups\.work\linkpagamento\Release\Xml\Movimento\NFSe\Abaco\1.01\nfse_v2010.xsd
2026-09-10 10:50:10 | INFO    | PipelineLogger.write | CLEANUP REMOVE..........: C:\Setups\.work\linkpagamento\Release\Xml\Movimento\NFSe\Abaco\1.01\xmldsig-core-schema20020212.xsd
2026-09-10 10:50:10 | INFO    | PipelineLogger.write | CLEANUP REMOVE..........: C:\Setups\.work\linkpagamento\Release\Xml\Movimento\NFSe\Abaco\2.04\nfse.xsd
2026-09-10 10:50:10 | INFO    | PipelineLogger.write | CLEANUP REMOVE..........: C:\Setups\.work\linkpagamento\Release\Xml\Movimento\NFSe\Abaco\2.04\xmldsig-core-schema20020212.xsd
2026-09-10 10:50:10 | INFO    | PipelineLogger.write | CLEANUP REMOVE..........: C:\Setups\.work\linkpagamento\Release\Xml\Movimento\NFe\Schemas\atuCadEmiDFe_v1.01.xsd
2026-09-10 10:50:11 | INFO    | PipelineLogger.write | CLEANUP REMOVE..........: C:\Setups\.work\linkpagamento\Release\Xml\Movimento\NFe\Schemas\autorizacaoRetorno_v1.00.xsd
2026-09-10 10:50:11 | INFO    | PipelineLogger.write | CLEANUP REMOVE..........: C:\Setups\.work\linkpagamento\Release\Xml\Movimento\NFe\Schemas\autorizacao_v1.00.xsd
2026-09-10 10:50:12 | INFO    | PipelineLogger.write | CLEANUP REMOVE..........: C:\Setups\.work\linkpagamento\Release\Xml\Movimento\NFe\Schemas\Averb_v1.00.xsd
2026-09-10 10:50:12 | INFO    | PipelineLogger.write | CLEANUP REMOVE..........: C:\Setups\.work\linkpagamento\Release\Xml\Movimento\NFe\Schemas\cabecMsg_v1.02.xsd
2026-09-10 10:50:12 | INFO    | PipelineLogger.write | CLEANUP REMOVE..........: C:\Setups\.work\linkpagamento\Release\Xml\Movimento\NFe\Schemas\cadEmiDFe_v1.01.xsd
2026-09-10 10:50:13 | INFO    | PipelineLogger.write | CLEANUP REMOVE..........: C:\Setups\.work\linkpagamento\Release\Xml\Movimento\NFe\Schemas\cancNFe_v2.00.xsd
2026-09-10 10:50:13 | INFO    | PipelineLogger.write | CLEANUP REMOVE..........: C:\Setups\.work\linkpagamento\Release\Xml\Movimento\NFe\Schemas\CCe_v1.00.xsd
2026-09-10 10:50:13 | INFO    | PipelineLogger.write | CLEANUP REMOVE..........: C:\Setups\.work\linkpagamento\Release\Xml\Movimento\NFe\Schemas\confRecebto_v1.00.xsd
2026-09-10 10:50:13 | INFO    | PipelineLogger.write | CLEANUP REMOVE..........: C:\Setups\.work\linkpagamento\Release\Xml\Movimento\NFe\Schemas\consCad_v2.00.xsd
2026-09-10 10:50:14 | INFO    | PipelineLogger.write | CLEANUP REMOVE..........: C:\Setups\.work\linkpagamento\Release\Xml\Movimento\NFe\Schemas\consCad_v3.10.xsd
2026-09-10 10:50:15 | INFO    | PipelineLogger.write | CLEANUP REMOVE..........: C:\Setups\.work\linkpagamento\Release\Xml\Movimento\NFe\Schemas\consDPEC_v1.01.xsd
2026-09-10 10:50:15 | INFO    | PipelineLogger.write | CLEANUP REMOVE..........: C:\Setups\.work\linkpagamento\Release\Xml\Movimento\NFe\Schemas\consGTIN_v1.00.xsd
2026-09-10 10:50:16 | INFO    | PipelineLogger.write | CLEANUP REMOVE..........: C:\Setups\.work\linkpagamento\Release\Xml\Movimento\NFe\Schemas\consNFeDest_v1.01.xsd
2026-09-10 10:50:16 | INFO    | PipelineLogger.write | CLEANUP REMOVE..........: C:\Setups\.work\linkpagamento\Release\Xml\Movimento\NFe\Schemas\consReciNFe_v2.00.xsd
2026-09-10 10:50:16 | INFO    | PipelineLogger.write | CLEANUP REMOVE..........: C:\Setups\.work\linkpagamento\Release\Xml\Movimento\NFe\Schemas\consReciNFe_v3.10.xsd
2026-09-10 10:50:16 | INFO    | PipelineLogger.write | CLEANUP REMOVE..........: C:\Setups\.work\linkpagamento\Release\Xml\Movimento\NFe\Schemas\consReciNFe_v4.00.xsd
2026-09-10 10:50:16 | INFO    | PipelineLogger.write | CLEANUP REMOVE..........: C:\Setups\.work\linkpagamento\Release\Xml\Movimento\NFe\Schemas\consSitNFe_v2.00.xsd
2026-09-10 10:50:17 | INFO    | PipelineLogger.write | CLEANUP REMOVE..........: C:\Setups\.work\linkpagamento\Release\Xml\Movimento\NFe\Schemas\consSitNFe_v2.01.xsd
2026-09-10 10:50:17 | INFO    | PipelineLogger.write | CLEANUP REMOVE..........: C:\Setups\.work\linkpagamento\Release\Xml\Movimento\NFe\Schemas\consSitNFe_v3.10.xsd
2026-09-10 10:50:17 | INFO    | PipelineLogger.write | CLEANUP REMOVE..........: C:\Setups\.work\linkpagamento\Release\Xml\Movimento\NFe\Schemas\consSitNFe_v4.00.xsd
2026-09-10 10:50:17 | INFO    | PipelineLogger.write | CLEANUP REMOVE..........: C:\Setups\.work\linkpagamento\Release\Xml\Movimento\NFe\Schemas\consStatServ_v2.00.xsd
2026-09-10 10:50:17 | INFO    | PipelineLogger.write | CLEANUP REMOVE..........: C:\Setups\.work\linkpagamento\Release\Xml\Movimento\NFe\Schemas\consStatServ_v3.10.xsd
2026-09-10 10:50:17 | INFO    | PipelineLogger.write | CLEANUP REMOVE..........: C:\Setups\.work\linkpagamento\Release\Xml\Movimento\NFe\Schemas\consStatServ_v4.00.xsd
2026-09-10 10:50:17 | INFO    | PipelineLogger.write | CLEANUP REMOVE..........: C:\Setups\.work\linkpagamento\Release\Xml\Movimento\NFe\Schemas\DFeTiposBasicos_v1.00.xsd
2026-09-10 10:50:17 | INFO    | PipelineLogger.write | CLEANUP REMOVE..........: C:\Setups\.work\linkpagamento\Release\Xml\Movimento\NFe\Schemas\distDFeInt_v1.00.xsd
2026-09-10 10:50:17 | INFO    | PipelineLogger.write | CLEANUP REMOVE..........: C:\Setups\.work\linkpagamento\Release\Xml\Movimento\NFe\Schemas\distDFeInt_v1.01.xsd
2026-09-10 10:50:17 | INFO    | PipelineLogger.write | CLEANUP REMOVE..........: C:\Setups\.work\linkpagamento\Release\Xml\Movimento\NFe\Schemas\downloadNFe_v1.00.xsd
2026-09-10 10:50:17 | INFO    | PipelineLogger.write | CLEANUP REMOVE..........: C:\Setups\.work\linkpagamento\Release\Xml\Movimento\NFe\Schemas\e110110_v1.00.xsd
2026-09-10 10:50:17 | INFO    | PipelineLogger.write | CLEANUP REMOVE..........: C:\Setups\.work\linkpagamento\Release\Xml\Movimento\NFe\Schemas\e110111_v1.00.xsd
2026-09-10 10:50:17 | INFO    | PipelineLogger.write | CLEANUP REMOVE..........: C:\Setups\.work\linkpagamento\Release\Xml\Movimento\NFe\Schemas\e110112_v1.00.xsd
2026-09-10 10:50:18 | INFO    | PipelineLogger.write | CLEANUP REMOVE..........: C:\Setups\.work\linkpagamento\Release\Xml\Movimento\NFe\Schemas\e110130_v1.00.xsd
2026-09-10 10:50:18 | INFO    | PipelineLogger.write | CLEANUP REMOVE..........: C:\Setups\.work\linkpagamento\Release\Xml\Movimento\NFe\Schemas\e110131_v1.00.xsd
2026-09-10 10:50:18 | INFO    | PipelineLogger.write | CLEANUP REMOVE..........: C:\Setups\.work\linkpagamento\Release\Xml\Movimento\NFe\Schemas\e110140NFCe_v1.00.xsd
2026-09-10 10:50:18 | INFO    | PipelineLogger.write | CLEANUP REMOVE..........: C:\Setups\.work\linkpagamento\Release\Xml\Movimento\NFe\Schemas\e110140NFe_v1.00.xsd
2026-09-10 10:50:18 | INFO    | PipelineLogger.write | CLEANUP REMOVE..........: C:\Setups\.work\linkpagamento\Release\Xml\Movimento\NFe\Schemas\e110140_v1.00.xsd
2026-09-10 10:50:18 | INFO    | PipelineLogger.write | CLEANUP REMOVE..........: C:\Setups\.work\linkpagamento\Release\Xml\Movimento\NFe\Schemas\e110150_v1.00.xsd
2026-09-10 10:50:18 | INFO    | PipelineLogger.write | CLEANUP REMOVE..........: C:\Setups\.work\linkpagamento\Release\Xml\Movimento\NFe\Schemas\e110192_v1.00.xsd
2026-09-10 10:50:19 | INFO    | PipelineLogger.write | CLEANUP REMOVE..........: C:\Setups\.work\linkpagamento\Release\Xml\Movimento\NFe\Schemas\e110193_v1.00.xsd
2026-09-10 10:50:19 | INFO    | PipelineLogger.write | CLEANUP REMOVE..........: C:\Setups\.work\linkpagamento\Release\Xml\Movimento\NFe\Schemas\e110750_v1.00.xsd
2026-09-10 10:50:20 | INFO    | PipelineLogger.write | CLEANUP REMOVE..........: C:\Setups\.work\linkpagamento\Release\Xml\Movimento\NFe\Schemas\e110751_v1.00.xsd
2026-09-10 10:50:20 | INFO    | PipelineLogger.write | CLEANUP REMOVE..........: C:\Setups\.work\linkpagamento\Release\Xml\Movimento\NFe\Schemas\e111500_v1.00.xsd
2026-09-10 10:50:20 | INFO    | PipelineLogger.write | CLEANUP REMOVE..........: C:\Setups\.work\linkpagamento\Release\Xml\Movimento\NFe\Schemas\e111501_v1.00.xsd
2026-09-10 10:50:20 | INFO    | PipelineLogger.write | CLEANUP REMOVE..........: C:\Setups\.work\linkpagamento\Release\Xml\Movimento\NFe\Schemas\e111502_v1.00.xsd
2026-09-10 10:50:20 | INFO    | PipelineLogger.write | CLEANUP REMOVE..........: C:\Setups\.work\linkpagamento\Release\Xml\Movimento\NFe\Schemas\e111503_v1.00.xsd
2026-09-10 10:50:20 | INFO    | PipelineLogger.write | CLEANUP REMOVE..........: C:\Setups\.work\linkpagamento\Release\Xml\Movimento\NFe\Schemas\e210200_v1.00.xsd
2026-09-10 10:50:20 | INFO    | PipelineLogger.write | CLEANUP REMOVE..........: C:\Setups\.work\linkpagamento\Release\Xml\Movimento\NFe\Schemas\e210210_v1.00.xsd
2026-09-10 10:50:21 | INFO    | PipelineLogger.write | CLEANUP REMOVE..........: C:\Setups\.work\linkpagamento\Release\Xml\Movimento\NFe\Schemas\e210220_v1.00.xsd
2026-09-10 10:50:22 | INFO    | PipelineLogger.write | CLEANUP REMOVE..........: C:\Setups\.work\linkpagamento\Release\Xml\Movimento\NFe\Schemas\e210240_v1.00.xsd
2026-09-10 10:50:22 | INFO    | PipelineLogger.write | CLEANUP REMOVE..........: C:\Setups\.work\linkpagamento\Release\Xml\Movimento\NFe\Schemas\e411500_v1.00.xsd
2026-09-10 10:50:22 | INFO    | PipelineLogger.write | CLEANUP REMOVE..........: C:\Setups\.work\linkpagamento\Release\Xml\Movimento\NFe\Schemas\e411501_v1.00.xsd
2026-09-10 10:50:23 | INFO    | PipelineLogger.write | CLEANUP REMOVE..........: C:\Setups\.work\linkpagamento\Release\Xml\Movimento\NFe\Schemas\e411502_v1.00.xsd
2026-09-10 10:50:23 | INFO    | PipelineLogger.write | CLEANUP REMOVE..........: C:\Setups\.work\linkpagamento\Release\Xml\Movimento\NFe\Schemas\e411503_v1.00.xsd
2026-09-10 10:50:24 | INFO    | PipelineLogger.write | CLEANUP REMOVE..........: C:\Setups\.work\linkpagamento\Release\Xml\Movimento\NFe\Schemas\e610130_v1.00.xsd
2026-09-10 10:50:24 | INFO    | PipelineLogger.write | CLEANUP REMOVE..........: C:\Setups\.work\linkpagamento\Release\Xml\Movimento\NFe\Schemas\e610131_v1.00.xsd
2026-09-10 10:50:24 | INFO    | PipelineLogger.write | CLEANUP REMOVE..........: C:\Setups\.work\linkpagamento\Release\Xml\Movimento\NFe\Schemas\e790700_v1.00.xsd
2026-09-10 10:50:24 | INFO    | PipelineLogger.write | CLEANUP REMOVE..........: C:\Setups\.work\linkpagamento\Release\Xml\Movimento\NFe\Schemas\e990900_v1.00.xsd
2026-09-10 10:50:24 | INFO    | PipelineLogger.write | CLEANUP REMOVE..........: C:\Setups\.work\linkpagamento\Release\Xml\Movimento\NFe\Schemas\e990910_v1.00.xsd
2026-09-10 10:50:24 | INFO    | PipelineLogger.write | CLEANUP REMOVE..........: C:\Setups\.work\linkpagamento\Release\Xml\Movimento\NFe\Schemas\envAverb_v1.00.xsd
2026-09-10 10:50:24 | INFO    | PipelineLogger.write | CLEANUP REMOVE..........: C:\Setups\.work\linkpagamento\Release\Xml\Movimento\NFe\Schemas\envCancelPProrrogNFe_v1.0.xsd
2026-09-10 10:50:25 | INFO    | PipelineLogger.write | CLEANUP REMOVE..........: C:\Setups\.work\linkpagamento\Release\Xml\Movimento\NFe\Schemas\envCCe_v1.00.xsd
2026-09-10 10:50:25 | INFO    | PipelineLogger.write | CLEANUP REMOVE..........: C:\Setups\.work\linkpagamento\Release\Xml\Movimento\NFe\Schemas\envComprovanteEntregaNFe_v1.00.xsd
2026-09-10 10:50:25 | INFO    | PipelineLogger.write | CLEANUP REMOVE..........: C:\Setups\.work\linkpagamento\Release\Xml\Movimento\NFe\Schemas\envConfRecebto_v1.00.xsd
2026-09-10 10:50:26 | INFO    | PipelineLogger.write | CLEANUP REMOVE..........: C:\Setups\.work\linkpagamento\Release\Xml\Movimento\NFe\Schemas\envDPEC_v1.01.xsd
2026-09-10 10:50:26 | INFO    | PipelineLogger.write | CLEANUP REMOVE..........: C:\Setups\.work\linkpagamento\Release\Xml\Movimento\NFe\Schemas\envEPEC_v1.00.xsd
2026-09-10 10:50:27 | INFO    | PipelineLogger.write | CLEANUP REMOVE..........: C:\Setups\.work\linkpagamento\Release\Xml\Movimento\NFe\Schemas\envEventoAtorInteressado_v1.00.xsd
2026-09-10 10:50:27 | INFO    | PipelineLogger.write | CLEANUP REMOVE..........: C:\Setups\.work\linkpagamento\Release\Xml\Movimento\NFe\Schemas\envEventoCancEConf_v1.00.xsd
2026-09-10 10:50:28 | INFO    | PipelineLogger.write | CLEANUP REMOVE..........: C:\Setups\.work\linkpagamento\Release\Xml\Movimento\NFe\Schemas\envEventoCancEntregaNFe_v1.00.xsd
2026-09-10 10:50:28 | INFO    | PipelineLogger.write | CLEANUP REMOVE..........: C:\Setups\.work\linkpagamento\Release\Xml\Movimento\NFe\Schemas\envEventoCancInsucessoNFe_v1.00.xsd
2026-09-10 10:50:29 | INFO    | PipelineLogger.write | CLEANUP REMOVE..........: C:\Setups\.work\linkpagamento\Release\Xml\Movimento\NFe\Schemas\envEventoCancNFe_v1.00.xsd
2026-09-10 10:50:29 | INFO    | PipelineLogger.write | CLEANUP REMOVE..........: C:\Setups\.work\linkpagamento\Release\Xml\Movimento\NFe\Schemas\envEventoCancSubst_v1.00.xsd
2026-09-10 10:50:30 | INFO    | PipelineLogger.write | CLEANUP REMOVE..........: C:\Setups\.work\linkpagamento\Release\Xml\Movimento\NFe\Schemas\envEventoEConf_v1.00.xsd
2026-09-10 10:50:30 | INFO    | PipelineLogger.write | CLEANUP REMOVE..........: C:\Setups\.work\linkpagamento\Release\Xml\Movimento\NFe\Schemas\envEventoEntregaNFe_v1.00.xsd
2026-09-10 10:50:31 | INFO    | PipelineLogger.write | CLEANUP REMOVE..........: C:\Setups\.work\linkpagamento\Release\Xml\Movimento\NFe\Schemas\envEventoInsucessoNFe_v1.00.xsd
2026-09-10 10:50:31 | INFO    | PipelineLogger.write | CLEANUP REMOVE..........: C:\Setups\.work\linkpagamento\Release\Xml\Movimento\NFe\Schemas\envEvento_v1.00.xsd
2026-09-10 10:50:31 | INFO    | PipelineLogger.write | CLEANUP REMOVE..........: C:\Setups\.work\linkpagamento\Release\Xml\Movimento\NFe\Schemas\envFiscoNfe_v1.0.xsd
2026-09-10 10:50:31 | INFO    | PipelineLogger.write | CLEANUP REMOVE..........: C:\Setups\.work\linkpagamento\Release\Xml\Movimento\NFe\Schemas\enviNFe_v2.00.xsd
2026-09-10 10:50:31 | INFO    | PipelineLogger.write | CLEANUP REMOVE..........: C:\Setups\.work\linkpagamento\Release\Xml\Movimento\NFe\Schemas\enviNFe_v3.10.xsd
2026-09-10 10:50:31 | INFO    | PipelineLogger.write | CLEANUP REMOVE..........: C:\Setups\.work\linkpagamento\Release\Xml\Movimento\NFe\Schemas\enviNFe_v4.00.xsd
2026-09-10 10:50:31 | INFO    | PipelineLogger.write | CLEANUP REMOVE..........: C:\Setups\.work\linkpagamento\Release\Xml\Movimento\NFe\Schemas\envPProrrogNFe_v1.0.xsd
2026-09-10 10:50:32 | INFO    | PipelineLogger.write | CLEANUP REMOVE..........: C:\Setups\.work\linkpagamento\Release\Xml\Movimento\NFe\Schemas\envRemIndus_v1.00.xsd
2026-09-10 10:50:32 | INFO    | PipelineLogger.write | CLEANUP REMOVE..........: C:\Setups\.work\linkpagamento\Release\Xml\Movimento\NFe\Schemas\envSuframaInternaliza_v1.00.xsd
2026-09-10 10:50:33 | INFO    | PipelineLogger.write | CLEANUP REMOVE..........: C:\Setups\.work\linkpagamento\Release\Xml\Movimento\NFe\Schemas\envSuframaVistoria_v1.00.xsd
2026-09-10 10:50:33 | INFO    | PipelineLogger.write | CLEANUP REMOVE..........: C:\Setups\.work\linkpagamento\Release\Xml\Movimento\NFe\Schemas\EPEC_v1.00.xsd
2026-09-10 10:50:34 | INFO    | PipelineLogger.write | CLEANUP REMOVE..........: C:\Setups\.work\linkpagamento\Release\Xml\Movimento\NFe\Schemas\eventoAtorInteressado_v1.00.xsd
2026-09-10 10:50:35 | INFO    | PipelineLogger.write | CLEANUP REMOVE..........: C:\Setups\.work\linkpagamento\Release\Xml\Movimento\NFe\Schemas\EventoCancEConf_v1.00.xsd
2026-09-10 10:50:36 | INFO    | PipelineLogger.write | CLEANUP REMOVE..........: C:\Setups\.work\linkpagamento\Release\Xml\Movimento\NFe\Schemas\eventoCancEntregaNFe_v1.00.xsd
2026-09-10 10:50:36 | INFO    | PipelineLogger.write | CLEANUP REMOVE..........: C:\Setups\.work\linkpagamento\Release\Xml\Movimento\NFe\Schemas\EventoCancInsucessoNFe_v1.00.xsd
2026-09-10 10:50:36 | INFO    | PipelineLogger.write | CLEANUP REMOVE..........: C:\Setups\.work\linkpagamento\Release\Xml\Movimento\NFe\Schemas\eventoCancNFe_v1.00.xsd
2026-09-10 10:50:37 | INFO    | PipelineLogger.write | CLEANUP REMOVE..........: C:\Setups\.work\linkpagamento\Release\Xml\Movimento\NFe\Schemas\eventoCancSubst_v1.00.xsd
2026-09-10 10:50:38 | INFO    | PipelineLogger.write | CLEANUP REMOVE..........: C:\Setups\.work\linkpagamento\Release\Xml\Movimento\NFe\Schemas\EventoEConf_v1.00.xsd
2026-09-10 10:50:38 | INFO    | PipelineLogger.write | CLEANUP REMOVE..........: C:\Setups\.work\linkpagamento\Release\Xml\Movimento\NFe\Schemas\eventoEntregaNFe_v1.00.xsd
2026-09-10 10:50:38 | INFO    | PipelineLogger.write | CLEANUP REMOVE..........: C:\Setups\.work\linkpagamento\Release\Xml\Movimento\NFe\Schemas\eventoEPEC_v0.01.xsd
2026-09-10 10:50:39 | INFO    | PipelineLogger.write | CLEANUP REMOVE..........: C:\Setups\.work\linkpagamento\Release\Xml\Movimento\NFe\Schemas\eventoEPEC_v1.00.xsd
2026-09-10 10:50:39 | INFO    | PipelineLogger.write | CLEANUP REMOVE..........: C:\Setups\.work\linkpagamento\Release\Xml\Movimento\NFe\Schemas\EventoInsucessoNFe_v1.00.xsd
2026-09-10 10:50:40 | INFO    | PipelineLogger.write | CLEANUP REMOVE..........: C:\Setups\.work\linkpagamento\Release\Xml\Movimento\NFe\Schemas\eventoRemIndus_v1.00.xsd
2026-09-10 10:50:40 | INFO    | PipelineLogger.write | CLEANUP REMOVE..........: C:\Setups\.work\linkpagamento\Release\Xml\Movimento\NFe\Schemas\inutNFe_v2.00.xsd
2026-09-10 10:50:40 | INFO    | PipelineLogger.write | CLEANUP REMOVE..........: C:\Setups\.work\linkpagamento\Release\Xml\Movimento\NFe\Schemas\inutNFe_v3.10.xsd
2026-09-10 10:50:40 | INFO    | PipelineLogger.write | CLEANUP REMOVE..........: C:\Setups\.work\linkpagamento\Release\Xml\Movimento\NFe\Schemas\inutNFe_v4.00.xsd
2026-09-10 10:50:40 | INFO    | PipelineLogger.write | CLEANUP REMOVE..........: C:\Setups\.work\linkpagamento\Release\Xml\Movimento\NFe\Schemas\leiauteAverb_v1.00.xsd
2026-09-10 10:50:40 | INFO    | PipelineLogger.write | CLEANUP REMOVE..........: C:\Setups\.work\linkpagamento\Release\Xml\Movimento\NFe\Schemas\LeiauteCadastroEmissorDFe_v1.01.xsd
2026-09-10 10:50:40 | INFO    | PipelineLogger.write | CLEANUP REMOVE..........: C:\Setups\.work\linkpagamento\Release\Xml\Movimento\NFe\Schemas\leiauteCancNFe_v2.00.xsd
2026-09-10 10:50:40 | INFO    | PipelineLogger.write | CLEANUP REMOVE..........: C:\Setups\.work\linkpagamento\Release\Xml\Movimento\NFe\Schemas\leiauteCCe_v1.00.xsd
2026-09-10 10:50:40 | INFO    | PipelineLogger.write | CLEANUP REMOVE..........: C:\Setups\.work\linkpagamento\Release\Xml\Movimento\NFe\Schemas\leiauteCcgConsGTIN_v1.00.xsd
2026-09-10 10:50:40 | INFO    | PipelineLogger.write | CLEANUP REMOVE..........: C:\Setups\.work\linkpagamento\Release\Xml\Movimento\NFe\Schemas\leiauteComprovanteEntregaNFe_v1.00.xsd
2026-09-10 10:50:40 | INFO    | PipelineLogger.write | CLEANUP REMOVE..........: C:\Setups\.work\linkpagamento\Release\Xml\Movimento\NFe\Schemas\leiauteConfRecebto_v1.00.xsd
2026-09-10 10:50:40 | INFO    | PipelineLogger.write | CLEANUP REMOVE..........: C:\Setups\.work\linkpagamento\Release\Xml\Movimento\NFe\Schemas\leiauteConsNFeDest_v1.01.xsd
2026-09-10 10:50:40 | INFO    | PipelineLogger.write | CLEANUP REMOVE..........: C:\Setups\.work\linkpagamento\Release\Xml\Movimento\NFe\Schemas\leiauteConsSitNFe_v2.01.xsd
2026-09-10 10:50:41 | INFO    | PipelineLogger.write | CLEANUP REMOVE..........: C:\Setups\.work\linkpagamento\Release\Xml\Movimento\NFe\Schemas\leiauteConsSitNFe_v3.10.xsd
2026-09-10 10:50:41 | INFO    | PipelineLogger.write | CLEANUP REMOVE..........: C:\Setups\.work\linkpagamento\Release\Xml\Movimento\NFe\Schemas\leiauteConsSitNFe_v4.00.xsd
2026-09-10 10:50:42 | INFO    | PipelineLogger.write | CLEANUP REMOVE..........: C:\Setups\.work\linkpagamento\Release\Xml\Movimento\NFe\Schemas\leiauteConsStatServ_v2.00.xsd
2026-09-10 10:50:42 | INFO    | PipelineLogger.write | CLEANUP REMOVE..........: C:\Setups\.work\linkpagamento\Release\Xml\Movimento\NFe\Schemas\leiauteConsStatServ_v3.10.xsd
2026-09-10 10:50:42 | INFO    | PipelineLogger.write | CLEANUP REMOVE..........: C:\Setups\.work\linkpagamento\Release\Xml\Movimento\NFe\Schemas\leiauteConsStatServ_v4.00.xsd
2026-09-10 10:50:42 | INFO    | PipelineLogger.write | CLEANUP REMOVE..........: C:\Setups\.work\linkpagamento\Release\Xml\Movimento\NFe\Schemas\leiauteConsultaCadastro_v1.01.xsd
2026-09-10 10:50:42 | INFO    | PipelineLogger.write | CLEANUP REMOVE..........: C:\Setups\.work\linkpagamento\Release\Xml\Movimento\NFe\Schemas\leiauteConsultaCadastro_v2.00.xsd
2026-09-10 10:50:42 | INFO    | PipelineLogger.write | CLEANUP REMOVE..........: C:\Setups\.work\linkpagamento\Release\Xml\Movimento\NFe\Schemas\leiauteConsultaCadastro_v3.10.xsd
2026-09-10 10:50:42 | INFO    | PipelineLogger.write | CLEANUP REMOVE..........: C:\Setups\.work\linkpagamento\Release\Xml\Movimento\NFe\Schemas\leiauteDownloadNFe_v1.00.xsd
2026-09-10 10:50:42 | INFO    | PipelineLogger.write | CLEANUP REMOVE..........: C:\Setups\.work\linkpagamento\Release\Xml\Movimento\NFe\Schemas\leiauteDPEC_v1.01.xsd
2026-09-10 10:50:42 | INFO    | PipelineLogger.write | CLEANUP REMOVE..........: C:\Setups\.work\linkpagamento\Release\Xml\Movimento\NFe\Schemas\leiauteEPEC_v1.00.xsd
2026-09-10 10:50:42 | INFO    | PipelineLogger.write | CLEANUP REMOVE..........: C:\Setups\.work\linkpagamento\Release\Xml\Movimento\NFe\Schemas\leiauteEventoAtorInteressado_v1.00.xsd
2026-09-10 10:50:43 | INFO    | PipelineLogger.write | CLEANUP REMOVE..........: C:\Setups\.work\linkpagamento\Release\Xml\Movimento\NFe\Schemas\leiauteEventoCancEConf_v1.00.xsd
2026-09-10 10:50:43 | INFO    | PipelineLogger.write | CLEANUP REMOVE..........: C:\Setups\.work\linkpagamento\Release\Xml\Movimento\NFe\Schemas\leiauteEventoCancEntregaNFe_v1.00.xsd
2026-09-10 10:50:43 | INFO    | PipelineLogger.write | CLEANUP REMOVE..........: C:\Setups\.work\linkpagamento\Release\Xml\Movimento\NFe\Schemas\leiauteEventoCancInsucessoNFe_v1.00.xsd
2026-09-10 10:50:43 | INFO    | PipelineLogger.write | CLEANUP REMOVE..........: C:\Setups\.work\linkpagamento\Release\Xml\Movimento\NFe\Schemas\leiauteEventoCancNFe_v1.00.xsd
2026-09-10 10:50:43 | INFO    | PipelineLogger.write | CLEANUP REMOVE..........: C:\Setups\.work\linkpagamento\Release\Xml\Movimento\NFe\Schemas\leiauteEventoCancSubst_v1.00.xsd
2026-09-10 10:50:43 | INFO    | PipelineLogger.write | CLEANUP REMOVE..........: C:\Setups\.work\linkpagamento\Release\Xml\Movimento\NFe\Schemas\leiauteEventoEConf_v1.00.xsd
2026-09-10 10:50:43 | INFO    | PipelineLogger.write | CLEANUP REMOVE..........: C:\Setups\.work\linkpagamento\Release\Xml\Movimento\NFe\Schemas\leiauteEventoEntregaNFe_v1.00.xsd
2026-09-10 10:50:43 | INFO    | PipelineLogger.write | CLEANUP REMOVE..........: C:\Setups\.work\linkpagamento\Release\Xml\Movimento\NFe\Schemas\leiauteEventoInsucessoNFe_v1.00.xsd
2026-09-10 10:50:43 | INFO    | PipelineLogger.write | CLEANUP REMOVE..........: C:\Setups\.work\linkpagamento\Release\Xml\Movimento\NFe\Schemas\leiauteEvento_v1.00.xsd
2026-09-10 10:50:44 | INFO    | PipelineLogger.write | CLEANUP REMOVE..........: C:\Setups\.work\linkpagamento\Release\Xml\Movimento\NFe\Schemas\leiauteInutNFe_v2.00.xsd
2026-09-10 10:50:44 | INFO    | PipelineLogger.write | CLEANUP REMOVE..........: C:\Setups\.work\linkpagamento\Release\Xml\Movimento\NFe\Schemas\leiauteInutNFe_v3.10.xsd
2026-09-10 10:50:45 | INFO    | PipelineLogger.write | CLEANUP REMOVE..........: C:\Setups\.work\linkpagamento\Release\Xml\Movimento\NFe\Schemas\leiauteInutNFe_v4.00.xsd
2026-09-10 10:50:45 | INFO    | PipelineLogger.write | CLEANUP REMOVE..........: C:\Setups\.work\linkpagamento\Release\Xml\Movimento\NFe\Schemas\leiauteLivroCombustivel_v1.00.xsd
2026-09-10 10:50:45 | INFO    | PipelineLogger.write | CLEANUP REMOVE..........: C:\Setups\.work\linkpagamento\Release\Xml\Movimento\NFe\Schemas\leiauteLMCAutorizacaoRetorno_v1.00.xsd
2026-09-10 10:50:46 | INFO    | PipelineLogger.write | CLEANUP REMOVE..........: C:\Setups\.work\linkpagamento\Release\Xml\Movimento\NFe\Schemas\leiauteLMCAutorizacao_v1.00.xsd
2026-09-10 10:50:46 | INFO    | PipelineLogger.write | CLEANUP REMOVE..........: C:\Setups\.work\linkpagamento\Release\Xml\Movimento\NFe\Schemas\leiauteLMCStatusServico_v1.00.xsd
2026-09-10 10:50:47 | INFO    | PipelineLogger.write | CLEANUP REMOVE..........: C:\Setups\.work\linkpagamento\Release\Xml\Movimento\NFe\Schemas\leiauteNFe_v2.00.xsd
2026-09-10 10:50:47 | INFO    | PipelineLogger.write | CLEANUP REMOVE..........: C:\Setups\.work\linkpagamento\Release\Xml\Movimento\NFe\Schemas\leiauteNFe_v3.10.xsd
2026-09-10 10:50:47 | INFO    | PipelineLogger.write | CLEANUP REMOVE..........: C:\Setups\.work\linkpagamento\Release\Xml\Movimento\NFe\Schemas\leiauteNFe_v4.00.xsd
2026-09-10 10:50:47 | INFO    | PipelineLogger.write | CLEANUP REMOVE..........: C:\Setups\.work\linkpagamento\Release\Xml\Movimento\NFe\Schemas\leiauteNFe_v4.00_Homologacao.xsd
2026-09-10 10:50:48 | INFO    | PipelineLogger.write | CLEANUP REMOVE..........: C:\Setups\.work\linkpagamento\Release\Xml\Movimento\NFe\Schemas\leiauteProtLivroCombustivel_v1.00.xsd
2026-09-10 10:50:48 | INFO    | PipelineLogger.write | CLEANUP REMOVE..........: C:\Setups\.work\linkpagamento\Release\Xml\Movimento\NFe\Schemas\leiauteRemIndus_v1.00.xsd
2026-09-10 10:50:48 | INFO    | PipelineLogger.write | CLEANUP REMOVE..........: C:\Setups\.work\linkpagamento\Release\Xml\Movimento\NFe\Schemas\leiauteSRE_v1.00.xsd
2026-09-10 10:50:48 | INFO    | PipelineLogger.write | CLEANUP REMOVE..........: C:\Setups\.work\linkpagamento\Release\Xml\Movimento\NFe\Schemas\leiauteSuframaInternaliza_v1.00.xsd
2026-09-10 10:50:48 | INFO    | PipelineLogger.write | CLEANUP REMOVE..........: C:\Setups\.work\linkpagamento\Release\Xml\Movimento\NFe\Schemas\leiauteSuframaVistoria_v1.00.xsd
2026-09-10 10:50:48 | INFO    | PipelineLogger.write | CLEANUP REMOVE..........: C:\Setups\.work\linkpagamento\Release\Xml\Movimento\NFe\Schemas\livroCombustivel_v1.00.xsd
2026-09-10 10:50:48 | INFO    | PipelineLogger.write | CLEANUP REMOVE..........: C:\Setups\.work\linkpagamento\Release\Xml\Movimento\NFe\Schemas\lmcComum_v1.00.xsd
2026-09-10 10:50:48 | INFO    | PipelineLogger.write | CLEANUP REMOVE..........: C:\Setups\.work\linkpagamento\Release\Xml\Movimento\NFe\Schemas\nfe_v2.00.xsd
2026-09-10 10:50:48 | INFO    | PipelineLogger.write | CLEANUP REMOVE..........: C:\Setups\.work\linkpagamento\Release\Xml\Movimento\NFe\Schemas\nfe_v3.10.xsd
2026-09-10 10:50:48 | INFO    | PipelineLogger.write | CLEANUP REMOVE..........: C:\Setups\.work\linkpagamento\Release\Xml\Movimento\NFe\Schemas\nfe_v4.00.xsd
2026-09-10 10:50:48 | INFO    | PipelineLogger.write | CLEANUP REMOVE..........: C:\Setups\.work\linkpagamento\Release\Xml\Movimento\NFe\Schemas\procAverbNFe_v1.00.xsd
2026-09-10 10:50:48 | INFO    | PipelineLogger.write | CLEANUP REMOVE..........: C:\Setups\.work\linkpagamento\Release\Xml\Movimento\NFe\Schemas\procCancNFe_v2.00.xsd
2026-09-10 10:50:48 | INFO    | PipelineLogger.write | CLEANUP REMOVE..........: C:\Setups\.work\linkpagamento\Release\Xml\Movimento\NFe\Schemas\procCCeNFe_v1.00.xsd
2026-09-10 10:50:49 | INFO    | PipelineLogger.write | CLEANUP REMOVE..........: C:\Setups\.work\linkpagamento\Release\Xml\Movimento\NFe\Schemas\procComprovanteEntregaNFe_v1.00.xsd
2026-09-10 10:50:49 | INFO    | PipelineLogger.write | CLEANUP REMOVE..........: C:\Setups\.work\linkpagamento\Release\Xml\Movimento\NFe\Schemas\procConfRecebtoNFe_v1.00.xsd
2026-09-10 10:50:50 | INFO    | PipelineLogger.write | CLEANUP REMOVE..........: C:\Setups\.work\linkpagamento\Release\Xml\Movimento\NFe\Schemas\procEPEC_v1.00.xsd
2026-09-10 10:50:50 | INFO    | PipelineLogger.write | CLEANUP REMOVE..........: C:\Setups\.work\linkpagamento\Release\Xml\Movimento\NFe\Schemas\procEventoAtorInteressado_v1.00.xsd
2026-09-10 10:50:51 | INFO    | PipelineLogger.write | CLEANUP REMOVE..........: C:\Setups\.work\linkpagamento\Release\Xml\Movimento\NFe\Schemas\procEventoCancEConf_v1.00.xsd
2026-09-10 10:50:51 | INFO    | PipelineLogger.write | CLEANUP REMOVE..........: C:\Setups\.work\linkpagamento\Release\Xml\Movimento\NFe\Schemas\procEventoCancEntregaNFe_v1.00.xsd
2026-09-10 10:50:52 | INFO    | PipelineLogger.write | CLEANUP REMOVE..........: C:\Setups\.work\linkpagamento\Release\Xml\Movimento\NFe\Schemas\procEventoCancInsucessoNFe_v1.00.xsd
2026-09-10 10:50:52 | INFO    | PipelineLogger.write | CLEANUP REMOVE..........: C:\Setups\.work\linkpagamento\Release\Xml\Movimento\NFe\Schemas\procEventoCancNFe_v1.00.xsd
2026-09-10 10:50:53 | INFO    | PipelineLogger.write | CLEANUP REMOVE..........: C:\Setups\.work\linkpagamento\Release\Xml\Movimento\NFe\Schemas\procEventoCancSubst_v1.00.xsd
2026-09-10 10:50:53 | INFO    | PipelineLogger.write | CLEANUP REMOVE..........: C:\Setups\.work\linkpagamento\Release\Xml\Movimento\NFe\Schemas\procEventoEConf_v1.00.xsd
2026-09-10 10:50:53 | INFO    | PipelineLogger.write | CLEANUP REMOVE..........: C:\Setups\.work\linkpagamento\Release\Xml\Movimento\NFe\Schemas\procEventoEntregaNFe_v1.00.xsd
2026-09-10 10:50:54 | INFO    | PipelineLogger.write | CLEANUP REMOVE..........: C:\Setups\.work\linkpagamento\Release\Xml\Movimento\NFe\Schemas\procEventoInsucessoNFe_v1.00.xsd
2026-09-10 10:50:54 | INFO    | PipelineLogger.write | CLEANUP REMOVE..........: C:\Setups\.work\linkpagamento\Release\Xml\Movimento\NFe\Schemas\procEventoNFe_v1.00.xsd
2026-09-10 10:50:54 | INFO    | PipelineLogger.write | CLEANUP REMOVE..........: C:\Setups\.work\linkpagamento\Release\Xml\Movimento\NFe\Schemas\procEventoNFe_v99.99.xsd
2026-09-10 10:50:54 | INFO    | PipelineLogger.write | CLEANUP REMOVE..........: C:\Setups\.work\linkpagamento\Release\Xml\Movimento\NFe\Schemas\procInutNFe_v2.00.xsd
2026-09-10 10:50:54 | INFO    | PipelineLogger.write | CLEANUP REMOVE..........: C:\Setups\.work\linkpagamento\Release\Xml\Movimento\NFe\Schemas\procInutNFe_v3.10.xsd
2026-09-10 10:50:54 | INFO    | PipelineLogger.write | CLEANUP REMOVE..........: C:\Setups\.work\linkpagamento\Release\Xml\Movimento\NFe\Schemas\procInutNFe_v4.00.xsd
2026-09-10 10:50:54 | INFO    | PipelineLogger.write | CLEANUP REMOVE..........: C:\Setups\.work\linkpagamento\Release\Xml\Movimento\NFe\Schemas\procNFe_v2.00.xsd
2026-09-10 10:50:54 | INFO    | PipelineLogger.write | CLEANUP REMOVE..........: C:\Setups\.work\linkpagamento\Release\Xml\Movimento\NFe\Schemas\procNFe_v3.10.xsd
2026-09-10 10:50:55 | INFO    | PipelineLogger.write | CLEANUP REMOVE..........: C:\Setups\.work\linkpagamento\Release\Xml\Movimento\NFe\Schemas\procNFe_v4.00.xsd
2026-09-10 10:50:55 | INFO    | PipelineLogger.write | CLEANUP REMOVE..........: C:\Setups\.work\linkpagamento\Release\Xml\Movimento\NFe\Schemas\procRemIndus_v1.00.xsd
2026-09-10 10:50:56 | INFO    | PipelineLogger.write | CLEANUP REMOVE..........: C:\Setups\.work\linkpagamento\Release\Xml\Movimento\NFe\Schemas\prod_leiauteNFe_v4.00.xsd
2026-09-10 10:50:57 | INFO    | PipelineLogger.write | CLEANUP REMOVE..........: C:\Setups\.work\linkpagamento\Release\Xml\Movimento\NFe\Schemas\resEvento_v1.00.xsd
2026-09-10 10:50:57 | INFO    | PipelineLogger.write | CLEANUP REMOVE..........: C:\Setups\.work\linkpagamento\Release\Xml\Movimento\NFe\Schemas\resEvento_v1.01.xsd
2026-09-10 10:50:58 | INFO    | PipelineLogger.write | CLEANUP REMOVE..........: C:\Setups\.work\linkpagamento\Release\Xml\Movimento\NFe\Schemas\resNFe_v1.00.xsd
2026-09-10 10:50:58 | INFO    | PipelineLogger.write | CLEANUP REMOVE..........: C:\Setups\.work\linkpagamento\Release\Xml\Movimento\NFe\Schemas\resNFe_v1.01.xsd
2026-09-10 10:50:59 | INFO    | PipelineLogger.write | CLEANUP REMOVE..........: C:\Setups\.work\linkpagamento\Release\Xml\Movimento\NFe\Schemas\retAtuCadEmiDFe_v1.01.xsd
2026-09-10 10:50:59 | INFO    | PipelineLogger.write | CLEANUP REMOVE..........: C:\Setups\.work\linkpagamento\Release\Xml\Movimento\NFe\Schemas\retCancNFe_v2.00.xsd
2026-09-10 10:51:00 | INFO    | PipelineLogger.write | CLEANUP REMOVE..........: C:\Setups\.work\linkpagamento\Release\Xml\Movimento\NFe\Schemas\retComprovanteEntregaNFe_v1.00.xsd
2026-09-10 10:51:01 | INFO    | PipelineLogger.write | CLEANUP REMOVE..........: C:\Setups\.work\linkpagamento\Release\Xml\Movimento\NFe\Schemas\retConsCad_v2.00.xsd
2026-09-10 10:51:01 | INFO    | PipelineLogger.write | CLEANUP REMOVE..........: C:\Setups\.work\linkpagamento\Release\Xml\Movimento\NFe\Schemas\retConsDPEC_v1.01.xsd
2026-09-10 10:51:02 | INFO    | PipelineLogger.write | CLEANUP REMOVE..........: C:\Setups\.work\linkpagamento\Release\Xml\Movimento\NFe\Schemas\retConsGTIN_v1.00.xsd
2026-09-10 10:51:02 | INFO    | PipelineLogger.write | CLEANUP REMOVE..........: C:\Setups\.work\linkpagamento\Release\Xml\Movimento\NFe\Schemas\retconsNFeDest_v1.01.xsd
2026-09-10 10:51:02 | INFO    | PipelineLogger.write | CLEANUP REMOVE..........: C:\Setups\.work\linkpagamento\Release\Xml\Movimento\NFe\Schemas\retConsReciNFe_v2.00.xsd
2026-09-10 10:51:02 | INFO    | PipelineLogger.write | CLEANUP REMOVE..........: C:\Setups\.work\linkpagamento\Release\Xml\Movimento\NFe\Schemas\retConsReciNFe_v3.10.xsd
2026-09-10 10:51:02 | INFO    | PipelineLogger.write | CLEANUP REMOVE..........: C:\Setups\.work\linkpagamento\Release\Xml\Movimento\NFe\Schemas\retConsReciNFe_v4.00.xsd
2026-09-10 10:51:02 | INFO    | PipelineLogger.write | CLEANUP REMOVE..........: C:\Setups\.work\linkpagamento\Release\Xml\Movimento\NFe\Schemas\retConsSitNFe_v2.01.xsd
2026-09-10 10:51:02 | INFO    | PipelineLogger.write | CLEANUP REMOVE..........: C:\Setups\.work\linkpagamento\Release\Xml\Movimento\NFe\Schemas\retConsSitNFe_v3.10.xsd
2026-09-10 10:51:02 | INFO    | PipelineLogger.write | CLEANUP REMOVE..........: C:\Setups\.work\linkpagamento\Release\Xml\Movimento\NFe\Schemas\retConsSitNFe_v4.00.xsd
2026-09-10 10:51:03 | INFO    | PipelineLogger.write | CLEANUP REMOVE..........: C:\Setups\.work\linkpagamento\Release\Xml\Movimento\NFe\Schemas\retConsStatServ_v2.00.xsd
2026-09-10 10:51:03 | INFO    | PipelineLogger.write | CLEANUP REMOVE..........: C:\Setups\.work\linkpagamento\Release\Xml\Movimento\NFe\Schemas\retConsStatServ_v3.10.xsd
2026-09-10 10:51:03 | INFO    | PipelineLogger.write | CLEANUP REMOVE..........: C:\Setups\.work\linkpagamento\Release\Xml\Movimento\NFe\Schemas\retConsStatServ_v4.00.xsd
2026-09-10 10:51:03 | INFO    | PipelineLogger.write | CLEANUP REMOVE..........: C:\Setups\.work\linkpagamento\Release\Xml\Movimento\NFe\Schemas\retDistDFeInt_v1.00.xsd
2026-09-10 10:51:03 | INFO    | PipelineLogger.write | CLEANUP REMOVE..........: C:\Setups\.work\linkpagamento\Release\Xml\Movimento\NFe\Schemas\retDistDFeInt_v1.01.xsd
2026-09-10 10:51:03 | INFO    | PipelineLogger.write | CLEANUP REMOVE..........: C:\Setups\.work\linkpagamento\Release\Xml\Movimento\NFe\Schemas\retDownloadNFe_v1.00.xsd
2026-09-10 10:51:03 | INFO    | PipelineLogger.write | CLEANUP REMOVE..........: C:\Setups\.work\linkpagamento\Release\Xml\Movimento\NFe\Schemas\retDPEC_v1.01.xsd
2026-09-10 10:51:03 | INFO    | PipelineLogger.write | CLEANUP REMOVE..........: C:\Setups\.work\linkpagamento\Release\Xml\Movimento\NFe\Schemas\retEnvAverb_v1.00.xsd
2026-09-10 10:51:03 | INFO    | PipelineLogger.write | CLEANUP REMOVE..........: C:\Setups\.work\linkpagamento\Release\Xml\Movimento\NFe\Schemas\retEnvCancelPProrrogNFe_v1.0.xsd
2026-09-10 10:51:04 | INFO    | PipelineLogger.write | CLEANUP REMOVE..........: C:\Setups\.work\linkpagamento\Release\Xml\Movimento\NFe\Schemas\retEnvCCe_v1.00.xsd
2026-09-10 10:51:04 | INFO    | PipelineLogger.write | CLEANUP REMOVE..........: C:\Setups\.work\linkpagamento\Release\Xml\Movimento\NFe\Schemas\retEnvConfRecebto_v1.00.xsd
2026-09-10 10:51:05 | INFO    | PipelineLogger.write | CLEANUP REMOVE..........: C:\Setups\.work\linkpagamento\Release\Xml\Movimento\NFe\Schemas\retEnvEPEC_v1.00.xsd
2026-09-10 10:51:06 | INFO    | PipelineLogger.write | CLEANUP REMOVE..........: C:\Setups\.work\linkpagamento\Release\Xml\Movimento\NFe\Schemas\retEnvEventoAtorInteressado_v1.00.xsd
2026-09-10 10:51:06 | INFO    | PipelineLogger.write | CLEANUP REMOVE..........: C:\Setups\.work\linkpagamento\Release\Xml\Movimento\NFe\Schemas\retEnvEventoCancNFe_v1.00.xsd
2026-09-10 10:51:07 | INFO    | PipelineLogger.write | CLEANUP REMOVE..........: C:\Setups\.work\linkpagamento\Release\Xml\Movimento\NFe\Schemas\retEnvEventoCancSubst_v1.00.xsd
2026-09-10 10:51:07 | INFO    | PipelineLogger.write | CLEANUP REMOVE..........: C:\Setups\.work\linkpagamento\Release\Xml\Movimento\NFe\Schemas\retEnvEvento_v1.00.xsd
2026-09-10 10:51:08 | INFO    | PipelineLogger.write | CLEANUP REMOVE..........: C:\Setups\.work\linkpagamento\Release\Xml\Movimento\NFe\Schemas\retEnvFiscoNFe_v1.0.xsd
2026-09-10 10:51:08 | INFO    | PipelineLogger.write | CLEANUP REMOVE..........: C:\Setups\.work\linkpagamento\Release\Xml\Movimento\NFe\Schemas\retEnviNFe_v2.00.xsd
2026-09-10 10:51:08 | INFO    | PipelineLogger.write | CLEANUP REMOVE..........: C:\Setups\.work\linkpagamento\Release\Xml\Movimento\NFe\Schemas\retEnviNFe_v3.10.xsd
2026-09-10 10:51:08 | INFO    | PipelineLogger.write | CLEANUP REMOVE..........: C:\Setups\.work\linkpagamento\Release\Xml\Movimento\NFe\Schemas\retEnviNFe_v4.00.xsd
2026-09-10 10:51:08 | INFO    | PipelineLogger.write | CLEANUP REMOVE..........: C:\Setups\.work\linkpagamento\Release\Xml\Movimento\NFe\Schemas\retEnvRemIndus_v1.00.xsd
2026-09-10 10:51:08 | INFO    | PipelineLogger.write | CLEANUP REMOVE..........: C:\Setups\.work\linkpagamento\Release\Xml\Movimento\NFe\Schemas\retEnvSuframaInternaliza_v1.00.xsd
2026-09-10 10:51:08 | INFO    | PipelineLogger.write | CLEANUP REMOVE..........: C:\Setups\.work\linkpagamento\Release\Xml\Movimento\NFe\Schemas\retEnvSuframaVistoria_v1.00.xsd
2026-09-10 10:51:08 | INFO    | PipelineLogger.write | CLEANUP REMOVE..........: C:\Setups\.work\linkpagamento\Release\Xml\Movimento\NFe\Schemas\retEventoCancEConf_v1.00.xsd
2026-09-10 10:51:08 | INFO    | PipelineLogger.write | CLEANUP REMOVE..........: C:\Setups\.work\linkpagamento\Release\Xml\Movimento\NFe\Schemas\retEventoCancEntregaNFe_v1.00.xsd
2026-09-10 10:51:08 | INFO    | PipelineLogger.write | CLEANUP REMOVE..........: C:\Setups\.work\linkpagamento\Release\Xml\Movimento\NFe\Schemas\retEventoCancInsucessoNFe_v1.00.xsd
2026-09-10 10:51:08 | INFO    | PipelineLogger.write | CLEANUP REMOVE..........: C:\Setups\.work\linkpagamento\Release\Xml\Movimento\NFe\Schemas\retEventoEConf_v1.00.xsd
2026-09-10 10:51:08 | INFO    | PipelineLogger.write | CLEANUP REMOVE..........: C:\Setups\.work\linkpagamento\Release\Xml\Movimento\NFe\Schemas\retEventoEntregaNFe_v1.00.xsd
2026-09-10 10:51:08 | INFO    | PipelineLogger.write | CLEANUP REMOVE..........: C:\Setups\.work\linkpagamento\Release\Xml\Movimento\NFe\Schemas\retEventoEPEC_v0.01.xsd
2026-09-10 10:51:09 | INFO    | PipelineLogger.write | CLEANUP REMOVE..........: C:\Setups\.work\linkpagamento\Release\Xml\Movimento\NFe\Schemas\retEventoInsucessoNFe_v1.00.xsd
2026-09-10 10:51:09 | INFO    | PipelineLogger.write | CLEANUP REMOVE..........: C:\Setups\.work\linkpagamento\Release\Xml\Movimento\NFe\Schemas\retInutNFe_v2.00.xsd
2026-09-10 10:51:09 | INFO    | PipelineLogger.write | CLEANUP REMOVE..........: C:\Setups\.work\linkpagamento\Release\Xml\Movimento\NFe\Schemas\retInutNFe_v3.10.xsd
2026-09-10 10:51:09 | INFO    | PipelineLogger.write | CLEANUP REMOVE..........: C:\Setups\.work\linkpagamento\Release\Xml\Movimento\NFe\Schemas\retInutNFe_v4.00.xsd
2026-09-10 10:51:09 | INFO    | PipelineLogger.write | CLEANUP REMOVE..........: C:\Setups\.work\linkpagamento\Release\Xml\Movimento\NFe\Schemas\retPProrrogNFe_v1.0.xsd
2026-09-10 10:51:09 | INFO    | PipelineLogger.write | CLEANUP REMOVE..........: C:\Setups\.work\linkpagamento\Release\Xml\Movimento\NFe\Schemas\statusServico_v1.00.xsd
2026-09-10 10:51:09 | INFO    | PipelineLogger.write | CLEANUP REMOVE..........: C:\Setups\.work\linkpagamento\Release\Xml\Movimento\NFe\Schemas\SuframaInternaliza_v1.00.xsd
2026-09-10 10:51:09 | INFO    | PipelineLogger.write | CLEANUP REMOVE..........: C:\Setups\.work\linkpagamento\Release\Xml\Movimento\NFe\Schemas\SuframaVistoria_v1.00.xsd
2026-09-10 10:51:09 | INFO    | PipelineLogger.write | CLEANUP REMOVE..........: C:\Setups\.work\linkpagamento\Release\Xml\Movimento\NFe\Schemas\tiposBasicosCcgConsGTIN_v1.00.xsd
2026-09-10 10:51:09 | INFO    | PipelineLogger.write | CLEANUP REMOVE..........: C:\Setups\.work\linkpagamento\Release\Xml\Movimento\NFe\Schemas\tiposBasico_v1.00.xsd
2026-09-10 10:51:09 | INFO    | PipelineLogger.write | CLEANUP REMOVE..........: C:\Setups\.work\linkpagamento\Release\Xml\Movimento\NFe\Schemas\tiposBasico_v1.03.xsd
2026-09-10 10:51:09 | INFO    | PipelineLogger.write | CLEANUP REMOVE..........: C:\Setups\.work\linkpagamento\Release\Xml\Movimento\NFe\Schemas\tiposBasico_v1.03_OPENSSL.xsd
2026-09-10 10:51:09 | INFO    | PipelineLogger.write | CLEANUP REMOVE..........: C:\Setups\.work\linkpagamento\Release\Xml\Movimento\NFe\Schemas\tiposBasico_v3.10.xsd
2026-09-10 10:51:09 | INFO    | PipelineLogger.write | CLEANUP REMOVE..........: C:\Setups\.work\linkpagamento\Release\Xml\Movimento\NFe\Schemas\tiposBasico_v3.10_OPENSSL.xsd
2026-09-10 10:51:09 | INFO    | PipelineLogger.write | CLEANUP REMOVE..........: C:\Setups\.work\linkpagamento\Release\Xml\Movimento\NFe\Schemas\tiposBasico_v4.00.xsd
2026-09-10 10:51:09 | INFO    | PipelineLogger.write | CLEANUP REMOVE..........: C:\Setups\.work\linkpagamento\Release\Xml\Movimento\NFe\Schemas\tiposDistDFe_v1.00.xsd
2026-09-10 10:51:09 | INFO    | PipelineLogger.write | CLEANUP REMOVE..........: C:\Setups\.work\linkpagamento\Release\Xml\Movimento\NFe\Schemas\tiposDistDFe_v1.01.xsd
2026-09-10 10:51:09 | INFO    | PipelineLogger.write | CLEANUP REMOVE..........: C:\Setups\.work\linkpagamento\Release\Xml\Movimento\NFe\Schemas\xmldsig-core-schema_v1.01.xsd
2026-09-10 10:51:09 | INFO    | PipelineLogger.write | CLEANUP REMOVE..........: C:\Setups\.work\linkpagamento\Release\Xml\Movimento\Cte\Schemas\2.00\cancCTeTiposBasico_v2.00.xsd
2026-09-10 10:51:09 | INFO    | PipelineLogger.write | CLEANUP REMOVE..........: C:\Setups\.work\linkpagamento\Release\Xml\Movimento\Cte\Schemas\2.00\consReciCTeTiposBasico_v2.00.xsd
2026-09-10 10:51:09 | INFO    | PipelineLogger.write | CLEANUP REMOVE..........: C:\Setups\.work\linkpagamento\Release\Xml\Movimento\Cte\Schemas\2.00\consReciCTe_v2.00.xsd
2026-09-10 10:51:09 | INFO    | PipelineLogger.write | CLEANUP REMOVE..........: C:\Setups\.work\linkpagamento\Release\Xml\Movimento\Cte\Schemas\2.00\consSitCTeTiposBasico_v2.00.xsd
2026-09-10 10:51:10 | INFO    | PipelineLogger.write | CLEANUP REMOVE..........: C:\Setups\.work\linkpagamento\Release\Xml\Movimento\Cte\Schemas\2.00\consSitCTe_v2.00.xsd
2026-09-10 10:51:10 | INFO    | PipelineLogger.write | CLEANUP REMOVE..........: C:\Setups\.work\linkpagamento\Release\Xml\Movimento\Cte\Schemas\2.00\consStatServCTe_v2.00.xsd
2026-09-10 10:51:10 | INFO    | PipelineLogger.write | CLEANUP REMOVE..........: C:\Setups\.work\linkpagamento\Release\Xml\Movimento\Cte\Schemas\2.00\consStatServTiposBasico_v2.00.xsd
2026-09-10 10:51:10 | INFO    | PipelineLogger.write | CLEANUP REMOVE..........: C:\Setups\.work\linkpagamento\Release\Xml\Movimento\Cte\Schemas\2.00\cteModalAereo_v2.00.xsd
2026-09-10 10:51:10 | INFO    | PipelineLogger.write | CLEANUP REMOVE..........: C:\Setups\.work\linkpagamento\Release\Xml\Movimento\Cte\Schemas\2.00\cteModalAquaviario_v2.00.xsd
2026-09-10 10:51:11 | INFO    | PipelineLogger.write | CLEANUP REMOVE..........: C:\Setups\.work\linkpagamento\Release\Xml\Movimento\Cte\Schemas\2.00\cteModalDutoviario_v2.00.xsd
2026-09-10 10:51:11 | INFO    | PipelineLogger.write | CLEANUP REMOVE..........: C:\Setups\.work\linkpagamento\Release\Xml\Movimento\Cte\Schemas\2.00\cteModalFerroviario_v2.00.xsd
2026-09-10 10:51:11 | INFO    | PipelineLogger.write | CLEANUP REMOVE..........: C:\Setups\.work\linkpagamento\Release\Xml\Movimento\Cte\Schemas\2.00\cteModalRodoviario_v2.00.xsd
2026-09-10 10:51:12 | INFO    | PipelineLogger.write | CLEANUP REMOVE..........: C:\Setups\.work\linkpagamento\Release\Xml\Movimento\Cte\Schemas\2.00\cteMultiModal_v2.00.xsd
2026-09-10 10:51:12 | INFO    | PipelineLogger.write | CLEANUP REMOVE..........: C:\Setups\.work\linkpagamento\Release\Xml\Movimento\Cte\Schemas\2.00\cteTiposBasico_v2.00.xsd
2026-09-10 10:51:12 | INFO    | PipelineLogger.write | CLEANUP REMOVE..........: C:\Setups\.work\linkpagamento\Release\Xml\Movimento\Cte\Schemas\2.00\cte_v2.00.xsd
2026-09-10 10:51:12 | INFO    | PipelineLogger.write | CLEANUP REMOVE..........: C:\Setups\.work\linkpagamento\Release\Xml\Movimento\Cte\Schemas\2.00\enviCTe_v2.00.xsd
2026-09-10 10:51:13 | INFO    | PipelineLogger.write | CLEANUP REMOVE..........: C:\Setups\.work\linkpagamento\Release\Xml\Movimento\Cte\Schemas\2.00\evCancCTe_v2.00.xsd
2026-09-10 10:51:13 | INFO    | PipelineLogger.write | CLEANUP REMOVE..........: C:\Setups\.work\linkpagamento\Release\Xml\Movimento\Cte\Schemas\2.00\evCCeCTe_v2.00.xsd
2026-09-10 10:51:14 | INFO    | PipelineLogger.write | CLEANUP REMOVE..........: C:\Setups\.work\linkpagamento\Release\Xml\Movimento\Cte\Schemas\2.00\eventoCTeTiposBasico_v2.00.xsd
2026-09-10 10:51:14 | INFO    | PipelineLogger.write | CLEANUP REMOVE..........: C:\Setups\.work\linkpagamento\Release\Xml\Movimento\Cte\Schemas\2.00\eventoCTe_v2.00.xsd
2026-09-10 10:51:14 | INFO    | PipelineLogger.write | CLEANUP REMOVE..........: C:\Setups\.work\linkpagamento\Release\Xml\Movimento\Cte\Schemas\2.00\evEPECCTe_v2.00.xsd
2026-09-10 10:51:14 | INFO    | PipelineLogger.write | CLEANUP REMOVE..........: C:\Setups\.work\linkpagamento\Release\Xml\Movimento\Cte\Schemas\2.00\evRegMultimodal_v2.00.xsd
2026-09-10 10:51:15 | INFO    | PipelineLogger.write | CLEANUP REMOVE..........: C:\Setups\.work\linkpagamento\Release\Xml\Movimento\Cte\Schemas\2.00\inutCTeTiposBasico_v2.00.xsd
2026-09-10 10:51:15 | INFO    | PipelineLogger.write | CLEANUP REMOVE..........: C:\Setups\.work\linkpagamento\Release\Xml\Movimento\Cte\Schemas\2.00\inutCTe_v2.00.xsd
2026-09-10 10:51:15 | INFO    | PipelineLogger.write | CLEANUP REMOVE..........: C:\Setups\.work\linkpagamento\Release\Xml\Movimento\Cte\Schemas\2.00\procCTe_v2.00.xsd
2026-09-10 10:51:16 | INFO    | PipelineLogger.write | CLEANUP REMOVE..........: C:\Setups\.work\linkpagamento\Release\Xml\Movimento\Cte\Schemas\2.00\procEventoCTe_v2.00.xsd
2026-09-10 10:51:16 | INFO    | PipelineLogger.write | CLEANUP REMOVE..........: C:\Setups\.work\linkpagamento\Release\Xml\Movimento\Cte\Schemas\2.00\procInutCTe_v2.00.xsd
2026-09-10 10:51:17 | INFO    | PipelineLogger.write | CLEANUP REMOVE..........: C:\Setups\.work\linkpagamento\Release\Xml\Movimento\Cte\Schemas\2.00\retConsReciCTe_v2.00.xsd
2026-09-10 10:51:17 | INFO    | PipelineLogger.write | CLEANUP REMOVE..........: C:\Setups\.work\linkpagamento\Release\Xml\Movimento\Cte\Schemas\2.00\retConsSitCTe_v2.00.xsd
2026-09-10 10:51:18 | INFO    | PipelineLogger.write | CLEANUP REMOVE..........: C:\Setups\.work\linkpagamento\Release\Xml\Movimento\Cte\Schemas\2.00\retConsStatServCTe_v2.00.xsd
2026-09-10 10:51:18 | INFO    | PipelineLogger.write | CLEANUP REMOVE..........: C:\Setups\.work\linkpagamento\Release\Xml\Movimento\Cte\Schemas\2.00\retEnviCTe_v2.00.xsd
2026-09-10 10:51:18 | INFO    | PipelineLogger.write | CLEANUP REMOVE..........: C:\Setups\.work\linkpagamento\Release\Xml\Movimento\Cte\Schemas\2.00\retEventoCTe_v2.00.xsd
2026-09-10 10:51:18 | INFO    | PipelineLogger.write | CLEANUP REMOVE..........: C:\Setups\.work\linkpagamento\Release\Xml\Movimento\Cte\Schemas\2.00\retInutCTe_v2.00.xsd
2026-09-10 10:51:18 | INFO    | PipelineLogger.write | CLEANUP REMOVE..........: C:\Setups\.work\linkpagamento\Release\Xml\Movimento\Cte\Schemas\2.00\tiposGeralCTe_v2.00.xsd
2026-09-10 10:51:18 | INFO    | PipelineLogger.write | CLEANUP REMOVE..........: C:\Setups\.work\linkpagamento\Release\Xml\Movimento\Cte\Schemas\2.00\xmldsig-core-schema_v1.01.xsd
2026-09-10 10:51:18 | INFO    | PipelineLogger.write | CLEANUP REMOVE..........: C:\Setups\.work\linkpagamento\Release\Xml\Movimento\Cte\Schemas\3.00\consReciCTeTiposBasico_v3.00.xsd
2026-09-10 10:51:18 | INFO    | PipelineLogger.write | CLEANUP REMOVE..........: C:\Setups\.work\linkpagamento\Release\Xml\Movimento\Cte\Schemas\3.00\consReciCTe_v3.00.xsd
2026-09-10 10:51:19 | INFO    | PipelineLogger.write | CLEANUP REMOVE..........: C:\Setups\.work\linkpagamento\Release\Xml\Movimento\Cte\Schemas\3.00\consSitCTeTiposBasico_v3.00.xsd
2026-09-10 10:51:19 | INFO    | PipelineLogger.write | CLEANUP REMOVE..........: C:\Setups\.work\linkpagamento\Release\Xml\Movimento\Cte\Schemas\3.00\consSitCTe_v3.00.xsd
2026-09-10 10:51:19 | INFO    | PipelineLogger.write | CLEANUP REMOVE..........: C:\Setups\.work\linkpagamento\Release\Xml\Movimento\Cte\Schemas\3.00\consStatServCTe_v3.00.xsd
2026-09-10 10:51:19 | INFO    | PipelineLogger.write | CLEANUP REMOVE..........: C:\Setups\.work\linkpagamento\Release\Xml\Movimento\Cte\Schemas\3.00\consStatServTiposBasico_v3.00.xsd
2026-09-10 10:51:19 | INFO    | PipelineLogger.write | CLEANUP REMOVE..........: C:\Setups\.work\linkpagamento\Release\Xml\Movimento\Cte\Schemas\3.00\cteModalAereo_v3.00.xsd
2026-09-10 10:51:19 | INFO    | PipelineLogger.write | CLEANUP REMOVE..........: C:\Setups\.work\linkpagamento\Release\Xml\Movimento\Cte\Schemas\3.00\cteModalAquaviario_v3.00.xsd
2026-09-10 10:51:19 | INFO    | PipelineLogger.write | CLEANUP REMOVE..........: C:\Setups\.work\linkpagamento\Release\Xml\Movimento\Cte\Schemas\3.00\cteModalDutoviario_v3.00.xsd
2026-09-10 10:51:19 | INFO    | PipelineLogger.write | CLEANUP REMOVE..........: C:\Setups\.work\linkpagamento\Release\Xml\Movimento\Cte\Schemas\3.00\cteModalFerroviario_v3.00.xsd
2026-09-10 10:51:19 | INFO    | PipelineLogger.write | CLEANUP REMOVE..........: C:\Setups\.work\linkpagamento\Release\Xml\Movimento\Cte\Schemas\3.00\cteModalRodoviarioOS_v3.00.xsd
2026-09-10 10:51:19 | INFO    | PipelineLogger.write | CLEANUP REMOVE..........: C:\Setups\.work\linkpagamento\Release\Xml\Movimento\Cte\Schemas\3.00\cteModalRodoviario_v3.00.xsd
2026-09-10 10:51:19 | INFO    | PipelineLogger.write | CLEANUP REMOVE..........: C:\Setups\.work\linkpagamento\Release\Xml\Movimento\Cte\Schemas\3.00\cteMultiModal_v3.00.xsd
2026-09-10 10:51:19 | INFO    | PipelineLogger.write | CLEANUP REMOVE..........: C:\Setups\.work\linkpagamento\Release\Xml\Movimento\Cte\Schemas\3.00\cteOS_v3.00.xsd
2026-09-10 10:51:19 | INFO    | PipelineLogger.write | CLEANUP REMOVE..........: C:\Setups\.work\linkpagamento\Release\Xml\Movimento\Cte\Schemas\3.00\cteTiposBasico_v3.00.xsd
2026-09-10 10:51:19 | INFO    | PipelineLogger.write | CLEANUP REMOVE..........: C:\Setups\.work\linkpagamento\Release\Xml\Movimento\Cte\Schemas\3.00\cte_v3.00.xsd
2026-09-10 10:51:19 | INFO    | PipelineLogger.write | CLEANUP REMOVE..........: C:\Setups\.work\linkpagamento\Release\Xml\Movimento\Cte\Schemas\3.00\enviCTe_v3.00.xsd
2026-09-10 10:51:19 | INFO    | PipelineLogger.write | CLEANUP REMOVE..........: C:\Setups\.work\linkpagamento\Release\Xml\Movimento\Cte\Schemas\3.00\evCancCECTe_v3.00.xsd
2026-09-10 10:51:19 | INFO    | PipelineLogger.write | CLEANUP REMOVE..........: C:\Setups\.work\linkpagamento\Release\Xml\Movimento\Cte\Schemas\3.00\evCancCTe_v3.00.xsd
2026-09-10 10:51:19 | INFO    | PipelineLogger.write | CLEANUP REMOVE..........: C:\Setups\.work\linkpagamento\Release\Xml\Movimento\Cte\Schemas\3.00\evCCeCTe_v3.00.xsd
2026-09-10 10:51:19 | INFO    | PipelineLogger.write | CLEANUP REMOVE..........: C:\Setups\.work\linkpagamento\Release\Xml\Movimento\Cte\Schemas\3.00\evCECTe_v3.00.xsd
2026-09-10 10:51:19 | INFO    | PipelineLogger.write | CLEANUP REMOVE..........: C:\Setups\.work\linkpagamento\Release\Xml\Movimento\Cte\Schemas\3.00\eventoCTeTiposBasico_v3.00.xsd
2026-09-10 10:51:19 | INFO    | PipelineLogger.write | CLEANUP REMOVE..........: C:\Setups\.work\linkpagamento\Release\Xml\Movimento\Cte\Schemas\3.00\eventoCTe_v3.00.xsd
2026-09-10 10:51:19 | INFO    | PipelineLogger.write | CLEANUP REMOVE..........: C:\Setups\.work\linkpagamento\Release\Xml\Movimento\Cte\Schemas\3.00\evEPECCTe_v3.00.xsd
2026-09-10 10:51:20 | INFO    | PipelineLogger.write | CLEANUP REMOVE..........: C:\Setups\.work\linkpagamento\Release\Xml\Movimento\Cte\Schemas\3.00\evGTV_v3.00.xsd
2026-09-10 10:51:20 | INFO    | PipelineLogger.write | CLEANUP REMOVE..........: C:\Setups\.work\linkpagamento\Release\Xml\Movimento\Cte\Schemas\3.00\evPrestDesacordo_v3.00.xsd
2026-09-10 10:51:21 | INFO    | PipelineLogger.write | CLEANUP REMOVE..........: C:\Setups\.work\linkpagamento\Release\Xml\Movimento\Cte\Schemas\3.00\evRegMultimodal_v3.00.xsd
2026-09-10 10:51:21 | INFO    | PipelineLogger.write | CLEANUP REMOVE..........: C:\Setups\.work\linkpagamento\Release\Xml\Movimento\Cte\Schemas\3.00\GTVe_v3.00.xsd
2026-09-10 10:51:22 | INFO    | PipelineLogger.write | CLEANUP REMOVE..........: C:\Setups\.work\linkpagamento\Release\Xml\Movimento\Cte\Schemas\3.00\inutCTeTiposBasico_v3.00.xsd
2026-09-10 10:51:22 | INFO    | PipelineLogger.write | CLEANUP REMOVE..........: C:\Setups\.work\linkpagamento\Release\Xml\Movimento\Cte\Schemas\3.00\inutCTe_v3.00.xsd
2026-09-10 10:51:23 | INFO    | PipelineLogger.write | CLEANUP REMOVE..........: C:\Setups\.work\linkpagamento\Release\Xml\Movimento\Cte\Schemas\3.00\procCTeOS_v3.00.xsd
2026-09-10 10:51:23 | INFO    | PipelineLogger.write | CLEANUP REMOVE..........: C:\Setups\.work\linkpagamento\Release\Xml\Movimento\Cte\Schemas\3.00\procCTe_v3.00.xsd
2026-09-10 10:51:23 | INFO    | PipelineLogger.write | CLEANUP REMOVE..........: C:\Setups\.work\linkpagamento\Release\Xml\Movimento\Cte\Schemas\3.00\procEventoCTe_v3.00.xsd
2026-09-10 10:51:23 | INFO    | PipelineLogger.write | CLEANUP REMOVE..........: C:\Setups\.work\linkpagamento\Release\Xml\Movimento\Cte\Schemas\3.00\procGTVe_v3.00.xsd
2026-09-10 10:51:23 | INFO    | PipelineLogger.write | CLEANUP REMOVE..........: C:\Setups\.work\linkpagamento\Release\Xml\Movimento\Cte\Schemas\3.00\procInutCTe_v3.00.xsd
2026-09-10 10:51:23 | INFO    | PipelineLogger.write | CLEANUP REMOVE..........: C:\Setups\.work\linkpagamento\Release\Xml\Movimento\Cte\Schemas\3.00\retConsReciCTe_v3.00.xsd
2026-09-10 10:51:23 | INFO    | PipelineLogger.write | CLEANUP REMOVE..........: C:\Setups\.work\linkpagamento\Release\Xml\Movimento\Cte\Schemas\3.00\retConsSitCTe_v3.00.xsd
2026-09-10 10:51:23 | INFO    | PipelineLogger.write | CLEANUP REMOVE..........: C:\Setups\.work\linkpagamento\Release\Xml\Movimento\Cte\Schemas\3.00\retConsStatServCTe_v3.00.xsd
2026-09-10 10:51:23 | INFO    | PipelineLogger.write | CLEANUP REMOVE..........: C:\Setups\.work\linkpagamento\Release\Xml\Movimento\Cte\Schemas\3.00\retCTeOS_v3.00.xsd
2026-09-10 10:51:23 | INFO    | PipelineLogger.write | CLEANUP REMOVE..........: C:\Setups\.work\linkpagamento\Release\Xml\Movimento\Cte\Schemas\3.00\retCTe_v3.00.xsd
2026-09-10 10:51:24 | INFO    | PipelineLogger.write | CLEANUP REMOVE..........: C:\Setups\.work\linkpagamento\Release\Xml\Movimento\Cte\Schemas\3.00\retEnviCTe_v3.00.xsd
2026-09-10 10:51:24 | INFO    | PipelineLogger.write | CLEANUP REMOVE..........: C:\Setups\.work\linkpagamento\Release\Xml\Movimento\Cte\Schemas\3.00\retEventoCTe_v3.00.xsd
2026-09-10 10:51:24 | INFO    | PipelineLogger.write | CLEANUP REMOVE..........: C:\Setups\.work\linkpagamento\Release\Xml\Movimento\Cte\Schemas\3.00\retGTVe_v3.00.xsd
2026-09-10 10:51:24 | INFO    | PipelineLogger.write | CLEANUP REMOVE..........: C:\Setups\.work\linkpagamento\Release\Xml\Movimento\Cte\Schemas\3.00\retInutCTe_v3.00.xsd
2026-09-10 10:51:24 | INFO    | PipelineLogger.write | CLEANUP REMOVE..........: C:\Setups\.work\linkpagamento\Release\Xml\Movimento\Cte\Schemas\3.00\tiposGeralCTe_v3.00.xsd
2026-09-10 10:51:24 | INFO    | PipelineLogger.write | CLEANUP REMOVE..........: C:\Setups\.work\linkpagamento\Release\Xml\Movimento\Cte\Schemas\3.00\xmldsig-core-schema_v1.01.xsd
2026-09-10 10:51:24 | INFO    | PipelineLogger.write | CLEANUP REMOVE..........: C:\Setups\.work\linkpagamento\Release\Xml\Movimento\Cte\Schemas\4.00\consSitCTeTiposBasico_v4.00.xsd
2026-09-10 10:51:24 | INFO    | PipelineLogger.write | CLEANUP REMOVE..........: C:\Setups\.work\linkpagamento\Release\Xml\Movimento\Cte\Schemas\4.00\consSitCTe_v4.00.xsd
2026-09-10 10:51:24 | INFO    | PipelineLogger.write | CLEANUP REMOVE..........: C:\Setups\.work\linkpagamento\Release\Xml\Movimento\Cte\Schemas\4.00\consStatServCTe_v4.00.xsd
2026-09-10 10:51:24 | INFO    | PipelineLogger.write | CLEANUP REMOVE..........: C:\Setups\.work\linkpagamento\Release\Xml\Movimento\Cte\Schemas\4.00\consStatServTiposBasico_v4.00.xsd
2026-09-10 10:51:24 | INFO    | PipelineLogger.write | CLEANUP REMOVE..........: C:\Setups\.work\linkpagamento\Release\Xml\Movimento\Cte\Schemas\4.00\cteModalAereo_v4.00.xsd
2026-09-10 10:51:24 | INFO    | PipelineLogger.write | CLEANUP REMOVE..........: C:\Setups\.work\linkpagamento\Release\Xml\Movimento\Cte\Schemas\4.00\cteModalAquaviario_v4.00.xsd
2026-09-10 10:51:24 | INFO    | PipelineLogger.write | CLEANUP REMOVE..........: C:\Setups\.work\linkpagamento\Release\Xml\Movimento\Cte\Schemas\4.00\cteModalDutoviario_v4.00.xsd
2026-09-10 10:51:24 | INFO    | PipelineLogger.write | CLEANUP REMOVE..........: C:\Setups\.work\linkpagamento\Release\Xml\Movimento\Cte\Schemas\4.00\cteModalFerroviario_v4.00.xsd
2026-09-10 10:51:24 | INFO    | PipelineLogger.write | CLEANUP REMOVE..........: C:\Setups\.work\linkpagamento\Release\Xml\Movimento\Cte\Schemas\4.00\cteModalRodoviarioOS_v4.00.xsd
2026-09-10 10:51:24 | INFO    | PipelineLogger.write | CLEANUP REMOVE..........: C:\Setups\.work\linkpagamento\Release\Xml\Movimento\Cte\Schemas\4.00\cteModalRodoviario_v4.00.xsd
2026-09-10 10:51:24 | INFO    | PipelineLogger.write | CLEANUP REMOVE..........: C:\Setups\.work\linkpagamento\Release\Xml\Movimento\Cte\Schemas\4.00\cteMultiModal_v4.00.xsd
2026-09-10 10:51:25 | INFO    | PipelineLogger.write | CLEANUP REMOVE..........: C:\Setups\.work\linkpagamento\Release\Xml\Movimento\Cte\Schemas\4.00\cteOS_v4.00.xsd
2026-09-10 10:51:25 | INFO    | PipelineLogger.write | CLEANUP REMOVE..........: C:\Setups\.work\linkpagamento\Release\Xml\Movimento\Cte\Schemas\4.00\cteTiposBasico_v4.00.xsd
2026-09-10 10:51:26 | INFO    | PipelineLogger.write | CLEANUP REMOVE..........: C:\Setups\.work\linkpagamento\Release\Xml\Movimento\Cte\Schemas\4.00\cte_v4.00.xsd
2026-09-10 10:51:26 | INFO    | PipelineLogger.write | CLEANUP REMOVE..........: C:\Setups\.work\linkpagamento\Release\Xml\Movimento\Cte\Schemas\4.00\evCancCECTe_v4.00.xsd
2026-09-10 10:51:26 | INFO    | PipelineLogger.write | CLEANUP REMOVE..........: C:\Setups\.work\linkpagamento\Release\Xml\Movimento\Cte\Schemas\4.00\evCancCTe_v4.00.xsd
2026-09-10 10:51:26 | INFO    | PipelineLogger.write | CLEANUP REMOVE..........: C:\Setups\.work\linkpagamento\Release\Xml\Movimento\Cte\Schemas\4.00\evCancIECTe_v4.00.xsd
2026-09-10 10:51:26 | INFO    | PipelineLogger.write | CLEANUP REMOVE..........: C:\Setups\.work\linkpagamento\Release\Xml\Movimento\Cte\Schemas\4.00\evCancPrestDesacordo_v4.00.xsd
2026-09-10 10:51:27 | INFO    | PipelineLogger.write | CLEANUP REMOVE..........: C:\Setups\.work\linkpagamento\Release\Xml\Movimento\Cte\Schemas\4.00\evCCeCTe_v4.00.xsd
2026-09-10 10:51:28 | INFO    | PipelineLogger.write | CLEANUP REMOVE..........: C:\Setups\.work\linkpagamento\Release\Xml\Movimento\Cte\Schemas\4.00\evCECTe_v4.00.xsd
2026-09-10 10:51:28 | INFO    | PipelineLogger.write | CLEANUP REMOVE..........: C:\Setups\.work\linkpagamento\Release\Xml\Movimento\Cte\Schemas\4.00\eventoCTeTiposBasico_v4.00.xsd
2026-09-10 10:51:29 | INFO    | PipelineLogger.write | CLEANUP REMOVE..........: C:\Setups\.work\linkpagamento\Release\Xml\Movimento\Cte\Schemas\4.00\eventoCTe_v4.00.xsd
2026-09-10 10:51:29 | INFO    | PipelineLogger.write | CLEANUP REMOVE..........: C:\Setups\.work\linkpagamento\Release\Xml\Movimento\Cte\Schemas\4.00\evEPECCTe_v4.00.xsd
2026-09-10 10:51:29 | INFO    | PipelineLogger.write | CLEANUP REMOVE..........: C:\Setups\.work\linkpagamento\Release\Xml\Movimento\Cte\Schemas\4.00\evGTV_v4.00.xsd
2026-09-10 10:51:30 | INFO    | PipelineLogger.write | CLEANUP REMOVE..........: C:\Setups\.work\linkpagamento\Release\Xml\Movimento\Cte\Schemas\4.00\evIECTe_v4.00.xsd
2026-09-10 10:51:30 | INFO    | PipelineLogger.write | CLEANUP REMOVE..........: C:\Setups\.work\linkpagamento\Release\Xml\Movimento\Cte\Schemas\4.00\evPrestDesacordo_v4.00.xsd
2026-09-10 10:51:30 | INFO    | PipelineLogger.write | CLEANUP REMOVE..........: C:\Setups\.work\linkpagamento\Release\Xml\Movimento\Cte\Schemas\4.00\evRegMultimodal_v4.00.xsd
2026-09-10 10:51:30 | INFO    | PipelineLogger.write | CLEANUP REMOVE..........: C:\Setups\.work\linkpagamento\Release\Xml\Movimento\Cte\Schemas\4.00\GTVe_v4.00.xsd
2026-09-10 10:51:31 | INFO    | PipelineLogger.write | CLEANUP REMOVE..........: C:\Setups\.work\linkpagamento\Release\Xml\Movimento\Cte\Schemas\4.00\inutCTeTiposBasico_v4.00.xsd
2026-09-10 10:51:31 | INFO    | PipelineLogger.write | CLEANUP REMOVE..........: C:\Setups\.work\linkpagamento\Release\Xml\Movimento\Cte\Schemas\4.00\inutCTe_v4.00.xsd
2026-09-10 10:51:32 | INFO    | PipelineLogger.write | CLEANUP REMOVE..........: C:\Setups\.work\linkpagamento\Release\Xml\Movimento\Cte\Schemas\4.00\procCTeOS_v4.00.xsd
2026-09-10 10:51:32 | INFO    | PipelineLogger.write | CLEANUP REMOVE..........: C:\Setups\.work\linkpagamento\Release\Xml\Movimento\Cte\Schemas\4.00\procCTe_v4.00.xsd
2026-09-10 10:51:32 | INFO    | PipelineLogger.write | CLEANUP REMOVE..........: C:\Setups\.work\linkpagamento\Release\Xml\Movimento\Cte\Schemas\4.00\procEventoCTe_v4.00.xsd
2026-09-10 10:51:32 | INFO    | PipelineLogger.write | CLEANUP REMOVE..........: C:\Setups\.work\linkpagamento\Release\Xml\Movimento\Cte\Schemas\4.00\procGTVe_v4.00.xsd
2026-09-10 10:51:32 | INFO    | PipelineLogger.write | CLEANUP REMOVE..........: C:\Setups\.work\linkpagamento\Release\Xml\Movimento\Cte\Schemas\4.00\procInutCTe_v4.00.xsd
2026-09-10 10:51:32 | INFO    | PipelineLogger.write | CLEANUP REMOVE..........: C:\Setups\.work\linkpagamento\Release\Xml\Movimento\Cte\Schemas\4.00\retConsSitCTe_v4.00.xsd
2026-09-10 10:51:32 | INFO    | PipelineLogger.write | CLEANUP REMOVE..........: C:\Setups\.work\linkpagamento\Release\Xml\Movimento\Cte\Schemas\4.00\retConsStatServCTe_v4.00.xsd
2026-09-10 10:51:32 | INFO    | PipelineLogger.write | CLEANUP REMOVE..........: C:\Setups\.work\linkpagamento\Release\Xml\Movimento\Cte\Schemas\4.00\retCTeOS_v4.00.xsd
2026-09-10 10:51:32 | INFO    | PipelineLogger.write | CLEANUP REMOVE..........: C:\Setups\.work\linkpagamento\Release\Xml\Movimento\Cte\Schemas\4.00\retCTe_v4.00.xsd
2026-09-10 10:51:32 | INFO    | PipelineLogger.write | CLEANUP REMOVE..........: C:\Setups\.work\linkpagamento\Release\Xml\Movimento\Cte\Schemas\4.00\retEventoCTe_v4.00.xsd
2026-09-10 10:51:32 | INFO    | PipelineLogger.write | CLEANUP REMOVE..........: C:\Setups\.work\linkpagamento\Release\Xml\Movimento\Cte\Schemas\4.00\retGTVe_v4.00.xsd
2026-09-10 10:51:32 | INFO    | PipelineLogger.write | CLEANUP REMOVE..........: C:\Setups\.work\linkpagamento\Release\Xml\Movimento\Cte\Schemas\4.00\retInutCTe_v4.00.xsd
2026-09-10 10:51:33 | INFO    | PipelineLogger.write | CLEANUP REMOVE..........: C:\Setups\.work\linkpagamento\Release\Xml\Movimento\Cte\Schemas\4.00\tiposGeralCTe_v4.00.xsd
2026-09-10 10:51:33 | INFO    | PipelineLogger.write | CLEANUP REMOVE..........: C:\Setups\.work\linkpagamento\Release\Xml\Movimento\Cte\Schemas\4.00\xmldsig-core-schema_v1.01.xsd
2026-09-10 10:51:33 | INFO    | PipelineLogger.write | CLEANUP REMOVE..........: C:\Setups\.work\linkpagamento\Release\app.publish\Application Files\OuroNetWinServiceLinkPagamento_1_0_0_0\ADODB.dll.deploy
2026-09-10 10:51:33 | INFO    | PipelineLogger.write | CLEANUP REMOVE..........: C:\Setups\.work\linkpagamento\Release\app.publish\Application Files\OuroNetWinServiceLinkPagamento_1_0_0_0\BouncyCastle.Crypto.dll.deploy
2026-09-10 10:51:33 | INFO    | PipelineLogger.write | CLEANUP REMOVE..........: C:\Setups\.work\linkpagamento\Release\app.publish\Application Files\OuroNetWinServiceLinkPagamento_1_0_0_0\BouncyCastle.Cryptography.dll.deploy
2026-09-10 10:51:33 | INFO    | PipelineLogger.write | CLEANUP REMOVE..........: C:\Setups\.work\linkpagamento\Release\app.publish\Application Files\OuroNetWinServiceLinkPagamento_1_0_0_0\Custom.Framework.CommonFileDialogs.dll.deploy
2026-09-10 10:51:33 | INFO    | PipelineLogger.write | CLEANUP REMOVE..........: C:\Setups\.work\linkpagamento\Release\app.publish\Application Files\OuroNetWinServiceLinkPagamento_1_0_0_0\Custom.Framework.dll.deploy
2026-09-10 10:51:33 | INFO    | PipelineLogger.write | CLEANUP REMOVE..........: C:\Setups\.work\linkpagamento\Release\app.publish\Application Files\OuroNetWinServiceLinkPagamento_1_0_0_0\Custom.Framework.Entities.dll.deploy
2026-09-10 10:51:33 | INFO    | PipelineLogger.write | CLEANUP REMOVE..........: C:\Setups\.work\linkpagamento\Release\app.publish\Application Files\OuroNetWinServiceLinkPagamento_1_0_0_0\Custom.Framework.Services.dll.deploy
2026-09-10 10:51:33 | INFO    | PipelineLogger.write | CLEANUP REMOVE..........: C:\Setups\.work\linkpagamento\Release\app.publish\Application Files\OuroNetWinServiceLinkPagamento_1_0_0_0\Custom.Utilities.Security.EncryptionNET.dll.deploy
2026-09-10 10:51:33 | INFO    | PipelineLogger.write | CLEANUP REMOVE..........: C:\Setups\.work\linkpagamento\Release\app.publish\Application Files\OuroNetWinServiceLinkPagamento_1_0_0_0\DevExpress.Charts.v23.2.Core.dll.deploy
2026-09-10 10:51:33 | INFO    | PipelineLogger.write | CLEANUP REMOVE..........: C:\Setups\.work\linkpagamento\Release\app.publish\Application Files\OuroNetWinServiceLinkPagamento_1_0_0_0\DevExpress.CodeParser.v23.2.dll.deploy
2026-09-10 10:51:33 | INFO    | PipelineLogger.write | CLEANUP REMOVE..........: C:\Setups\.work\linkpagamento\Release\app.publish\Application Files\OuroNetWinServiceLinkPagamento_1_0_0_0\DevExpress.Data.Desktop.v23.2.dll.deploy
2026-09-10 10:51:33 | INFO    | PipelineLogger.write | CLEANUP REMOVE..........: C:\Setups\.work\linkpagamento\Release\app.publish\Application Files\OuroNetWinServiceLinkPagamento_1_0_0_0\DevExpress.Data.v23.2.dll.deploy
2026-09-10 10:51:33 | INFO    | PipelineLogger.write | CLEANUP REMOVE..........: C:\Setups\.work\linkpagamento\Release\app.publish\Application Files\OuroNetWinServiceLinkPagamento_1_0_0_0\DevExpress.DataAccess.v23.2.dll.deploy
2026-09-10 10:51:33 | INFO    | PipelineLogger.write | CLEANUP REMOVE..........: C:\Setups\.work\linkpagamento\Release\app.publish\Application Files\OuroNetWinServiceLinkPagamento_1_0_0_0\DevExpress.DataVisualization.v23.2.Core.dll.deploy
2026-09-10 10:51:33 | INFO    | PipelineLogger.write | CLEANUP REMOVE..........: C:\Setups\.work\linkpagamento\Release\app.publish\Application Files\OuroNetWinServiceLinkPagamento_1_0_0_0\DevExpress.Dialogs.v23.2.Core.dll.deploy
2026-09-10 10:51:34 | INFO    | PipelineLogger.write | CLEANUP REMOVE..........: C:\Setups\.work\linkpagamento\Release\app.publish\Application Files\OuroNetWinServiceLinkPagamento_1_0_0_0\DevExpress.Drawing.v23.2.dll.deploy
2026-09-10 10:51:34 | INFO    | PipelineLogger.write | CLEANUP REMOVE..........: C:\Setups\.work\linkpagamento\Release\app.publish\Application Files\OuroNetWinServiceLinkPagamento_1_0_0_0\DevExpress.Office.v23.2.Core.dll.deploy
2026-09-10 10:51:35 | INFO    | PipelineLogger.write | CLEANUP REMOVE..........: C:\Setups\.work\linkpagamento\Release\app.publish\Application Files\OuroNetWinServiceLinkPagamento_1_0_0_0\DevExpress.Pdf.v23.2.Core.dll.deploy
2026-09-10 10:51:35 | INFO    | PipelineLogger.write | CLEANUP REMOVE..........: C:\Setups\.work\linkpagamento\Release\app.publish\Application Files\OuroNetWinServiceLinkPagamento_1_0_0_0\DevExpress.Pdf.v23.2.Drawing.dll.deploy
2026-09-10 10:51:35 | INFO    | PipelineLogger.write | CLEANUP REMOVE..........: C:\Setups\.work\linkpagamento\Release\app.publish\Application Files\OuroNetWinServiceLinkPagamento_1_0_0_0\DevExpress.PivotGrid.v23.2.Core.dll.deploy
2026-09-10 10:51:35 | INFO    | PipelineLogger.write | CLEANUP REMOVE..........: C:\Setups\.work\linkpagamento\Release\app.publish\Application Files\OuroNetWinServiceLinkPagamento_1_0_0_0\DevExpress.Printing.v23.2.Core.dll.deploy
2026-09-10 10:51:36 | INFO    | PipelineLogger.write | CLEANUP REMOVE..........: C:\Setups\.work\linkpagamento\Release\app.publish\Application Files\OuroNetWinServiceLinkPagamento_1_0_0_0\DevExpress.RichEdit.v23.2.Core.dll.deploy
2026-09-10 10:51:36 | INFO    | PipelineLogger.write | CLEANUP REMOVE..........: C:\Setups\.work\linkpagamento\Release\app.publish\Application Files\OuroNetWinServiceLinkPagamento_1_0_0_0\DevExpress.Sparkline.v23.2.Core.dll.deploy
2026-09-10 10:51:37 | INFO    | PipelineLogger.write | CLEANUP REMOVE..........: C:\Setups\.work\linkpagamento\Release\app.publish\Application Files\OuroNetWinServiceLinkPagamento_1_0_0_0\DevExpress.Utils.v23.2.dll.deploy
2026-09-10 10:51:38 | INFO    | PipelineLogger.write | CLEANUP REMOVE..........: C:\Setups\.work\linkpagamento\Release\app.publish\Application Files\OuroNetWinServiceLinkPagamento_1_0_0_0\DevExpress.Xpo.v23.2.dll.deploy
2026-09-10 10:51:38 | INFO    | PipelineLogger.write | CLEANUP REMOVE..........: C:\Setups\.work\linkpagamento\Release\app.publish\Application Files\OuroNetWinServiceLinkPagamento_1_0_0_0\DevExpress.XtraBars.v23.2.dll.deploy
2026-09-10 10:51:39 | INFO    | PipelineLogger.write | CLEANUP REMOVE..........: C:\Setups\.work\linkpagamento\Release\app.publish\Application Files\OuroNetWinServiceLinkPagamento_1_0_0_0\DevExpress.XtraCharts.v23.2.dll.deploy
2026-09-10 10:51:39 | INFO    | PipelineLogger.write | CLEANUP REMOVE..........: C:\Setups\.work\linkpagamento\Release\app.publish\Application Files\OuroNetWinServiceLinkPagamento_1_0_0_0\DevExpress.XtraDialogs.v23.2.dll.deploy
2026-09-10 10:51:40 | INFO    | PipelineLogger.write | CLEANUP REMOVE..........: C:\Setups\.work\linkpagamento\Release\app.publish\Application Files\OuroNetWinServiceLinkPagamento_1_0_0_0\DevExpress.XtraEditors.v23.2.dll.deploy
2026-09-10 10:51:40 | INFO    | PipelineLogger.write | CLEANUP REMOVE..........: C:\Setups\.work\linkpagamento\Release\app.publish\Application Files\OuroNetWinServiceLinkPagamento_1_0_0_0\DevExpress.XtraGauges.v23.2.Core.dll.deploy
2026-09-10 10:51:40 | INFO    | PipelineLogger.write | CLEANUP REMOVE..........: C:\Setups\.work\linkpagamento\Release\app.publish\Application Files\OuroNetWinServiceLinkPagamento_1_0_0_0\DevExpress.XtraGrid.v23.2.dll.deploy
2026-09-10 10:51:40 | INFO    | PipelineLogger.write | CLEANUP REMOVE..........: C:\Setups\.work\linkpagamento\Release\app.publish\Application Files\OuroNetWinServiceLinkPagamento_1_0_0_0\DevExpress.XtraLayout.v23.2.dll.deploy
2026-09-10 10:51:40 | INFO    | PipelineLogger.write | CLEANUP REMOVE..........: C:\Setups\.work\linkpagamento\Release\app.publish\Application Files\OuroNetWinServiceLinkPagamento_1_0_0_0\DevExpress.XtraPrinting.v23.2.dll.deploy
2026-09-10 10:51:40 | INFO    | PipelineLogger.write | CLEANUP REMOVE..........: C:\Setups\.work\linkpagamento\Release\app.publish\Application Files\OuroNetWinServiceLinkPagamento_1_0_0_0\DevExpress.XtraReports.v23.2.dll.deploy
2026-09-10 10:51:40 | INFO    | PipelineLogger.write | CLEANUP REMOVE..........: C:\Setups\.work\linkpagamento\Release\app.publish\Application Files\OuroNetWinServiceLinkPagamento_1_0_0_0\DevExpress.XtraTreeList.v23.2.dll.deploy
2026-09-10 10:51:41 | INFO    | PipelineLogger.write | CLEANUP REMOVE..........: C:\Setups\.work\linkpagamento\Release\app.publish\Application Files\OuroNetWinServiceLinkPagamento_1_0_0_0\FileHelpers.dll.deploy
2026-09-10 10:51:41 | INFO    | PipelineLogger.write | CLEANUP REMOVE..........: C:\Setups\.work\linkpagamento\Release\app.publish\Application Files\OuroNetWinServiceLinkPagamento_1_0_0_0\Framawork.DFe.Classes.dll.deploy
2026-09-10 10:51:41 | INFO    | PipelineLogger.write | CLEANUP REMOVE..........: C:\Setups\.work\linkpagamento\Release\app.publish\Application Files\OuroNetWinServiceLinkPagamento_1_0_0_0\Framawork.DFe.Utils.dll.deploy
2026-09-10 10:51:41 | INFO    | PipelineLogger.write | CLEANUP REMOVE..........: C:\Setups\.work\linkpagamento\Release\app.publish\Application Files\OuroNetWinServiceLinkPagamento_1_0_0_0\Framawork.DFe.Wsdl.dll.deploy
2026-09-10 10:51:42 | INFO    | PipelineLogger.write | CLEANUP REMOVE..........: C:\Setups\.work\linkpagamento\Release\app.publish\Application Files\OuroNetWinServiceLinkPagamento_1_0_0_0\Framework.NFe.Classes.dll.deploy
2026-09-10 10:51:42 | INFO    | PipelineLogger.write | CLEANUP REMOVE..........: C:\Setups\.work\linkpagamento\Release\app.publish\Application Files\OuroNetWinServiceLinkPagamento_1_0_0_0\Framework.NFe.Servicos.dll.deploy
2026-09-10 10:51:43 | INFO    | PipelineLogger.write | CLEANUP REMOVE..........: C:\Setups\.work\linkpagamento\Release\app.publish\Application Files\OuroNetWinServiceLinkPagamento_1_0_0_0\Framework.NFe.Utils.dll.deploy
2026-09-10 10:51:43 | INFO    | PipelineLogger.write | CLEANUP REMOVE..........: C:\Setups\.work\linkpagamento\Release\app.publish\Application Files\OuroNetWinServiceLinkPagamento_1_0_0_0\Framework.NFe.Wsdl.dll.deploy
2026-09-10 10:51:44 | INFO    | PipelineLogger.write | CLEANUP REMOVE..........: C:\Setups\.work\linkpagamento\Release\app.publish\Application Files\OuroNetWinServiceLinkPagamento_1_0_0_0\MailKit.dll.deploy
2026-09-10 10:51:44 | INFO    | PipelineLogger.write | CLEANUP REMOVE..........: C:\Setups\.work\linkpagamento\Release\app.publish\Application Files\OuroNetWinServiceLinkPagamento_1_0_0_0\Microsoft.Extensions.Logging.Abstractions.dll.deploy
2026-09-10 10:51:45 | INFO    | PipelineLogger.write | CLEANUP REMOVE..........: C:\Setups\.work\linkpagamento\Release\app.publish\Application Files\OuroNetWinServiceLinkPagamento_1_0_0_0\MimeKit.dll.deploy
2026-09-10 10:51:45 | INFO    | PipelineLogger.write | CLEANUP REMOVE..........: C:\Setups\.work\linkpagamento\Release\app.publish\Application Files\OuroNetWinServiceLinkPagamento_1_0_0_0\Newtonsoft.Json.dll.deploy
2026-09-10 10:51:45 | INFO    | PipelineLogger.write | CLEANUP REMOVE..........: C:\Setups\.work\linkpagamento\Release\app.publish\Application Files\OuroNetWinServiceLinkPagamento_1_0_0_0\NPOI.dll.deploy
2026-09-10 10:51:46 | INFO    | PipelineLogger.write | CLEANUP REMOVE..........: C:\Setups\.work\linkpagamento\Release\app.publish\Application Files\OuroNetWinServiceLinkPagamento_1_0_0_0\NPOI.OOXML.dll.deploy
2026-09-10 10:51:46 | INFO    | PipelineLogger.write | CLEANUP REMOVE..........: C:\Setups\.work\linkpagamento\Release\app.publish\Application Files\OuroNetWinServiceLinkPagamento_1_0_0_0\NPOI.OpenXml4Net.dll.deploy
2026-09-10 10:51:46 | INFO    | PipelineLogger.write | CLEANUP REMOVE..........: C:\Setups\.work\linkpagamento\Release\app.publish\Application Files\OuroNetWinServiceLinkPagamento_1_0_0_0\NPOI.OpenXmlFormats.dll.deploy
2026-09-10 10:51:46 | INFO    | PipelineLogger.write | CLEANUP REMOVE..........: C:\Setups\.work\linkpagamento\Release\app.publish\Application Files\OuroNetWinServiceLinkPagamento_1_0_0_0\OuroNet.Client.WinService.Business.dll.deploy
2026-09-10 10:51:46 | INFO    | PipelineLogger.write | CLEANUP REMOVE..........: C:\Setups\.work\linkpagamento\Release\app.publish\Application Files\OuroNetWinServiceLinkPagamento_1_0_0_0\OuroNet.Server.Common.dll.deploy
2026-09-10 10:51:46 | INFO    | PipelineLogger.write | CLEANUP REMOVE..........: C:\Setups\.work\linkpagamento\Release\app.publish\Application Files\OuroNetWinServiceLinkPagamento_1_0_0_0\OuroNet.Server.Entities.dll.deploy
2026-09-10 10:51:46 | INFO    | PipelineLogger.write | CLEANUP REMOVE..........: C:\Setups\.work\linkpagamento\Release\app.publish\Application Files\OuroNetWinServiceLinkPagamento_1_0_0_0\OuroNet.Server.ServiceInterfaces.dll.deploy
2026-09-10 10:51:46 | INFO    | PipelineLogger.write | CLEANUP REMOVE..........: C:\Setups\.work\linkpagamento\Release\app.publish\Application Files\OuroNetWinServiceLinkPagamento_1_0_0_0\OuroNetWinServiceLinkPagamento.exe.config.deploy
2026-09-10 10:51:46 | INFO    | PipelineLogger.write | CLEANUP REMOVE..........: C:\Setups\.work\linkpagamento\Release\app.publish\Application Files\OuroNetWinServiceLinkPagamento_1_0_0_0\OuroNetWinServiceLinkPagamento.exe.deploy
2026-09-10 10:51:46 | INFO    | PipelineLogger.write | CLEANUP REMOVE..........: C:\Setups\.work\linkpagamento\Release\app.publish\Application Files\OuroNetWinServiceLinkPagamento_1_0_0_0\OuroNetWinServiceLinkPagamento.exe.manifest
2026-09-10 10:51:46 | INFO    | PipelineLogger.write | CLEANUP REMOVE..........: C:\Setups\.work\linkpagamento\Release\app.publish\Application Files\OuroNetWinServiceLinkPagamento_1_0_0_0\protobuf-net.dll.deploy
2026-09-10 10:51:46 | INFO    | PipelineLogger.write | CLEANUP REMOVE..........: C:\Setups\.work\linkpagamento\Release\app.publish\Application Files\OuroNetWinServiceLinkPagamento_1_0_0_0\Quartz.dll.deploy
2026-09-10 10:51:46 | INFO    | PipelineLogger.write | CLEANUP REMOVE..........: C:\Setups\.work\linkpagamento\Release\app.publish\Application Files\OuroNetWinServiceLinkPagamento_1_0_0_0\System.Buffers.dll.deploy
2026-09-10 10:51:46 | INFO    | PipelineLogger.write | CLEANUP REMOVE..........: C:\Setups\.work\linkpagamento\Release\app.publish\Application Files\OuroNetWinServiceLinkPagamento_1_0_0_0\System.Diagnostics.DiagnosticSource.dll.deploy
2026-09-10 10:51:46 | INFO    | PipelineLogger.write | CLEANUP REMOVE..........: C:\Setups\.work\linkpagamento\Release\app.publish\Application Files\OuroNetWinServiceLinkPagamento_1_0_0_0\System.Formats.Asn1.dll.deploy
2026-09-10 10:51:46 | INFO    | PipelineLogger.write | CLEANUP REMOVE..........: C:\Setups\.work\linkpagamento\Release\app.publish\Application Files\OuroNetWinServiceLinkPagamento_1_0_0_0\System.Memory.dll.deploy
2026-09-10 10:51:46 | INFO    | PipelineLogger.write | CLEANUP REMOVE..........: C:\Setups\.work\linkpagamento\Release\app.publish\Application Files\OuroNetWinServiceLinkPagamento_1_0_0_0\System.Numerics.Vectors.dll.deploy
2026-09-10 10:51:46 | INFO    | PipelineLogger.write | CLEANUP REMOVE..........: C:\Setups\.work\linkpagamento\Release\app.publish\Application Files\OuroNetWinServiceLinkPagamento_1_0_0_0\System.Runtime.CompilerServices.Unsafe.dll.deploy
2026-09-10 10:51:47 | INFO    | PipelineLogger.write | CLEANUP REMOVE..........: C:\Setups\.work\linkpagamento\Release\app.publish\Application Files\OuroNetWinServiceLinkPagamento_1_0_0_0\System.Threading.Tasks.Extensions.dll.deploy
2026-09-10 10:51:47 | INFO    | PipelineLogger.write | CLEANUP PRESERVE........: C:\Setups\.work\linkpagamento\Release\ADODB.dll
2026-09-10 10:51:48 | INFO    | PipelineLogger.write | CLEANUP PRESERVE........: C:\Setups\.work\linkpagamento\Release\BouncyCastle.Crypto.dll
2026-09-10 10:51:48 | INFO    | PipelineLogger.write | CLEANUP PRESERVE........: C:\Setups\.work\linkpagamento\Release\BouncyCastle.Cryptography.dll
2026-09-10 10:51:49 | INFO    | PipelineLogger.write | CLEANUP PRESERVE........: C:\Setups\.work\linkpagamento\Release\Custom.Framework.CommonFileDialogs.dll
2026-09-10 10:51:49 | INFO    | PipelineLogger.write | CLEANUP PRESERVE........: C:\Setups\.work\linkpagamento\Release\Custom.Framework.dll
2026-09-10 10:51:49 | INFO    | PipelineLogger.write | CLEANUP PRESERVE........: C:\Setups\.work\linkpagamento\Release\Custom.Framework.Entities.dll
2026-09-10 10:51:50 | INFO    | PipelineLogger.write | CLEANUP PRESERVE........: C:\Setups\.work\linkpagamento\Release\Custom.Framework.Services.dll
2026-09-10 10:51:51 | INFO    | PipelineLogger.write | CLEANUP PRESERVE........: C:\Setups\.work\linkpagamento\Release\Custom.Utilities.Security.EncryptionNET.dll
2026-09-10 10:51:51 | INFO    | PipelineLogger.write | CLEANUP PRESERVE........: C:\Setups\.work\linkpagamento\Release\DevExpress.Charts.v23.2.Core.dll
2026-09-10 10:51:51 | INFO    | PipelineLogger.write | CLEANUP PRESERVE........: C:\Setups\.work\linkpagamento\Release\DevExpress.CodeParser.v23.2.dll
2026-09-10 10:51:51 | INFO    | PipelineLogger.write | CLEANUP PRESERVE........: C:\Setups\.work\linkpagamento\Release\DevExpress.Data.Desktop.v23.2.dll
2026-09-10 10:51:51 | INFO    | PipelineLogger.write | CLEANUP PRESERVE........: C:\Setups\.work\linkpagamento\Release\DevExpress.Data.v23.2.dll
2026-09-10 10:51:51 | INFO    | PipelineLogger.write | CLEANUP PRESERVE........: C:\Setups\.work\linkpagamento\Release\DevExpress.DataAccess.v23.2.dll
2026-09-10 10:51:52 | INFO    | PipelineLogger.write | CLEANUP PRESERVE........: C:\Setups\.work\linkpagamento\Release\DevExpress.DataVisualization.v23.2.Core.dll
2026-09-10 10:51:52 | INFO    | PipelineLogger.write | CLEANUP PRESERVE........: C:\Setups\.work\linkpagamento\Release\DevExpress.Dialogs.v23.2.Core.dll
2026-09-10 10:51:53 | INFO    | PipelineLogger.write | CLEANUP PRESERVE........: C:\Setups\.work\linkpagamento\Release\DevExpress.Drawing.v23.2.dll
2026-09-10 10:51:53 | INFO    | PipelineLogger.write | CLEANUP PRESERVE........: C:\Setups\.work\linkpagamento\Release\DevExpress.Office.v23.2.Core.dll
2026-09-10 10:51:53 | INFO    | PipelineLogger.write | CLEANUP PRESERVE........: C:\Setups\.work\linkpagamento\Release\DevExpress.Pdf.v23.2.Core.dll
2026-09-10 10:51:54 | INFO    | PipelineLogger.write | CLEANUP PRESERVE........: C:\Setups\.work\linkpagamento\Release\DevExpress.Pdf.v23.2.Drawing.dll
2026-09-10 10:51:54 | INFO    | PipelineLogger.write | CLEANUP PRESERVE........: C:\Setups\.work\linkpagamento\Release\DevExpress.PivotGrid.v23.2.Core.dll
2026-09-10 10:51:54 | INFO    | PipelineLogger.write | CLEANUP PRESERVE........: C:\Setups\.work\linkpagamento\Release\DevExpress.Printing.v23.2.Core.dll
2026-09-10 10:51:54 | INFO    | PipelineLogger.write | CLEANUP PRESERVE........: C:\Setups\.work\linkpagamento\Release\DevExpress.RichEdit.v23.2.Core.dll
2026-09-10 10:51:55 | INFO    | PipelineLogger.write | CLEANUP PRESERVE........: C:\Setups\.work\linkpagamento\Release\DevExpress.Sparkline.v23.2.Core.dll
2026-09-10 10:51:55 | INFO    | PipelineLogger.write | CLEANUP PRESERVE........: C:\Setups\.work\linkpagamento\Release\DevExpress.Utils.v23.2.dll
2026-09-10 10:51:55 | INFO    | PipelineLogger.write | CLEANUP PRESERVE........: C:\Setups\.work\linkpagamento\Release\DevExpress.Xpo.v23.2.dll
2026-09-10 10:51:56 | INFO    | PipelineLogger.write | CLEANUP PRESERVE........: C:\Setups\.work\linkpagamento\Release\DevExpress.XtraBars.v23.2.dll
2026-09-10 10:51:57 | INFO    | PipelineLogger.write | CLEANUP PRESERVE........: C:\Setups\.work\linkpagamento\Release\DevExpress.XtraCharts.v23.2.dll
2026-09-10 10:51:57 | INFO    | PipelineLogger.write | CLEANUP PRESERVE........: C:\Setups\.work\linkpagamento\Release\DevExpress.XtraDialogs.v23.2.dll
2026-09-10 10:51:57 | INFO    | PipelineLogger.write | CLEANUP PRESERVE........: C:\Setups\.work\linkpagamento\Release\DevExpress.XtraEditors.v23.2.dll
2026-09-10 10:51:57 | INFO    | PipelineLogger.write | CLEANUP PRESERVE........: C:\Setups\.work\linkpagamento\Release\DevExpress.XtraGauges.v23.2.Core.dll
2026-09-10 10:51:57 | INFO    | PipelineLogger.write | CLEANUP PRESERVE........: C:\Setups\.work\linkpagamento\Release\DevExpress.XtraGrid.v23.2.dll
2026-09-10 10:51:58 | INFO    | PipelineLogger.write | CLEANUP PRESERVE........: C:\Setups\.work\linkpagamento\Release\DevExpress.XtraLayout.v23.2.dll
2026-09-10 10:51:58 | INFO    | PipelineLogger.write | CLEANUP PRESERVE........: C:\Setups\.work\linkpagamento\Release\DevExpress.XtraPrinting.v23.2.dll
2026-09-10 10:51:59 | INFO    | PipelineLogger.write | CLEANUP PRESERVE........: C:\Setups\.work\linkpagamento\Release\DevExpress.XtraReports.v23.2.dll
2026-09-10 10:51:59 | INFO    | PipelineLogger.write | CLEANUP PRESERVE........: C:\Setups\.work\linkpagamento\Release\DevExpress.XtraTreeList.v23.2.dll
2026-09-10 10:52:00 | INFO    | PipelineLogger.write | CLEANUP PRESERVE........: C:\Setups\.work\linkpagamento\Release\FileHelpers.dll
2026-09-10 10:52:00 | INFO    | PipelineLogger.write | CLEANUP PRESERVE........: C:\Setups\.work\linkpagamento\Release\Framawork.DFe.Classes.dll
2026-09-10 10:52:00 | INFO    | PipelineLogger.write | CLEANUP PRESERVE........: C:\Setups\.work\linkpagamento\Release\Framawork.DFe.Utils.dll
2026-09-10 10:52:01 | INFO    | PipelineLogger.write | CLEANUP PRESERVE........: C:\Setups\.work\linkpagamento\Release\Framawork.DFe.Wsdl.dll
2026-09-10 10:52:01 | INFO    | PipelineLogger.write | CLEANUP PRESERVE........: C:\Setups\.work\linkpagamento\Release\Framework.NFe.Classes.dll
2026-09-10 10:52:02 | INFO    | PipelineLogger.write | CLEANUP PRESERVE........: C:\Setups\.work\linkpagamento\Release\Framework.NFe.Servicos.dll
2026-09-10 10:52:03 | INFO    | PipelineLogger.write | CLEANUP PRESERVE........: C:\Setups\.work\linkpagamento\Release\Framework.NFe.Utils.dll
2026-09-10 10:52:03 | INFO    | PipelineLogger.write | CLEANUP PRESERVE........: C:\Setups\.work\linkpagamento\Release\Framework.NFe.Wsdl.dll
2026-09-10 10:52:04 | INFO    | PipelineLogger.write | CLEANUP PRESERVE........: C:\Setups\.work\linkpagamento\Release\MailKit.dll
2026-09-10 10:52:04 | INFO    | PipelineLogger.write | CLEANUP PRESERVE........: C:\Setups\.work\linkpagamento\Release\Microsoft.Extensions.Logging.Abstractions.dll
2026-09-10 10:52:04 | INFO    | PipelineLogger.write | CLEANUP PRESERVE........: C:\Setups\.work\linkpagamento\Release\MimeKit.dll
2026-09-10 10:52:05 | INFO    | PipelineLogger.write | CLEANUP PRESERVE........: C:\Setups\.work\linkpagamento\Release\Newtonsoft.Json.dll
2026-09-10 10:52:05 | INFO    | PipelineLogger.write | CLEANUP PRESERVE........: C:\Setups\.work\linkpagamento\Release\NPOI.dll
2026-09-10 10:52:06 | INFO    | PipelineLogger.write | CLEANUP PRESERVE........: C:\Setups\.work\linkpagamento\Release\NPOI.OOXML.dll
2026-09-10 10:52:06 | INFO    | PipelineLogger.write | CLEANUP PRESERVE........: C:\Setups\.work\linkpagamento\Release\NPOI.OpenXml4Net.dll
2026-09-10 10:52:06 | INFO    | PipelineLogger.write | CLEANUP PRESERVE........: C:\Setups\.work\linkpagamento\Release\NPOI.OpenXmlFormats.dll
2026-09-10 10:52:07 | INFO    | PipelineLogger.write | CLEANUP PRESERVE........: C:\Setups\.work\linkpagamento\Release\OuroNet.Client.WinService.Business.dll
2026-09-10 10:52:07 | INFO    | PipelineLogger.write | CLEANUP PRESERVE........: C:\Setups\.work\linkpagamento\Release\OuroNet.Server.Common.dll
2026-09-10 10:52:08 | INFO    | PipelineLogger.write | CLEANUP PRESERVE........: C:\Setups\.work\linkpagamento\Release\OuroNet.Server.Entities.dll
2026-09-10 10:52:08 | INFO    | PipelineLogger.write | CLEANUP PRESERVE........: C:\Setups\.work\linkpagamento\Release\OuroNet.Server.ServiceInterfaces.dll
2026-09-10 10:52:08 | INFO    | PipelineLogger.write | CLEANUP PRESERVE........: C:\Setups\.work\linkpagamento\Release\OuroNetWinServiceLinkPagamento.exe
2026-09-10 10:52:08 | INFO    | PipelineLogger.write | CLEANUP PRESERVE........: C:\Setups\.work\linkpagamento\Release\OuroNetWinServiceLinkPagamento.exe.config
2026-09-10 10:52:09 | INFO    | PipelineLogger.write | CLEANUP PRESERVE........: C:\Setups\.work\linkpagamento\Release\protobuf-net.dll
2026-09-10 10:52:09 | INFO    | PipelineLogger.write | CLEANUP PRESERVE........: C:\Setups\.work\linkpagamento\Release\Quartz.dll
2026-09-10 10:52:09 | INFO    | PipelineLogger.write | CLEANUP PRESERVE........: C:\Setups\.work\linkpagamento\Release\System.Buffers.dll
2026-09-10 10:52:10 | INFO    | PipelineLogger.write | CLEANUP PRESERVE........: C:\Setups\.work\linkpagamento\Release\System.Diagnostics.DiagnosticSource.dll
2026-09-10 10:52:10 | INFO    | PipelineLogger.write | CLEANUP PRESERVE........: C:\Setups\.work\linkpagamento\Release\System.Formats.Asn1.dll
2026-09-10 10:52:11 | INFO    | PipelineLogger.write | CLEANUP PRESERVE........: C:\Setups\.work\linkpagamento\Release\System.Memory.dll
2026-09-10 10:52:11 | INFO    | PipelineLogger.write | CLEANUP PRESERVE........: C:\Setups\.work\linkpagamento\Release\System.Numerics.Vectors.dll
2026-09-10 10:52:11 | INFO    | PipelineLogger.write | CLEANUP PRESERVE........: C:\Setups\.work\linkpagamento\Release\System.Runtime.CompilerServices.Unsafe.dll
2026-09-10 10:52:11 | INFO    | PipelineLogger.write | CLEANUP PRESERVE........: C:\Setups\.work\linkpagamento\Release\System.Threading.Tasks.Extensions.dll
2026-09-10 10:52:11 | INFO    | PipelineLogger.write | CLEANUP PRESERVE........: C:\Setups\.work\linkpagamento\Release\app.publish\OuroNetWinServiceLinkPagamento.exe
2026-09-10 10:52:11 | INFO    | PipelineLogger.write | CLEANUP PRESERVE........: C:\Setups\.work\linkpagamento\Release\arm64\libSkiaSharp.dll
2026-09-10 10:52:11 | INFO    | PipelineLogger.write | CLEANUP PRESERVE........: C:\Setups\.work\linkpagamento\Release\x64\libSkiaSharp.dll
2026-09-10 10:52:11 | INFO    | PipelineLogger.write | CLEANUP PRESERVE........: C:\Setups\.work\linkpagamento\Release\x64\SQLite.Interop.dll
2026-09-10 10:52:11 | INFO    | PipelineLogger.write | CLEANUP PRESERVE........: C:\Setups\.work\linkpagamento\Release\x86\libSkiaSharp.dll
2026-09-10 10:52:11 | INFO    | PipelineLogger.write | CLEANUP PRESERVE........: C:\Setups\.work\linkpagamento\Release\x86\SQLite.Interop.dll
2026-09-10 10:52:11 | INFO    | PipelineLogger.write | CLEANUP DIR REMOVE......: C:\Setups\.work\linkpagamento\Release\Xml\Movimento\NFSe\Abaco\1.00
2026-09-10 10:52:11 | INFO    | PipelineLogger.write | CLEANUP DIR REMOVE......: C:\Setups\.work\linkpagamento\Release\Xml\Movimento\NFSe\Abaco\1.01
2026-09-10 10:52:11 | INFO    | PipelineLogger.write | CLEANUP DIR REMOVE......: C:\Setups\.work\linkpagamento\Release\Xml\Movimento\NFSe\Abaco\2.04
2026-09-10 10:52:11 | INFO    | PipelineLogger.write | CLEANUP DIR REMOVE......: C:\Setups\.work\linkpagamento\Release\Xml\Movimento\NFSe\ABase\2.01
2026-09-10 10:52:11 | INFO    | PipelineLogger.write | CLEANUP DIR REMOVE......: C:\Setups\.work\linkpagamento\Release\Xml\Movimento\NFSe\ABRASF\1.00
2026-09-10 10:52:11 | INFO    | PipelineLogger.write | CLEANUP DIR REMOVE......: C:\Setups\.work\linkpagamento\Release\Xml\Movimento\NFSe\ABRASF\2.00
2026-09-10 10:52:11 | INFO    | PipelineLogger.write | CLEANUP DIR REMOVE......: C:\Setups\.work\linkpagamento\Release\Xml\Movimento\NFSe\ABRASF\2.01
2026-09-10 10:52:11 | INFO    | PipelineLogger.write | CLEANUP DIR REMOVE......: C:\Setups\.work\linkpagamento\Release\Xml\Movimento\NFSe\ABRASF\2.02
2026-09-10 10:52:12 | INFO    | PipelineLogger.write | CLEANUP DIR REMOVE......: C:\Setups\.work\linkpagamento\Release\Xml\Movimento\NFSe\ABRASF\2.03
2026-09-10 10:52:12 | INFO    | PipelineLogger.write | CLEANUP DIR REMOVE......: C:\Setups\.work\linkpagamento\Release\Xml\Movimento\NFSe\ABRASF\2.04
2026-09-10 10:52:12 | INFO    | PipelineLogger.write | CLEANUP DIR REMOVE......: C:\Setups\.work\linkpagamento\Release\Xml\Movimento\NFSe\Betha\1.00
2026-09-10 10:52:12 | INFO    | PipelineLogger.write | CLEANUP DIR REMOVE......: C:\Setups\.work\linkpagamento\Release\Xml\Movimento\NFSe\Betha\2.02
2026-09-10 10:52:12 | INFO    | PipelineLogger.write | CLEANUP DIR REMOVE......: C:\Setups\.work\linkpagamento\Release\Xml\Movimento\NFSe\Citta\2.03
2026-09-10 10:52:12 | INFO    | PipelineLogger.write | CLEANUP DIR REMOVE......: C:\Setups\.work\linkpagamento\Release\Xml\Movimento\NFSe\Conam\1.00
2026-09-10 10:52:12 | INFO    | PipelineLogger.write | CLEANUP DIR REMOVE......: C:\Setups\.work\linkpagamento\Release\Xml\Movimento\NFSe\Coplan\2.01
2026-09-10 10:52:12 | INFO    | PipelineLogger.write | CLEANUP DIR REMOVE......: C:\Setups\.work\linkpagamento\Release\Xml\Movimento\NFSe\DBSeller\1.00
2026-09-10 10:52:12 | INFO    | PipelineLogger.write | CLEANUP DIR REMOVE......: C:\Setups\.work\linkpagamento\Release\Xml\Movimento\NFSe\DBSeller\2.04
2026-09-10 10:52:12 | INFO    | PipelineLogger.write | CLEANUP DIR REMOVE......: C:\Setups\.work\linkpagamento\Release\Xml\Movimento\NFSe\DSF\1.00
2026-09-10 10:52:12 | INFO    | PipelineLogger.write | CLEANUP DIR REMOVE......: C:\Setups\.work\linkpagamento\Release\Xml\Movimento\NFSe\DSF\2.00
2026-09-10 10:52:12 | INFO    | PipelineLogger.write | CLEANUP DIR REMOVE......: C:\Setups\.work\linkpagamento\Release\Xml\Movimento\NFSe\DSF\2.03
2026-09-10 10:52:12 | INFO    | PipelineLogger.write | CLEANUP DIR REMOVE......: C:\Setups\.work\linkpagamento\Release\Xml\Movimento\NFSe\Equiplano\1.00
2026-09-10 10:52:12 | INFO    | PipelineLogger.write | CLEANUP DIR REMOVE......: C:\Setups\.work\linkpagamento\Release\Xml\Movimento\NFSe\Fiorilli\2.00
2026-09-10 10:52:12 | INFO    | PipelineLogger.write | CLEANUP DIR REMOVE......: C:\Setups\.work\linkpagamento\Release\Xml\Movimento\NFSe\Fiorilli\2.01
2026-09-10 10:52:12 | INFO    | PipelineLogger.write | CLEANUP DIR REMOVE......: C:\Setups\.work\linkpagamento\Release\Xml\Movimento\NFSe\Fisco\2.03
2026-09-10 10:52:12 | INFO    | PipelineLogger.write | CLEANUP DIR REMOVE......: C:\Setups\.work\linkpagamento\Release\Xml\Movimento\NFSe\FissLex\1.00
2026-09-10 10:52:12 | INFO    | PipelineLogger.write | CLEANUP DIR REMOVE......: C:\Setups\.work\linkpagamento\Release\Xml\Movimento\NFSe\Ginfes\1.00
2026-09-10 10:52:12 | INFO    | PipelineLogger.write | CLEANUP DIR REMOVE......: C:\Setups\.work\linkpagamento\Release\Xml\Movimento\NFSe\IPM\2.04
2026-09-10 10:52:12 | INFO    | PipelineLogger.write | CLEANUP DIR REMOVE......: C:\Setups\.work\linkpagamento\Release\Xml\Movimento\NFSe\ISSCuritiba\1.00
2026-09-10 10:52:12 | INFO    | PipelineLogger.write | CLEANUP DIR REMOVE......: C:\Setups\.work\linkpagamento\Release\Xml\Movimento\NFSe\ISSDSF\1.00
2026-09-10 10:52:13 | INFO    | PipelineLogger.write | CLEANUP DIR REMOVE......: C:\Setups\.work\linkpagamento\Release\Xml\Movimento\NFSe\ISSDSF\1.01
2026-09-10 10:52:13 | INFO    | PipelineLogger.write | CLEANUP DIR REMOVE......: C:\Setups\.work\linkpagamento\Release\Xml\Movimento\NFSe\ISSNet\1.00
2026-09-10 10:52:13 | INFO    | PipelineLogger.write | CLEANUP DIR REMOVE......: C:\Setups\.work\linkpagamento\Release\Xml\Movimento\NFSe\ISSNet\2.04
2026-09-10 10:52:13 | INFO    | PipelineLogger.write | CLEANUP DIR REMOVE......: C:\Setups\.work\linkpagamento\Release\Xml\Movimento\Cte\Schemas\2.00
2026-09-10 10:52:14 | INFO    | PipelineLogger.write | CLEANUP DIR REMOVE......: C:\Setups\.work\linkpagamento\Release\Xml\Movimento\Cte\Schemas\3.00
2026-09-10 10:52:14 | INFO    | PipelineLogger.write | CLEANUP DIR REMOVE......: C:\Setups\.work\linkpagamento\Release\Xml\Movimento\Cte\Schemas\4.00
2026-09-10 10:52:15 | INFO    | PipelineLogger.write | CLEANUP DIR REMOVE......: C:\Setups\.work\linkpagamento\Release\Xml\Movimento\Cte\Schemas
2026-09-10 10:52:15 | INFO    | PipelineLogger.write | CLEANUP DIR REMOVE......: C:\Setups\.work\linkpagamento\Release\Xml\Movimento\NFe\Schemas
2026-09-10 10:52:16 | INFO    | PipelineLogger.write | CLEANUP DIR REMOVE......: C:\Setups\.work\linkpagamento\Release\Xml\Movimento\NFSe\Abaco
2026-09-10 10:52:16 | INFO    | PipelineLogger.write | CLEANUP DIR REMOVE......: C:\Setups\.work\linkpagamento\Release\Xml\Movimento\NFSe\ABase
2026-09-10 10:52:17 | INFO    | PipelineLogger.write | CLEANUP DIR REMOVE......: C:\Setups\.work\linkpagamento\Release\Xml\Movimento\NFSe\ABRASF
2026-09-10 10:52:17 | INFO    | PipelineLogger.write | CLEANUP DIR REMOVE......: C:\Setups\.work\linkpagamento\Release\Xml\Movimento\NFSe\Betha
2026-09-10 10:52:17 | INFO    | PipelineLogger.write | CLEANUP DIR REMOVE......: C:\Setups\.work\linkpagamento\Release\Xml\Movimento\NFSe\BHISS
2026-09-10 10:52:18 | INFO    | PipelineLogger.write | CLEANUP DIR REMOVE......: C:\Setups\.work\linkpagamento\Release\Xml\Movimento\NFSe\Citta
2026-09-10 10:52:18 | INFO    | PipelineLogger.write | CLEANUP DIR REMOVE......: C:\Setups\.work\linkpagamento\Release\Xml\Movimento\NFSe\Conam
2026-09-10 10:52:18 | INFO    | PipelineLogger.write | CLEANUP DIR REMOVE......: C:\Setups\.work\linkpagamento\Release\Xml\Movimento\NFSe\Coplan
2026-09-10 10:52:18 | INFO    | PipelineLogger.write | CLEANUP DIR REMOVE......: C:\Setups\.work\linkpagamento\Release\Xml\Movimento\NFSe\DBSeller
2026-09-10 10:52:19 | INFO    | PipelineLogger.write | CLEANUP DIR REMOVE......: C:\Setups\.work\linkpagamento\Release\Xml\Movimento\NFSe\DSF
2026-09-10 10:52:19 | INFO    | PipelineLogger.write | CLEANUP DIR REMOVE......: C:\Setups\.work\linkpagamento\Release\Xml\Movimento\NFSe\Equiplano
2026-09-10 10:52:19 | INFO    | PipelineLogger.write | CLEANUP DIR REMOVE......: C:\Setups\.work\linkpagamento\Release\Xml\Movimento\NFSe\Fiorilli
2026-09-10 10:52:20 | INFO    | PipelineLogger.write | CLEANUP DIR REMOVE......: C:\Setups\.work\linkpagamento\Release\Xml\Movimento\NFSe\Fisco
2026-09-10 10:52:20 | INFO    | PipelineLogger.write | CLEANUP DIR REMOVE......: C:\Setups\.work\linkpagamento\Release\Xml\Movimento\NFSe\FissLex
2026-09-10 10:52:21 | INFO    | PipelineLogger.write | CLEANUP DIR REMOVE......: C:\Setups\.work\linkpagamento\Release\Xml\Movimento\NFSe\Ginfes
2026-09-10 10:52:21 | INFO    | PipelineLogger.write | CLEANUP DIR REMOVE......: C:\Setups\.work\linkpagamento\Release\Xml\Movimento\NFSe\IPM
2026-09-10 10:52:22 | INFO    | PipelineLogger.write | CLEANUP DIR REMOVE......: C:\Setups\.work\linkpagamento\Release\Xml\Movimento\NFSe\ISSCuritiba
2026-09-10 10:52:22 | INFO    | PipelineLogger.write | CLEANUP DIR REMOVE......: C:\Setups\.work\linkpagamento\Release\Xml\Movimento\NFSe\ISSDSF
2026-09-10 10:52:23 | INFO    | PipelineLogger.write | CLEANUP DIR REMOVE......: C:\Setups\.work\linkpagamento\Release\Xml\Movimento\NFSe\ISSNet
2026-09-10 10:52:23 | INFO    | PipelineLogger.write | CLEANUP DIR REMOVE......: C:\Setups\.work\linkpagamento\Release\Xml\Movimento\Cte
2026-09-10 10:52:24 | INFO    | PipelineLogger.write | CLEANUP DIR REMOVE......: C:\Setups\.work\linkpagamento\Release\Xml\Movimento\NFe
2026-09-10 10:52:24 | INFO    | PipelineLogger.write | CLEANUP DIR REMOVE......: C:\Setups\.work\linkpagamento\Release\Xml\Movimento\NFSe
2026-09-10 10:52:24 | INFO    | PipelineLogger.write | CLEANUP DIR REMOVE......: C:\Setups\.work\linkpagamento\Release\app.publish\Application Files\OuroNetWinServiceLinkPagamento_1_0_0_0
2026-09-10 10:52:25 | INFO    | PipelineLogger.write | CLEANUP DIR REMOVE......: C:\Setups\.work\linkpagamento\Release\app.publish\Application Files
2026-09-10 10:52:26 | INFO    | PipelineLogger.write | CLEANUP DIR REMOVE......: C:\Setups\.work\linkpagamento\Release\Xml\Movimento
2026-09-10 10:52:26 | INFO    | PipelineLogger.write | CLEANUP DIR REMOVE......: C:\Setups\.work\linkpagamento\Release\arm
2026-09-10 10:52:27 | INFO    | PipelineLogger.write | CLEANUP DIR REMOVE......: C:\Setups\.work\linkpagamento\Release\loongarch64
2026-09-10 10:52:27 | INFO    | PipelineLogger.write | CLEANUP DIR REMOVE......: C:\Setups\.work\linkpagamento\Release\musl-arm
2026-09-10 10:52:28 | INFO    | PipelineLogger.write | CLEANUP DIR REMOVE......: C:\Setups\.work\linkpagamento\Release\musl-arm64
2026-09-10 10:52:28 | INFO    | PipelineLogger.write | CLEANUP DIR REMOVE......: C:\Setups\.work\linkpagamento\Release\musl-loongarch64
2026-09-10 10:52:28 | INFO    | PipelineLogger.write | CLEANUP DIR REMOVE......: C:\Setups\.work\linkpagamento\Release\musl-riscv64
2026-09-10 10:52:29 | INFO    | PipelineLogger.write | CLEANUP DIR REMOVE......: C:\Setups\.work\linkpagamento\Release\musl-x64
2026-09-10 10:52:29 | INFO    | PipelineLogger.write | CLEANUP DIR REMOVE......: C:\Setups\.work\linkpagamento\Release\riscv64
2026-09-10 10:52:29 | INFO    | PipelineLogger.write | CLEANUP DIR REMOVE......: C:\Setups\.work\linkpagamento\Release\Xml
2026-09-10 10:52:30 | INFO    | PipelineLogger.write | CLEANUP DIR PRESERVE....: C:\Setups\.work\linkpagamento\Release\app.publish
2026-09-10 10:52:30 | INFO    | PipelineLogger.write | CLEANUP DIR PRESERVE....: C:\Setups\.work\linkpagamento\Release\arm64
2026-09-10 10:52:30 | INFO    | PipelineLogger.write | CLEANUP DIR PRESERVE....: C:\Setups\.work\linkpagamento\Release\x64
2026-09-10 10:52:30 | INFO    | PipelineLogger.write | CLEANUP DIR PRESERVE....: C:\Setups\.work\linkpagamento\Release\x86
2026-09-10 10:52:30 | INFO    | PipelineLogger.write | ================================================================================
2026-09-10 10:52:30 | INFO    | PipelineLogger.write | WORKSPACE - APOS CLEANUP
2026-09-10 10:52:30 | INFO    | PipelineLogger.write | Diretorio.............: C:\Setups\.work\linkpagamento\Release
2026-09-10 10:52:30 | INFO    | PipelineLogger.write | Diretorio existe......: True
2026-09-10 10:52:30 | INFO    | PipelineLogger.write | Arquivos..............: 72
2026-09-10 10:52:30 | INFO    | PipelineLogger.write | ARQUIVO...............: ADODB.dll
2026-09-10 10:52:30 | INFO    | PipelineLogger.write | ARQUIVO...............: app.publish\OuroNetWinServiceLinkPagamento.exe
2026-09-10 10:52:30 | INFO    | PipelineLogger.write | ARQUIVO...............: arm64\libSkiaSharp.dll
2026-09-10 10:52:30 | INFO    | PipelineLogger.write | ARQUIVO...............: BouncyCastle.Crypto.dll
2026-09-10 10:52:30 | INFO    | PipelineLogger.write | ARQUIVO...............: BouncyCastle.Cryptography.dll
2026-09-10 10:52:30 | INFO    | PipelineLogger.write | ARQUIVO...............: Custom.Framework.CommonFileDialogs.dll
2026-09-10 10:52:30 | INFO    | PipelineLogger.write | ARQUIVO...............: Custom.Framework.dll
2026-09-10 10:52:30 | INFO    | PipelineLogger.write | ARQUIVO...............: Custom.Framework.Entities.dll
2026-09-10 10:52:30 | INFO    | PipelineLogger.write | ARQUIVO...............: Custom.Framework.Services.dll
2026-09-10 10:52:30 | INFO    | PipelineLogger.write | ARQUIVO...............: Custom.Utilities.Security.EncryptionNET.dll
2026-09-10 10:52:31 | INFO    | PipelineLogger.write | ARQUIVO...............: DevExpress.Charts.v23.2.Core.dll
2026-09-10 10:52:32 | INFO    | PipelineLogger.write | ARQUIVO...............: DevExpress.CodeParser.v23.2.dll
2026-09-10 10:52:32 | INFO    | PipelineLogger.write | ARQUIVO...............: DevExpress.Data.Desktop.v23.2.dll
2026-09-10 10:52:32 | INFO    | PipelineLogger.write | ARQUIVO...............: DevExpress.Data.v23.2.dll
2026-09-10 10:52:32 | INFO    | PipelineLogger.write | ARQUIVO...............: DevExpress.DataAccess.v23.2.dll
2026-09-10 10:52:32 | INFO    | PipelineLogger.write | ARQUIVO...............: DevExpress.DataVisualization.v23.2.Core.dll
2026-09-10 10:52:32 | INFO    | PipelineLogger.write | ARQUIVO...............: DevExpress.Dialogs.v23.2.Core.dll
2026-09-10 10:52:32 | INFO    | PipelineLogger.write | ARQUIVO...............: DevExpress.Drawing.v23.2.dll
2026-09-10 10:52:32 | INFO    | PipelineLogger.write | ARQUIVO...............: DevExpress.Office.v23.2.Core.dll
2026-09-10 10:52:32 | INFO    | PipelineLogger.write | ARQUIVO...............: DevExpress.Pdf.v23.2.Core.dll
2026-09-10 10:52:32 | INFO    | PipelineLogger.write | ARQUIVO...............: DevExpress.Pdf.v23.2.Drawing.dll
2026-09-10 10:52:32 | INFO    | PipelineLogger.write | ARQUIVO...............: DevExpress.PivotGrid.v23.2.Core.dll
2026-09-10 10:52:32 | INFO    | PipelineLogger.write | ARQUIVO...............: DevExpress.Printing.v23.2.Core.dll
2026-09-10 10:52:32 | INFO    | PipelineLogger.write | ARQUIVO...............: DevExpress.RichEdit.v23.2.Core.dll
2026-09-10 10:52:32 | INFO    | PipelineLogger.write | ARQUIVO...............: DevExpress.Sparkline.v23.2.Core.dll
2026-09-10 10:52:32 | INFO    | PipelineLogger.write | ARQUIVO...............: DevExpress.Utils.v23.2.dll
2026-09-10 10:52:32 | INFO    | PipelineLogger.write | ARQUIVO...............: DevExpress.Xpo.v23.2.dll
2026-09-10 10:52:32 | INFO    | PipelineLogger.write | ARQUIVO...............: DevExpress.XtraBars.v23.2.dll
2026-09-10 10:52:32 | INFO    | PipelineLogger.write | ARQUIVO...............: DevExpress.XtraCharts.v23.2.dll
2026-09-10 10:52:32 | INFO    | PipelineLogger.write | ARQUIVO...............: DevExpress.XtraDialogs.v23.2.dll
2026-09-10 10:52:33 | INFO    | PipelineLogger.write | ARQUIVO...............: DevExpress.XtraEditors.v23.2.dll
2026-09-10 10:52:33 | INFO    | PipelineLogger.write | ARQUIVO...............: DevExpress.XtraGauges.v23.2.Core.dll
2026-09-10 10:52:33 | INFO    | PipelineLogger.write | ARQUIVO...............: DevExpress.XtraGrid.v23.2.dll
2026-09-10 10:52:33 | INFO    | PipelineLogger.write | ARQUIVO...............: DevExpress.XtraLayout.v23.2.dll
2026-09-10 10:52:33 | INFO    | PipelineLogger.write | ARQUIVO...............: DevExpress.XtraPrinting.v23.2.dll
2026-09-10 10:52:33 | INFO    | PipelineLogger.write | ARQUIVO...............: DevExpress.XtraReports.v23.2.dll
2026-09-10 10:52:34 | INFO    | PipelineLogger.write | ARQUIVO...............: DevExpress.XtraTreeList.v23.2.dll
2026-09-10 10:52:34 | INFO    | PipelineLogger.write | ARQUIVO...............: FileHelpers.dll
2026-09-10 10:52:34 | INFO    | PipelineLogger.write | ARQUIVO...............: Framawork.DFe.Classes.dll
2026-09-10 10:52:34 | INFO    | PipelineLogger.write | ARQUIVO...............: Framawork.DFe.Utils.dll
2026-09-10 10:52:34 | INFO    | PipelineLogger.write | ARQUIVO...............: Framawork.DFe.Wsdl.dll
2026-09-10 10:52:34 | INFO    | PipelineLogger.write | ARQUIVO...............: Framework.NFe.Classes.dll
2026-09-10 10:52:34 | INFO    | PipelineLogger.write | ARQUIVO...............: Framework.NFe.Servicos.dll
2026-09-10 10:52:34 | INFO    | PipelineLogger.write | ARQUIVO...............: Framework.NFe.Utils.dll
2026-09-10 10:52:34 | INFO    | PipelineLogger.write | ARQUIVO...............: Framework.NFe.Wsdl.dll
2026-09-10 10:52:34 | INFO    | PipelineLogger.write | ARQUIVO...............: MailKit.dll
2026-09-10 10:52:34 | INFO    | PipelineLogger.write | ARQUIVO...............: Microsoft.Extensions.Logging.Abstractions.dll
2026-09-10 10:52:34 | INFO    | PipelineLogger.write | ARQUIVO...............: MimeKit.dll
2026-09-10 10:52:34 | INFO    | PipelineLogger.write | ARQUIVO...............: Newtonsoft.Json.dll
2026-09-10 10:52:34 | INFO    | PipelineLogger.write | ARQUIVO...............: NPOI.dll
2026-09-10 10:52:34 | INFO    | PipelineLogger.write | ARQUIVO...............: NPOI.OOXML.dll
2026-09-10 10:52:34 | INFO    | PipelineLogger.write | ARQUIVO...............: NPOI.OpenXml4Net.dll
2026-09-10 10:52:34 | INFO    | PipelineLogger.write | ARQUIVO...............: NPOI.OpenXmlFormats.dll
2026-09-10 10:52:34 | INFO    | PipelineLogger.write | ARQUIVO...............: OuroNet.Client.WinService.Business.dll
2026-09-10 10:52:34 | INFO    | PipelineLogger.write | ARQUIVO...............: OuroNet.Server.Common.dll
2026-09-10 10:52:34 | INFO    | PipelineLogger.write | ARQUIVO...............: OuroNet.Server.Entities.dll
2026-09-10 10:52:35 | INFO    | PipelineLogger.write | ARQUIVO...............: OuroNet.Server.ServiceInterfaces.dll
2026-09-10 10:52:35 | INFO    | PipelineLogger.write | ARQUIVO...............: OuroNetWinServiceLinkPagamento.exe
2026-09-10 10:52:35 | INFO    | PipelineLogger.write | ARQUIVO...............: OuroNetWinServiceLinkPagamento.exe.config
2026-09-10 10:52:35 | INFO    | PipelineLogger.write | ARQUIVO...............: protobuf-net.dll
2026-09-10 10:52:35 | INFO    | PipelineLogger.write | ARQUIVO...............: Quartz.dll
2026-09-10 10:52:35 | INFO    | PipelineLogger.write | ARQUIVO...............: System.Buffers.dll
2026-09-10 10:52:35 | INFO    | PipelineLogger.write | ARQUIVO...............: System.Diagnostics.DiagnosticSource.dll
2026-09-10 10:52:35 | INFO    | PipelineLogger.write | ARQUIVO...............: System.Formats.Asn1.dll
2026-09-10 10:52:35 | INFO    | PipelineLogger.write | ARQUIVO...............: System.Memory.dll
2026-09-10 10:52:36 | INFO    | PipelineLogger.write | ARQUIVO...............: System.Numerics.Vectors.dll
2026-09-10 10:52:37 | INFO    | PipelineLogger.write | ARQUIVO...............: System.Runtime.CompilerServices.Unsafe.dll
2026-09-10 10:52:37 | INFO    | PipelineLogger.write | ARQUIVO...............: System.Threading.Tasks.Extensions.dll
2026-09-10 10:52:37 | INFO    | PipelineLogger.write | ARQUIVO...............: x64\libSkiaSharp.dll
2026-09-10 10:52:37 | INFO    | PipelineLogger.write | ARQUIVO...............: x64\SQLite.Interop.dll
2026-09-10 10:52:37 | INFO    | PipelineLogger.write | ARQUIVO...............: x86\libSkiaSharp.dll
2026-09-10 10:52:37 | INFO    | PipelineLogger.write | ARQUIVO...............: x86\SQLite.Interop.dll
2026-09-10 10:52:37 | INFO    | PipelineLogger.write | ================================================================================
2026-09-10 10:52:38 | INFO    | PipelineLogger.write | SETUP DIAGNOSTICO - SOURCEPATH DO AIP ATUALIZADO
2026-09-10 10:52:38 | INFO    | PipelineLogger.write | AIP...................: C:\Setups\.work\linkpagamento\AIP\OuroNet.WinServiceLinkPagamento.aip
2026-09-10 10:52:38 | INFO    | PipelineLogger.write | SourcePath...........: C:\Setups\.work\linkpagamento\Release
